label,insect_id,segment,start,end,absBandRatio_50_100,absBandRatio_100_150,absBandRatio_150_200,absBandRatio_200_250,absBandRatio_250_300,absBandRatio_300_350,absBandRatio_350_400,absBandRatio_400_450,absBandRatio_450_500,absBandRatio_500_600,absBandRatio_600_800,bandRatio_150_350,bandRatio_200_300,bandRatio_350_800,lowHighRatio_150_350_to_350_800,spectral_entropy_mean,spectral_entropy_median,spectral_entropy_std,spectral_flatness_mean,spectral_flatness_median,spectral_flatness_std,spectral_centroid_mean,spectral_centroid_median,spectral_centroid_std,spectral_bandwidth_mean,spectral_bandwidth_median,spectral_bandwidth_std,spectral_bandwidth_max,spectral_bandwidth_p95,ridge_freq_mean,ridge_freq_median,ridge_freq_std,ridge_freq_range,ridge_freq_mean_abs_diff,mfcc_00_mean,mfcc_00_std,mfcc_00_median,mfcc_01_mean,mfcc_01_std,mfcc_01_median,mfcc_02_mean,mfcc_02_std,mfcc_02_median,mfcc_03_mean,mfcc_03_std,mfcc_03_median,mfcc_04_mean,mfcc_04_std,mfcc_04_median,mfcc_05_mean,mfcc_05_std,mfcc_05_median,mfcc_06_mean,mfcc_06_std,mfcc_06_median,mfcc_07_mean,mfcc_07_std,mfcc_07_median
bee,bee_01,3,235,264,0.059641285,0.073066755,0.088969119,0.076485995,0.111471652,0.115801813,0.111480474,0.099021717,0.06278446,0.11627287,0.08500386,0.392728579,0.187957647,0.474563381,0.827557697,0.937260192,0.941844823,0.048716258,0.725456657,0.740415388,0.212856628,361.4861114,375.8066702,87.03228523,165.2606658,163.8328931,34.97538383,226.9585107,217.8291412,330.6597705,329.919764,190.6764448,739.02027,75.28169147,10.72537167,4.96241363,12.16404254,1.45770618,2.502614206,0.797907282,-1.451696212,1.481191481,-0.907760804,-0.073474605,0.666024297,-0.109053527,-0.192280312,0.410649746,-0.155405518,-0.004722098,0.227565934,-0.018797729,-0.095652657,0.150390257,-0.069594175,0.000332519,0.096446649,0.003001374
bee,bee_01,3,245,274,0.075957406,0.086999837,0.097908563,0.078622993,0.10809223,0.10730634,0.101294617,0.090068072,0.057707273,0.109048689,0.08699398,0.391930126,0.186715223,0.445112631,0.880518994,0.942724623,0.957513536,0.050812438,0.757665154,0.833866884,0.215182065,352.5286683,351.9228064,88.52442445,176.4583139,190.4546987,35.44797627,222.9869857,217.3044599,293.1660852,263.935811,215.7384184,739.02027,90.57797142,10.09232024,4.862221022,9.9389755,1.594752129,2.442588991,1.316981971,-0.984629403,1.326902084,-0.537835013,-0.144367978,0.58621624,-0.196125551,-0.165828231,0.340076503,-0.101100011,0.005899983,0.18458841,-0.004418133,-0.081893667,0.130655062,-0.052092245,-0.005172994,0.090475089,-0.000328779
bee,bee_01,3,260,289,0.116731902,0.1354206,0.147173231,0.108629165,0.129184523,0.101925795,0.073395151,0.050594879,0.027697425,0.050938211,0.058309118,0.486912714,0.237813688,0.260934784,1.866032216,0.927129406,0.951328563,0.059908031,0.706840812,0.796347546,0.237461718,300.7764187,301.6500072,84.0495762,170.4841401,172.0374631,34.86136567,227.4292239,212.4205983,213.738673,197.951858,180.2144211,739.02027,81.18025695,11.2385544,4.993717427,10.77413641,2.857008781,2.394131698,2.475330145,-0.631670171,0.667329317,-0.603985357,-0.456277504,0.496133662,-0.343013832,-0.064205076,0.297219956,-0.082047371,-0.004745141,0.143357516,0.016203649,-0.091586367,0.114763105,-0.074492157,-0.009533335,0.088439498,-0.003056777
bee,bee_01,3,275,304,0.113864704,0.133290027,0.146185955,0.108707088,0.130117612,0.103247942,0.074550695,0.051338515,0.028015233,0.051386186,0.059296043,0.488258597,0.2388247,0.264586672,1.845363541,0.940412156,0.960911902,0.059509451,0.760644193,0.839413996,0.236334408,341.230924,341.4194751,99.46017132,178.5183974,179.822263,34.70213418,229.6349712,219.498296,304.2661894,250.73902,231.6183346,739.02027,97.07639104,9.249767658,5.805561544,8.022630599,2.045569302,2.612214822,1.587566805,-0.578417359,0.665403231,-0.5416119,-0.378857074,0.498652092,-0.26911453,-0.075500673,0.245307399,-0.096330063,-0.013989376,0.131255634,-0.015274154,-0.081954698,0.119371988,-0.060802708,-0.009045288,0.075520089,-0.008328751
bee,bee_01,3,1250,1279,0.133175737,0.154889462,0.165670009,0.118616966,0.13461036,0.098622177,0.064466728,0.039773277,0.019890069,0.033929826,0.036355389,0.517519512,0.253227326,0.194415289,2.661928047,0.934134693,0.945776988,0.055742277,0.729945314,0.77941672,0.231941034,310.3649219,295.3225714,85.44233338,175.54933,185.0804011,34.48208042,233.5016908,215.2429039,218.4253836,197.951858,174.768685,739.02027,74.68183747,9.623269015,5.567120425,8.355690619,2.644707583,2.453017063,2.560392837,-0.637261675,0.7038926,-0.549766922,-0.360214275,0.475750594,-0.310422754,-0.063532865,0.252051522,-0.106689185,-0.022794138,0.145602557,-0.02040109,-0.074240661,0.112691956,-0.053076133,-0.002183206,0.074701966,-0.004836941
bee,bee_01,3,1265,1294,0.146757109,0.166755815,0.173697253,0.121136909,0.133335562,0.093648457,0.058174229,0.033962285,0.016302201,0.027232483,0.028997697,0.521818181,0.254472471,0.164668894,3.168893454,0.895353829,0.895772991,0.054060401,0.574991862,0.594902176,0.225112551,252.319789,243.9790724,50.73899957,151.8903656,156.6633235,33.91494808,226.9006855,201.3383192,153.1814379,171.558277,69.34798601,369.510135,60.68524142,12.68633373,4.864617079,12.69871699,4.322475051,2.10509112,4.012583968,-0.682470874,0.834724249,-0.620064583,-0.530265491,0.54750663,-0.471529931,0.003646138,0.327433321,-0.042949254,0.005047624,0.185424933,0.023518402,-0.104796438,0.137058582,-0.069389141,0.017127086,0.115875305,0.014099373
bee,bee_01,3,1280,1309,0.167410758,0.177050701,0.172836193,0.114968375,0.121982255,0.083330502,0.051672242,0.031329434,0.016021419,0.029100339,0.034297783,0.493117325,0.23695063,0.162421217,3.036040083,0.887169699,0.884051396,0.052207212,0.558743442,0.561818278,0.204329353,240.2688192,234.8262272,46.02095074,151.8461183,151.6840503,31.33222596,223.0480176,199.9733739,128.3912051,145.164696,62.6619721,290.329392,57.78594658,12.2368922,4.183719694,11.73803498,4.435780328,1.828547337,4.291486239,-0.383773937,0.7687377,-0.418198564,-0.524177984,0.538210288,-0.428068225,-0.058566616,0.31049125,-0.07053565,0.054682574,0.180961932,0.055555757,-0.087881861,0.123835375,-0.05681366,-0.007230155,0.105485591,0.003743871
bee,bee_01,3,1325,1354,0.084149455,0.100832876,0.115735873,0.092230516,0.123206124,0.116493884,0.103738472,0.086301847,0.051471735,0.083415239,0.04242398,0.447666396,0.21543664,0.367351273,1.218633033,0.900468116,0.898879566,0.05245673,0.561442912,0.548098136,0.231000347,296.7661276,295.7851462,85.54165044,140.8519982,130.894464,33.50563002,229.8606804,207.314116,238.2822367,224.345439,126.8895211,488.28125,56.2863112,15.685137,6.559787175,17.10914979,3.211535288,3.231727752,3.278880476,-1.822348982,1.57886512,-1.757605971,-0.010969554,0.736709593,-0.074883456,-0.138608036,0.447102103,-0.122071152,-0.040124727,0.289780371,-0.025790538,-0.065878055,0.176983335,-0.042931205,-0.006306082,0.119189298,-0.001154454
bee,bee_01,3,1340,1369,0.121281276,0.144933186,0.160279554,0.118826846,0.140484551,0.108534969,0.074682778,0.047273129,0.022998972,0.034001785,0.026702953,0.528125921,0.259311398,0.205659617,2.567961219,0.878788029,0.874202268,0.050313409,0.47435502,0.434734133,0.214953317,248.9469192,240.3478125,57.24147382,131.8363837,131.0892001,29.21833457,227.748745,184.927967,188.7017713,184.755068,86.159567,422.297297,46.98857242,17.37828297,4.37262471,18.37991463,4.964416509,2.476283777,5.012436983,-1.568752154,1.358039931,-1.794147262,-0.331349637,0.705013641,-0.286210464,0.00293762,0.445388655,-0.043361717,-0.087132806,0.283706111,-0.042835273,-0.078123444,0.203598845,-0.068631071,0.006485151,0.145858528,0.00922703
bee,bee_01,3,1370,1399,0.147261238,0.1570229,0.156654414,0.107785442,0.120400952,0.089507842,0.062073526,0.042431207,0.023515136,0.044064028,0.049283316,0.474348651,0.228186394,0.221367212,2.142813503,0.896278293,0.890267845,0.054585627,0.593535659,0.564322927,0.211295648,250.4089955,236.8230126,53.82966623,154.7613486,157.5537721,31.70252292,228.9452387,204.9768349,143.4380131,171.558277,74.5440979,250.73902,51.88738103,12.79037667,4.781192958,11.98721668,4.082804464,1.879173436,4.249874865,-0.463285582,0.667910417,-0.477275667,-0.518467773,0.599554645,-0.363223168,-0.071058515,0.23121355,-0.084208388,0.083106874,0.169070925,0.059056428,-0.114571953,0.134913633,-0.071625404,-0.011119867,0.096815818,0.015803243
bee,bee_01,3,1385,1414,0.126426127,0.146455043,0.156578377,0.112582813,0.129251466,0.097347759,0.067033795,0.044834518,0.024339264,0.044934676,0.050216162,0.495760415,0.241834279,0.231358415,2.14282422,0.88707631,0.884950567,0.053626718,0.562263785,0.554015947,0.201804055,243.5853549,234.8359641,51.15267546,149.5086463,149.764854,32.27083592,233.9136853,209.3219035,142.0813337,158.361486,70.05522828,263.935811,50.0878187,12.92517875,4.775552838,12.50648623,4.32921615,1.808607048,4.395024608,-0.404207704,0.736532144,-0.455116974,-0.593896938,0.582298507,-0.446298749,-0.066381144,0.241532927,-0.040444112,0.069026818,0.177207953,0.043989977,-0.111652486,0.138242124,-0.094301057,-0.020774919,0.097103921,0.00514913
bee,bee_01,3,1415,1444,0.122476775,0.139700927,0.149095241,0.108728634,0.129012639,0.103305407,0.07689939,0.054709902,0.029773798,0.048311484,0.037985803,0.490141922,0.237741274,0.247680376,1.978929171,0.888331408,0.885712584,0.045217829,0.535325353,0.536611795,0.185765114,247.7984463,239.1894868,46.64996081,144.3802243,146.4347919,26.64858618,214.5954168,183.1168975,168.7215837,184.755068,84.9334163,448.690879,53.98687044,14.36608278,4.439234407,14.40899869,4.479207152,1.794134489,4.502935148,-1.033080347,1.185728871,-0.995368491,-0.347740201,0.684329811,-0.328171639,-0.062929959,0.327553878,-0.034971744,-0.003273003,0.218541487,0.004594689,-0.083476053,0.158760323,-0.063808141,-0.006708176,0.112402768,0.004561664
bee,bee_01,3,1445,1474,0.143999112,0.157583509,0.162104008,0.114714799,0.131383272,0.099179228,0.067428633,0.042469794,0.020661346,0.031277387,0.029198912,0.507381308,0.246098072,0.191036071,2.65594505,0.939196587,0.965650468,0.061638684,0.74827571,0.856099898,0.258952287,339.0869004,334.9516349,100.538663,180.4566487,191.8177697,37.68250843,229.8316653,220.6778888,285.7660157,224.345439,236.1874862,739.02027,111.7728169,9.743918766,6.74317248,7.346307711,2.215729949,2.888620943,1.699503614,-0.614468313,0.929342917,-0.505251705,-0.262045005,0.507510404,-0.216698692,-0.033182937,0.253512767,-0.03450024,-0.04687104,0.179968639,-0.033019329,-0.044205297,0.114240292,-0.044118642,-0.0098858,0.095319451,-0.012164594
bee,bee_01,3,1475,1504,0.090471497,0.10610129,0.115893475,0.086002644,0.104117193,0.086714214,0.070029661,0.058064686,0.038700584,0.092627881,0.151276875,0.392727526,0.190119837,0.410699687,0.956240141,0.973035232,0.986932538,0.032427099,0.893480832,0.942254909,0.122936918,383.418069,391.4877307,75.99635119,200.3629726,201.4130895,18.87300882,236.8086124,221.7131989,316.8463074,237.54223,226.569022,739.02027,105.2743973,5.416130983,2.322577837,4.742262754,0.857942426,1.663384473,0.631603124,-0.259801546,0.473785734,-0.298649464,-0.278369891,0.364985395,-0.228456525,-0.127322726,0.167305525,-0.116046149,-0.019204673,0.094555921,-0.022032289,-0.04275356,0.069054866,-0.037661805,-0.026141193,0.04306328,-0.019113371
bee,bee_01,3,1520,1549,0.143203671,0.161546246,0.168480596,0.118573973,0.132755085,0.095962636,0.061855721,0.03743489,0.018270013,0.030107547,0.031809625,0.515772289,0.251329058,0.179477795,2.873738726,0.90671022,0.907098211,0.054744546,0.622704443,0.644369757,0.231721626,263.3333957,257.6350685,59.94846663,162.0009744,164.0932121,35.32515778,222.4381486,214.1961357,153.3047724,171.558277,94.95523203,554.265203,64.38434176,12.36622652,5.860148839,10.98986672,3.878917029,2.294710095,3.512590079,-0.603637852,0.979014119,-0.576566656,-0.455400158,0.53873954,-0.419429385,-0.029677765,0.329196725,-0.061672777,-0.011511449,0.207986464,0.013639015,-0.074133179,0.140251877,-0.050936562,0.001163161,0.10668187,0.002602034
bee,bee_01,3,1550,1579,0.150379384,0.159429624,0.159345533,0.11049694,0.124693599,0.093279046,0.063807704,0.041562646,0.021486765,0.03659407,0.03892469,0.487815117,0.235190539,0.202375875,2.410441057,0.898365538,0.894186654,0.058095338,0.586467194,0.593569764,0.237554931,254.1596738,242.7239925,60.95142018,153.5022305,152.3058408,37.90809884,228.9057236,220.0410078,136.4079471,171.558277,112.0651388,739.02027,60.98516852,13.53328668,5.412909502,14.03137216,4.200997957,2.245165729,4.095872153,-0.66798046,0.812447858,-0.678820386,-0.44533133,0.589970089,-0.332419063,0.044172382,0.265379196,0.023977092,0.000527824,0.18173933,0.025457733,-0.0964422,0.129583926,-0.059381874,0.019658173,0.07267251,0.02447751
bee,bee_01,3,1580,1609,0.158433715,0.165800618,0.162792618,0.110789594,0.122480331,0.089478791,0.060040231,0.038774546,0.020120882,0.034721337,0.036567337,0.485541335,0.233269926,0.190224333,2.552467012,0.875516621,0.869679431,0.052742173,0.510492096,0.502662909,0.201674845,234.4371572,227.9114818,46.43090358,141.6106341,145.6628266,28.49729153,205.4688322,189.413963,139.2446403,171.558277,74.82370427,290.329392,54.78667598,14.64029562,5.057807773,13.78266163,4.822410182,1.964351857,4.654945201,-0.627018542,0.892935919,-0.466077656,-0.565390756,0.617070874,-0.446692165,-0.017203059,0.34047736,-0.037014018,0.039623019,0.207292798,0.036899602,-0.112207538,0.14483007,-0.085673149,0.005888312,0.111951866,0.017624559
bee,bee_01,3,1610,1639,0.13133406,0.151993649,0.16330421,0.118261934,0.136462061,0.102152156,0.067877075,0.041770416,0.020324996,0.032744114,0.03377533,0.520180362,0.254723996,0.196491929,2.64733704,0.905831552,0.904248759,0.052820611,0.616720364,0.597746795,0.220540683,262.8804987,254.0306431,64.04125866,157.6227171,154.8677724,35.26211946,233.482366,215.677826,160.4581728,171.558277,141.1042575,739.02027,65.88397711,12.09459596,5.204038114,11.75184543,3.828506223,2.133668557,3.86631905,-0.695660782,0.905675555,-0.575587694,-0.444793104,0.557674779,-0.362459847,0.021613496,0.298725682,-0.005267435,-0.028081239,0.190543824,-0.008670032,-0.090134863,0.1309156,-0.058394564,0.014938279,0.092113835,0.011828386
bee,bee_01,3,1685,1714,0.143549688,0.147305997,0.141797477,0.095432219,0.106060467,0.080896603,0.060367018,0.046398498,0.028856936,0.062236228,0.087098869,0.424186766,0.201492686,0.284957548,1.48859635,0.950630851,0.961415387,0.037489151,0.808989918,0.852093148,0.137886625,315.5966169,320.1231017,52.28223186,189.0014203,189.4483236,21.11506836,226.7211025,219.6779559,169.0915872,184.755068,75.42080615,316.722973,54.98662723,7.92581351,2.593918928,7.677496353,2.22804975,1.228458806,1.988654474,-0.312991508,0.6064322,-0.324914997,-0.338126284,0.432623582,-0.30777244,-0.162139602,0.206000803,-0.132280462,-0.000219274,0.141792718,0.003121563,-0.055066393,0.076165249,-0.046450804,-0.028001111,0.064475065,-0.022271844
bee,bee_01,3,2645,2674,0.043748685,0.057334114,0.07717083,0.073438886,0.118420314,0.135095954,0.137466616,0.122628863,0.074116384,0.11376532,0.046814033,0.404125984,0.1918592,0.494791217,0.816760626,0.914229554,0.910135125,0.041696588,0.608743528,0.598783939,0.191655493,320.3183604,328.8445753,66.09459352,144.8631925,141.8612817,29.97467829,219.2471181,205.8210773,265.1691558,277.132601,126.6387341,541.068412,56.58623824,17.84867286,4.772778848,18.15222237,2.613154739,2.179454119,2.464828827,-2.175546517,1.757553696,-2.027901113,0.228453253,0.781372095,0.306366986,-0.346957933,0.522615427,-0.257989482,0.025087123,0.253677953,0.022915446,-0.118318008,0.204554691,-0.066286803,-0.005816371,0.120709203,-0.005534788
bee,bee_01,3,2660,2689,0.100245761,0.113157515,0.122860585,0.093582222,0.11947651,0.107261438,0.09129144,0.073921057,0.044095974,0.076304962,0.057802534,0.443180756,0.213058733,0.343415968,1.290507133,0.922416448,0.925269086,0.039155656,0.668173295,0.678800081,0.163720578,308.8144293,306.2750434,62.56506295,154.6402001,152.0132816,26.89317975,220.7244185,207.2419705,253.945717,237.54223,119.8573218,514.674831,51.78740531,14.41174039,3.162899966,13.95863265,2.68326506,1.870128546,2.589352185,-1.529055969,1.321590526,-1.551402311,-0.061846301,0.675434813,-0.001482808,-0.179048461,0.356511281,-0.151052866,-0.037563661,0.200648479,-0.024762331,-0.064430978,0.121080469,-0.053180882,-0.031304513,0.071440796,-0.022054867
bee,bee_01,3,2720,2749,0.064060821,0.082762787,0.104914965,0.091097914,0.129876339,0.127128837,0.112240506,0.09037892,0.052650621,0.087983754,0.056904537,0.453018054,0.220974252,0.400158338,1.132096999,0.933485654,0.938081581,0.038451171,0.714497832,0.741148977,0.175473841,326.0516236,326.7378867,69.06946708,166.2987414,164.2528204,32.08038509,230.5178741,219.6794678,235.9388813,224.345439,137.2651194,567.461993,56.68621392,13.12082346,5.345839864,11.51097863,2.018110985,2.188571156,1.973640429,-1.278718986,1.456034663,-1.075531123,-0.067729368,0.704120963,-0.136941851,-0.181555179,0.375705802,-0.120759004,0.023673978,0.235582296,0.022277333,-0.085976148,0.171721183,-0.055708858,0.013292305,0.104090013,0.014843208
bee,bee_01,3,2750,2779,0.130328799,0.145980169,0.153135075,0.11000518,0.128233023,0.099928647,0.07173882,0.049064929,0.026054628,0.043270988,0.042259742,0.491301925,0.238238203,0.232389107,2.114134911,0.921556062,0.926967022,0.050132983,0.67321487,0.707198365,0.215730019,288.9308505,280.2238338,65.31152707,166.9489809,174.6728753,34.8027923,224.0945214,215.4012325,181.1783673,184.755068,116.0236928,725.82348,69.48310179,12.58791216,4.631902491,13.80211289,3.174875344,2.109712668,3.03007498,-0.842099943,1.120971153,-0.632083784,-0.26762906,0.64530879,-0.292389752,-0.037003435,0.294509731,-0.064245799,-0.048534413,0.182072635,-0.039113017,-0.057122961,0.123576342,-0.038928522,-0.004821694,0.088386926,-0.007014152
bee,bee_01,3,2810,2839,0.07305691,0.093930466,0.113711389,0.09294397,0.124423675,0.115371571,0.100011392,0.082476182,0.050372814,0.090524365,0.063177265,0.446450605,0.217367645,0.386562019,1.154926203,0.912926348,0.913840853,0.045180409,0.632638782,0.638370082,0.188776448,285.3381268,283.8295429,65.59150285,155.283073,156.7238135,26.78159124,215.215535,206.1812202,210.6553107,197.951858,111.0445448,527.871622,54.28679746,15.26773382,4.754852585,14.3156529,3.249118221,1.978225524,3.243443455,-1.1495792,1.374063153,-0.933005645,-0.255613132,0.740161818,-0.272306803,-0.198378104,0.441795325,-0.135360974,0.015493842,0.222027707,0.015073881,-0.101078944,0.19133607,-0.090963145,-0.013502047,0.124883819,-0.006376455
bee,bee_01,3,2825,2854,0.088088563,0.104677593,0.118811663,0.093146243,0.121211183,0.110318962,0.094969377,0.078236884,0.047747939,0.085284726,0.057506867,0.443488052,0.214357426,0.363745793,1.21922524,0.912697487,0.91653547,0.043861204,0.629040641,0.657198658,0.191973257,281.9007685,271.0971865,62.79913446,158.3042531,160.4789802,29.82570585,228.0064487,202.6362845,188.9484402,184.755068,122.5568506,501.478041,60.78521703,14.99142654,5.282742105,14.44429494,3.343988364,2.029156595,3.289197523,-1.097715823,1.429866437,-0.795499218,-0.11544279,0.753504643,-0.075948604,-0.193903931,0.426416117,-0.103650681,-0.001454862,0.215386023,0.010607156,-0.083865846,0.186912955,-0.059784718,-0.008446975,0.117751771,0.001053119
bee,bee_01,3,2855,2884,0.151632361,0.160960707,0.159662272,0.109125011,0.120771779,0.0884567,0.060195991,0.040412325,0.022182002,0.041415322,0.04518553,0.478015762,0.22989679,0.20939117,2.282884049,0.889933956,0.892296255,0.054986481,0.574359882,0.592660151,0.210475461,243.8035731,234.8273276,55.04994641,153.2442548,155.3782087,32.19194822,221.2738389,203.631443,131.4745674,145.164696,106.9895057,739.02027,63.38458496,13.55154715,5.372866284,12.70257011,4.217662239,1.905411677,3.990264367,-0.368848514,0.748333473,-0.352087153,-0.480050851,0.609743276,-0.33838013,-0.101450013,0.267860144,-0.089460542,0.084018464,0.161515843,0.06550917,-0.110206422,0.13858846,-0.077830578,-0.003498149,0.087804902,0.01386666
bee,bee_01,3,2885,2914,0.11549523,0.141633488,0.15997967,0.120214829,0.1432179,0.110669392,0.075240976,0.046476138,0.022079474,0.033008764,0.031984139,0.534081791,0.263432729,0.208789491,2.557991731,0.899973239,0.899606553,0.043892741,0.589617481,0.598338107,0.19006283,254.9707665,251.129112,40.61278778,154.3312742,157.7275622,29.88205108,221.7650273,199.3075903,160.0881693,171.558277,69.33236748,277.132602,52.18730811,12.6490383,4.637205032,12.19168804,4.118986705,1.697142615,3.856841128,-0.787077187,1.057042249,-0.674931738,-0.416630289,0.554803988,-0.367320264,-0.047874059,0.289089339,-0.037601297,-0.017522125,0.22919507,-0.00274685,-0.069306086,0.154707129,-0.056199279,-0.018906234,0.095222965,-0.003150524
bee,bee_01,3,2915,2944,0.105264874,0.125312866,0.142778343,0.111582853,0.141908166,0.120733213,0.091183693,0.061425547,0.030026477,0.040582285,0.029201684,0.517002574,0.253491018,0.252419685,2.04818643,0.894830262,0.890688214,0.049786241,0.549698328,0.535246884,0.21715706,263.2804541,261.5511549,55.4267334,143.2729638,141.8186456,29.59389784,215.7081873,194.2171635,190.1817851,197.951858,87.48090186,369.510135,50.1877944,14.97769364,4.773693478,14.65468768,4.249741821,2.189246308,4.237524264,-1.379904848,1.388042699,-1.182061001,-0.316940617,0.709875104,-0.284414213,-0.074245116,0.296726617,-0.062361048,-0.022664269,0.256060128,-0.009699074,-0.072905459,0.187406273,-0.071516245,-0.032594643,0.131856595,-0.006095311
bee,bee_01,3,2945,2974,0.142418309,0.153894849,0.154263436,0.105707018,0.116883581,0.085733949,0.059188477,0.041266044,0.02388194,0.049183718,0.06757868,0.462587984,0.222590599,0.241098859,1.918665173,0.926062266,0.937975109,0.061518138,0.72150162,0.749724777,0.223843392,303.188551,281.8807007,92.77917957,175.8019504,175.7338734,32.67442934,229.7633239,222.3287567,197.5818546,184.755068,200.6931687,739.02027,99.37583182,8.845395255,3.761684694,8.885713466,2.6397643,2.235793711,2.858727486,-0.200654523,0.638154586,-0.193411595,-0.430152658,0.496022616,-0.336588938,-0.088064796,0.218512224,-0.07742199,0.034514855,0.168407154,0.027383237,-0.065245114,0.10191553,-0.048008022,-0.025990233,0.066269934,-0.015387228
bee,bee_01,3,2960,2989,0.137879187,0.149485784,0.150441918,0.1035255,0.115117055,0.08525568,0.059749486,0.042521589,0.025093602,0.0529867,0.077943499,0.454340153,0.218642555,0.258294876,1.758997935,0.949931162,0.978695565,0.05504825,0.806852962,0.915192709,0.205392714,345.3746248,354.2836636,89.4403611,189.7798018,195.2582273,31.73279165,243.2699692,229.1690176,242.4756094,197.951858,220.4664151,739.02027,126.369267,7.182846195,3.487982646,6.429149654,1.818413095,2.155911473,1.246912535,-0.258861748,0.582531041,-0.211546759,-0.354496836,0.46536307,-0.309276175,-0.078748659,0.19911964,-0.087810534,-0.013258504,0.126996079,-0.017753277,-0.052831804,0.083620207,-0.038014628,-0.020936157,0.059412486,-0.013602664
bee,bee_01,3,2990,3019,0.165196212,0.172062908,0.166062145,0.110059776,0.117479408,0.082226707,0.053669318,0.035081556,0.019099839,0.035800573,0.043261557,0.475828036,0.227539184,0.186912843,2.545721459,0.90688818,0.909979552,0.051866812,0.640515095,0.663350402,0.196507473,260.8696243,256.9927821,54.60155019,164.534091,168.5244958,31.4716027,232.5811577,212.0703851,142.0813337,158.361486,102.7027244,739.02027,59.18560617,10.32998693,4.050811467,9.962540624,3.689903872,1.696776953,3.531384382,-0.319955656,0.658684388,-0.26458981,-0.48210408,0.501492372,-0.483972526,-0.096515317,0.230966819,-0.0735395,0.024930189,0.153805887,0.023475786,-0.061373476,0.096661704,-0.051266459,-0.038586822,0.094242834,-0.018460322
bee,bee_01,3,3020,3049,0.108600625,0.130907209,0.148233127,0.113629331,0.140556431,0.11569999,0.085399106,0.05758645,0.028976176,0.041881487,0.028530068,0.518118879,0.254185763,0.242373286,2.137689709,0.879023576,0.87555808,0.046149705,0.470026613,0.451194666,0.199040596,256.8430028,246.696478,62.49351205,129.1156012,126.2002054,26.69932238,200.6991531,181.2389632,204.4885861,197.951858,91.63011708,395.903716,45.88883988,16.76939383,4.097441921,16.78430293,4.681519092,2.501358925,4.711523658,-1.843124673,1.477056416,-1.70644232,-0.304515268,0.724689208,-0.263813924,-0.067913912,0.480034357,-0.005696869,-0.045065148,0.297829068,-0.003785303,-0.103419878,0.193980124,-0.082244631,0.00806187,0.134737431,0.010206832
bee,bee_01,3,3050,3079,0.164797279,0.17366487,0.170050238,0.114320173,0.123716814,0.087386347,0.056246191,0.034655902,0.017210245,0.028181754,0.029770187,0.495473571,0.238036987,0.16606428,2.983625204,0.894732385,0.899061908,0.050164504,0.578771645,0.633993848,0.20850322,251.4419524,244.2897672,47.25923353,154.9726491,160.1914761,33.01600104,211.6654388,204.3389159,141.4646612,158.361486,75.10279403,277.132602,56.4862626,13.16664868,4.483261455,13.41313667,4.229296492,1.994781725,3.713881434,-0.624972618,0.965696216,-0.504591496,-0.391709739,0.626437977,-0.384874347,-0.030300078,0.320523034,-0.04915758,-0.026868862,0.212173478,-0.00019136,-0.066972549,0.152891181,-0.054329215,-0.001792127,0.089583879,0.005286738
bee,bee_01,3,3080,3109,0.140621233,0.152438258,0.154717931,0.107962443,0.12205369,0.09166698,0.063855994,0.04358728,0.024090046,0.045415873,0.053590274,0.476401044,0.230016133,0.230539465,2.066461996,0.918433883,0.932292639,0.0529849,0.677698505,0.726718791,0.207521258,275.852125,275.401693,57.49527959,169.7687437,172.8062354,31.63950541,224.6040399,213.6911333,150.8380825,171.558277,87.99260331,514.674831,65.28412296,11.91070909,4.457298057,10.72437539,3.399318459,1.888426999,3.041710444,-0.455444416,0.657030419,-0.507438968,-0.454269126,0.522516442,-0.438831233,-0.038156686,0.25364856,-0.033882418,-0.001793187,0.1547831,0.016565054,-0.072001523,0.133130332,-0.044774036,-0.010084678,0.069262419,-0.006568235
bee,bee_01,3,3110,3139,0.177691856,0.179693584,0.167630887,0.107601678,0.111137699,0.074982955,0.047736469,0.031383047,0.017741015,0.036165553,0.048235258,0.46135322,0.218739377,0.181261341,2.545237815,0.901379415,0.896349841,0.054206077,0.629276948,0.625374678,0.198619175,253.4905404,250.4775525,55.03282452,165.2826888,167.5713796,30.74760829,223.1183009,212.7276881,116.4277595,118.771115,70.33616196,448.690879,64.08441483,10.84212751,3.032335623,10.80084398,3.758741293,1.643063352,3.745910747,-0.065846726,0.610741255,-0.077505718,-0.452148459,0.541038342,-0.319640889,-0.101716368,0.246410558,-0.079945647,0.053419466,0.153203904,0.048891187,-0.068788066,0.120190291,-0.049087173,-0.018172657,0.083021681,0.000391253
bee,bee_01,3,3140,3169,0.156935597,0.162330558,0.156514761,0.104467264,0.113470192,0.082286784,0.056668414,0.03952949,0.022756941,0.045689833,0.059350166,0.456739001,0.217937456,0.223994844,2.039060335,0.916082486,0.918411746,0.045021697,0.679022426,0.681677246,0.167688167,266.2348263,262.4741828,52.02574367,170.9706929,171.6919592,25.55825328,225.789475,215.0289561,129.5012155,158.361486,92.58805169,659.839527,67.18366105,9.980352387,2.788355189,9.560660593,3.33726606,1.427973409,3.364895116,-0.230100794,0.672339889,-0.200646953,-0.328527872,0.469467465,-0.233377545,-0.120856319,0.275179385,-0.088160053,0.017274176,0.162443411,0.015158852,-0.044144193,0.094574376,-0.041825231,-0.019566111,0.068580347,0.000702367
bee,bee_01,3,3170,3199,0.175554674,0.179663556,0.170130139,0.110863112,0.11630596,0.079626193,0.050633047,0.032126799,0.017062611,0.031338054,0.036695856,0.476925403,0.227169071,0.167856366,2.841270867,0.874125678,0.863067993,0.050110097,0.523188462,0.489958811,0.185085084,228.3635903,224.9003309,49.35225349,145.8268941,145.8692559,28.98912737,222.6736291,196.8443885,117.4144354,131.967905,70.32622291,277.132602,56.78618969,13.14918313,3.771542544,13.03892717,4.60670383,1.679408511,4.665614303,-0.251596258,0.751390504,-0.285866644,-0.572196484,0.589226152,-0.511184995,-0.066601474,0.249631076,-0.054912378,0.062884103,0.161193919,0.047208175,-0.09135445,0.138731624,-0.060876555,-0.023293013,0.096840579,-0.005237681
bee,bee_01,3,3200,3229,0.10864285,0.129584296,0.146428535,0.112791582,0.140841861,0.117425399,0.087553924,0.059085005,0.029371714,0.040939102,0.027335733,0.517487376,0.253633442,0.244285478,2.118371425,0.89758435,0.895554543,0.056089371,0.553762011,0.525541309,0.244937831,270.0133571,269.0783913,61.93604034,145.5728568,135.3062396,37.78299058,229.3065774,213.1675925,179.4516844,184.755068,112.7334739,699.429899,59.88543592,15.72023708,5.698207559,16.67649409,4.206803602,2.335828268,4.123897799,-1.390294074,1.598017452,-0.949646839,-0.182926103,0.730885556,-0.183862173,-0.100820381,0.454666202,-0.070332275,-0.043196921,0.273369464,-0.013005823,-0.080692837,0.180515042,-0.061687101,0.001943351,0.126137224,0.015947915
bee,bee_01,3,3230,3259,0.168259821,0.172994518,0.164954859,0.108466104,0.115382038,0.081046084,0.05365034,0.035843203,0.019854799,0.037438458,0.042109776,0.469849084,0.223848141,0.188896576,2.487335099,0.894663704,0.894945613,0.055758741,0.59561886,0.577552271,0.204077885,250.4787892,243.6540197,54.7762322,156.4890771,156.7166453,29.65329618,224.4210008,200.5074027,136.5312815,145.164696,75.48017832,343.116554,64.78424458,12.05236675,4.181695462,11.69783718,4.019118521,1.844290614,3.86847291,-0.367516154,0.777268533,-0.384461491,-0.466993766,0.607427557,-0.345786978,-0.118470327,0.238890864,-0.107202992,0.073259431,0.173314165,0.059089921,-0.084474762,0.122978188,-0.061059156,-0.025633362,0.095902165,-0.003643602
bee,bee_01,3,3260,3289,0.195084339,0.195306602,0.1800118,0.113993099,0.115341975,0.074567483,0.043737689,0.0251243,0.012293286,0.021194591,0.023344836,0.483914357,0.229335074,0.125694703,3.849918461,0.878615479,0.879479823,0.056230899,0.526020355,0.539439848,0.221223795,234.5341699,228.8442668,48.7128184,147.2730354,149.4820125,32.11684789,216.1075284,189.8906582,128.1445361,145.164696,70.49960438,263.935811,54.68670025,13.61376061,5.341402499,12.90859874,4.803722136,2.248897891,4.534428696,-0.503214223,0.88176505,-0.372746893,-0.521326672,0.569981801,-0.410080571,0.003575089,0.361821931,-0.027328538,0.016854898,0.209292094,0.0323349,-0.075386744,0.120656613,-0.050304072,0.001106299,0.11249472,0.016548836
bee,bee_01,3,3290,3319,0.178544978,0.181288039,0.170351233,0.110311933,0.115004401,0.078094502,0.049218767,0.031039366,0.016512055,0.030910909,0.038723816,0.473762069,0.225316334,0.166404914,2.847043743,0.900836624,0.901932471,0.057800715,0.617079297,0.628100723,0.21491319,258.5412087,248.3920949,57.62040891,158.8798651,163.1118381,31.64407079,222.8186249,207.5521058,150.22141,171.558277,72.11748064,277.132602,53.98687049,10.51809235,3.483114806,10.27404608,3.88666849,1.863388554,3.810817892,-0.396239418,0.670705032,-0.451522359,-0.528801375,0.53250542,-0.415578087,-0.060952715,0.262089281,-0.063793157,0.019335582,0.15704632,0.009296746,-0.067283867,0.110944011,-0.055821638,-0.027936842,0.08497071,-0.01220548
bee,bee_01,3,3005,3034,0.136445609,0.154867198,0.163996712,0.11794927,0.136005507,0.102389124,0.068655142,0.042285075,0.020129368,0.02990979,0.027367204,0.520340613,0.253954777,0.18834658,2.762676197,0.885495677,0.882272607,0.050447517,0.520168963,0.517559209,0.217978667,248.0171753,243.0648378,47.96533426,142.08137,138.7433114,33.59127695,223.0011237,197.4093113,157.991483,171.558277,78.03725462,329.919764,50.88762423,14.1112305,4.862163455,14.76412083,4.691812059,2.04654211,4.445953736,-1.101144724,1.344483503,-0.730354948,-0.387238781,0.565349425,-0.308700061,-0.018688702,0.327390771,-0.022649518,-0.051120619,0.253342699,-0.009013882,-0.048058413,0.155740673,-0.030165051,-0.022160286,0.125011296,-0.012045161
bee,bee_01,2,3780,3809,0.120823875,0.139542899,0.15239167,0.113771374,0.137283624,0.109517934,0.077795793,0.05020481,0.024475581,0.036795521,0.037396919,0.512964602,0.251054998,0.226668624,2.263059582,0.91379962,0.92151658,0.047323653,0.640004916,0.665919263,0.207472493,274.998561,273.877946,55.28891053,161.8157392,165.7280712,33.80452526,222.5412314,209.7357348,165.1448834,184.755068,101.1813246,633.445946,58.28582494,9.971116937,3.819847361,10.21912764,3.540128281,1.875206802,3.280222003,-0.894875473,1.241188513,-0.582446961,-0.307574998,0.565754891,-0.308591508,-0.008524691,0.301866459,-0.028779683,-0.0724884,0.235183841,-0.018825566,-0.03287536,0.124179122,-0.037725013,-0.018691405,0.07538696,-0.008242614
bee,bee_01,2,3795,3824,0.130634563,0.148624954,0.15895561,0.116070221,0.136627697,0.105781468,0.072982149,0.045917758,0.021989536,0.032315388,0.030100655,0.517434996,0.252697918,0.203305487,2.54511083,0.891575658,0.883920007,0.042708189,0.531834008,0.503859824,0.194228266,253.6725353,243.6624714,46.13020776,140.6283893,133.8220879,31.0472435,222.3609294,200.9880634,173.4082944,184.755068,82.34060754,356.313345,48.58818341,13.26792554,3.219070891,13.78025938,4.463409581,1.905640585,4.56456686,-1.36214053,1.121284714,-1.458432643,-0.306737875,0.684757446,-0.362467697,0.111176673,0.316166266,0.143185431,-0.132078875,0.225991539,-0.108015882,-0.047721592,0.159428036,-0.042226759,0.013792967,0.100475364,0.012004507
bee,bee_01,2,3810,3839,0.16076249,0.168972154,0.165854735,0.112284859,0.12289213,0.088279508,0.057961289,0.036559751,0.018654938,0.032144022,0.035634125,0.489311231,0.235176989,0.180954125,2.704062319,0.886881905,0.879677648,0.047224502,0.549980718,0.533775787,0.18874769,242.5532674,235.9288616,48.8350169,147.8637277,146.0834186,29.64924916,223.56196,200.8885073,146.2747064,171.558277,75.03026498,277.132602,52.08733244,12.85696238,3.455410207,13.45708502,4.372954315,1.752511382,4.493375765,-0.638638829,0.986229626,-0.698423295,-0.466942821,0.595615015,-0.433848343,0.002011655,0.306576275,0.017602255,-0.015575042,0.163111692,-0.00711327,-0.089142832,0.13573453,-0.055424923,0.01646639,0.09409349,0.008591506
bee,bee_01,2,3825,3854,0.171226073,0.174388937,0.165876654,0.109633814,0.117797863,0.083545063,0.054871102,0.035146196,0.018313276,0.032243202,0.03695782,0.476853394,0.227431677,0.177531596,2.686019869,0.888711986,0.88297384,0.047201854,0.558207034,0.533336732,0.182461765,246.6713658,243.513665,47.64928351,148.3567095,147.3904373,29.21775012,222.5978994,201.4763409,152.4414309,171.558277,76.9943631,329.919764,49.68791602,12.85193278,3.510029042,12.99083391,4.285898016,1.610339087,4.418001368,-0.64928507,1.058619526,-0.510983152,-0.492282349,0.566232631,-0.565628068,0.005861612,0.295099916,0.017846222,-0.038706934,0.222362701,3.32E-05,-0.065894304,0.121598016,-0.035948776,-0.009964398,0.071572818,-0.001410624
bee,bee_01,2,3840,3869,0.151394763,0.162009383,0.162519675,0.112453209,0.126122283,0.093437359,0.063191474,0.040561892,0.020569272,0.033661993,0.034078697,0.494532526,0.238575492,0.192063328,2.574840974,0.896472456,0.893554263,0.044085222,0.572948898,0.547072297,0.188100928,255.0146542,255.6790859,43.02833323,150.3887177,146.7368634,30.3078243,210.9775598,202.770432,163.1715316,184.755068,77.75476942,329.919764,46.78862106,13.89202559,3.674162254,13.21830356,4.201182753,1.708604132,4.193057269,-0.894268036,1.057456987,-0.837466331,-0.458829845,0.594896917,-0.54407557,0.032526535,0.299343593,0.055146026,-0.067643213,0.230099099,-0.028319315,-0.059124304,0.119955195,-0.035975255,-0.011662246,0.08795056,-0.007400009
bee,bee_01,2,3855,3884,0.15812215,0.163122097,0.158206994,0.10711047,0.118910409,0.088607885,0.06173188,0.041767024,0.022389125,0.038878426,0.041153539,0.472835758,0.226020879,0.205919994,2.296211015,0.914781319,0.919176748,0.053081049,0.66295696,0.693844041,0.211788724,272.8013693,266.6861071,59.7067521,168.2886976,170.8842813,32.21683074,227.2920992,214.1905888,150.2214101,171.558277,92.81161803,739.02027,60.98516845,13.02756743,4.510974179,12.38423856,3.464853965,1.914931257,3.322667845,-0.464003426,0.876455857,-0.349441588,-0.395379119,0.541702049,-0.40067274,-0.067437064,0.268732478,-0.073260594,-0.006948634,0.171640286,0.002816831,-0.046746341,0.106109847,-0.027934896,-0.029949804,0.096167584,-0.017542658
bee,bee_01,2,3885,3914,0.124104779,0.143300166,0.154659821,0.11312989,0.132664324,0.102011774,0.070470548,0.045785775,0.023647412,0.041388903,0.048836607,0.502465809,0.245794214,0.230129246,2.183407008,0.915075782,0.920061058,0.051402466,0.66019824,0.681715049,0.202684981,276.3501886,269.8999175,66.18719265,161.8213524,164.4413794,30.38167683,225.9496255,211.2096315,183.0283847,184.755068,96.41437299,514.674831,49.78789165,13.0913862,4.257445954,13.37864722,3.359095011,1.923773267,3.343607504,-0.658041003,0.785379369,-0.607582028,-0.523230675,0.531857009,-0.442994167,-0.026645817,0.260402318,-0.019838514,-0.00033429,0.129201053,0.014808582,-0.104596207,0.109998019,-0.076936611,0.00416779,0.068200105,0.015582973
bee,bee_01,4,2960,2989,0.152363016,0.16369778,0.162537581,0.109995821,0.119451623,0.085033418,0.056290576,0.03729214,0.020632098,0.040184662,0.052521286,0.477018443,0.229447444,0.206920762,2.305319379,0.923960413,0.930859059,0.053174793,0.709620832,0.729346856,0.19617374,283.5774012,279.2533084,61.75106608,177.2365268,179.1555902,31.65177225,233.6128426,221.7281515,137.8879609,158.361486,93.64925986,739.02027,62.4848038,11.38223476,3.739728879,10.8713866,3.051986835,1.690047434,2.990411401,-0.173143377,0.743476423,-0.178733794,-0.385056258,0.5100609,-0.333810119,-0.101530673,0.231327959,-0.074913029,0.015910147,0.154082109,0.010438326,-0.043008819,0.084733132,-0.038069631,-0.033592487,0.067265971,-0.020758516
bee,bee_01,4,2990,3019,0.135144089,0.151644935,0.160541681,0.11660715,0.136887711,0.105764322,0.072693752,0.045280653,0.021283846,0.029792472,0.024359389,0.519800864,0.253494861,0.193410112,2.68755785,0.882089106,0.872846239,0.046632218,0.496969146,0.480578475,0.203271073,246.8950439,242.7957026,48.82087911,137.3754872,133.3592307,30.62198811,212.0002528,192.8706071,163.1715316,171.558277,85.9205267,395.903716,46.18876696,16.83708646,3.907697364,17.72679428,4.785209552,2.084653457,4.702001742,-1.316245376,1.380998372,-1.159066643,-0.292685406,0.710107523,-0.26395561,0.02393364,0.318402429,-0.007960776,-0.055265848,0.267015895,-0.005416465,-0.071702295,0.176061955,-0.077899176,0.006174197,0.13367175,0.014978003
bee,bee_01,4,3020,3049,0.126772387,0.14410994,0.155864632,0.116117549,0.140537041,0.112770394,0.080171367,0.050715442,0.023386623,0.029392324,0.020162301,0.525289616,0.25665459,0.203828057,2.577121253,0.867499642,0.860167078,0.047562859,0.447532012,0.407310584,0.195435966,235.9700746,228.4789215,49.89186981,129.9261304,127.0158613,26.20564918,200.6871326,179.5680708,165.514887,184.755068,84.93747339,316.722973,47.9883293,16.35042693,4.263265428,16.50632725,5.269309614,2.135574861,5.550318779,-1.342620926,1.495565934,-1.100234917,-0.411657001,0.69432881,-0.31773501,0.021037249,0.359287705,-0.035939766,-0.063412807,0.276512047,-0.048248162,-0.06152902,0.207978848,-0.06605069,-0.010520419,0.151784786,0.003735315
bee,bee_01,4,3050,3079,0.115903512,0.127823645,0.136965643,0.103554564,0.130172436,0.111908613,0.087600838,0.062714573,0.032989568,0.049963507,0.040403101,0.482601257,0.233727,0.273671586,1.763432087,0.909458731,0.910252733,0.042957212,0.594907961,0.591561972,0.191678888,284.7555329,283.875654,53.11852394,145.5772428,143.7501701,27.86433315,223.4942847,204.7795774,227.552136,237.54223,98.68433061,435.494088,56.68621398,14.91592504,3.466347933,14.68570411,3.672092203,2.028488179,3.581192481,-1.711969229,1.134613136,-1.739121599,-0.049882653,0.686136481,-0.151503096,0.050337701,0.366673399,0.098278343,-0.15563325,0.244642235,-0.129620383,0.008428876,0.133383421,0.014513657,-0.024219072,0.100951737,-0.011617815
bee,bee_01,4,3170,3199,0.072858096,0.09577029,0.121487788,0.104254912,0.145243738,0.136393266,0.112785766,0.08212832,0.042206534,0.056506893,0.030364396,0.507379704,0.249498651,0.32399191,1.566025846,0.908800606,0.910232908,0.040958459,0.584370869,0.614653981,0.200602341,286.2482705,287.6879408,49.29646956,149.2140692,148.9592625,30.75549402,227.2743104,201.9840809,207.4486139,211.148649,102.1803803,435.494088,58.28582494,16.76678174,6.277873188,17.97745367,3.667545306,1.900128446,3.446331919,-1.766684454,1.750197797,-1.425961914,0.01792914,0.779401989,-0.044188602,-0.200247204,0.466583642,-0.116033589,-0.021643438,0.278473696,0.010060907,-0.069814986,0.201125563,-0.042137462,-0.028672492,0.11960785,-0.010120727
bee,bee_01,4,3200,3229,0.087261093,0.111816607,0.134091123,0.107726886,0.139551118,0.121269031,0.094766153,0.067825445,0.035981827,0.055645846,0.044064872,0.502638158,0.247278004,0.298284143,1.685098487,0.910982003,0.909683723,0.044801028,0.613258457,0.611216872,0.198934675,283.2247668,287.2076874,51.50531889,150.3439061,151.0645361,30.89361199,230.2659569,206.453441,206.708607,197.951858,86.85392655,409.100507,42.78959364,13.04271724,3.726093691,13.74057666,3.588006535,1.860071049,3.416018258,-1.456453496,1.26897328,-1.182983058,-0.243896681,0.644546274,-0.25687659,-0.098401457,0.35507993,-0.089801507,-0.088000257,0.207025099,-0.052689797,-0.061715198,0.146476282,-0.069659429,-0.034854779,0.110675571,-0.014001234
bee,bee_01,4,3230,3259,0.112957454,0.127737168,0.136070696,0.099462094,0.118328874,0.094821177,0.070842692,0.051944834,0.030578574,0.063521969,0.093734469,0.448682841,0.217790968,0.310622537,1.444463254,0.970116091,0.993559442,0.043485302,0.874742825,0.970677659,0.184395977,390.9297698,416.4366489,80.28445808,198.3624945,203.5395591,28.89283754,238.2652206,222.2108261,382.0902532,303.526182,241.7321204,739.02027,132.3678081,6.471436112,3.427732843,5.000652018,0.9599121,2.027465317,0.101718103,-0.461437263,0.58028287,-0.369175647,-0.247006885,0.417668431,-0.220715635,-0.069010383,0.211595874,-0.070870736,-0.058585616,0.098249488,-0.045134601,-0.042921723,0.075684247,-0.033781742,-0.015483106,0.050650796,-0.018002262
bee,bee_01,4,3260,3289,0.050113294,0.059737276,0.068864386,0.055554563,0.075944582,0.075338902,0.073510042,0.071914611,0.05341479,0.143129224,0.272478331,0.275702433,0.131499145,0.614446998,0.448700106,0.993638729,0.994948934,0.004673611,0.972570707,0.978184441,0.020657116,438.9264836,438.6262359,30.83149531,208.4089805,207.9277119,8.7541942,233.3000093,222.9574048,513.8114896,541.068412,223.7167614,739.02027,155.4621915,4.861994178,1.047163638,4.679060208,-0.320141106,0.622674223,-0.394011353,-0.275874833,0.343757962,-0.271591938,-0.242528484,0.280750758,-0.234843394,-0.103836107,0.144586433,-0.103829843,-0.048597326,0.083164443,-0.038867606,-0.041844529,0.049049126,-0.047539921,-0.021104305,0.03315701,-0.019922929
bee,bee_01,4,3290,3319,0.071982161,0.082588495,0.090140552,0.068415515,0.087088866,0.079495556,0.07225467,0.06710194,0.048043863,0.12116173,0.211726652,0.325140489,0.155504381,0.520288855,0.624923034,0.987090044,0.993224573,0.018895012,0.94837731,0.971624539,0.071479561,414.2829802,415.0208325,54.60945108,205.9888604,206.0962706,12.05124273,230.3760101,223.4070966,379.2535599,329.919764,233.7485113,739.02027,128.6687077,5.390638512,2.005548039,4.853890949,0.253584106,1.10558189,0.051721149,-0.292672033,0.469800862,-0.274037589,-0.232495039,0.239416852,-0.222699264,-0.11667521,0.168028319,-0.110676278,-0.057738893,0.0925955,-0.046006834,-0.027163327,0.051004384,-0.030384477,-0.031196766,0.037826048,-0.028486999
bee,bee_01,4,3380,3409,0.052334203,0.060749207,0.068528514,0.054644845,0.074486078,0.074357559,0.073416918,0.072424001,0.053719224,0.14143971,0.273899742,0.272016996,0.129130923,0.614899595,0.442376281,0.991029144,0.992446031,0.006763222,0.96144047,0.968410244,0.02888852,442.1851638,443.5160444,37.53244269,206.4352244,205.8653008,12.30995379,240.4137455,230.8535954,531.3249873,514.674831,234.9628249,739.02027,148.4638935,4.340462057,1.146534259,4.214943703,-0.400229311,0.794525994,-0.43975653,-0.324479059,0.472199845,-0.372553609,-0.234191743,0.257285898,-0.206651995,-0.07257289,0.157673525,-0.075498635,-0.076706752,0.081277399,-0.073533501,-0.021548117,0.05027559,-0.022052832,-0.031482689,0.032739216,-0.030246427
bee,bee_02,1,30,59,0.149225897,0.16489489,0.168077537,0.115919901,0.127470677,0.090921697,0.05886029,0.036810584,0.018882473,0.032963634,0.03597242,0.502389812,0.243390578,0.183489401,2.73797728,0.892334327,0.884829482,0.049013997,0.573206261,0.576322643,0.196850873,246.2424621,241.3880378,49.26365011,152.8051441,154.0239328,32.11335962,227.0877498,207.7221371,139.2446404,158.361486,74.67539677,343.116554,57.68597088,14.59274256,4.330311147,14.44724353,4.226879001,1.791323268,4.197279413,-0.507406629,0.930776638,-0.590893524,-0.448725451,0.570664028,-0.373132569,-0.066398034,0.302854306,-0.057226281,0.01376846,0.18376914,0.029316833,-0.066640753,0.139755693,-0.052699124,-0.010073374,0.084399113,-0.001034225
bee,bee_02,1,210,239,0.143846697,0.159237274,0.16458205,0.116153622,0.131862268,0.098012789,0.065443786,0.04060705,0.019651646,0.030153686,0.030449131,0.510610729,0.24801589,0.1863053,2.740720356,0.896921993,0.888333573,0.050928613,0.572799487,0.568798871,0.213601028,258.090715,251.052235,59.989857,149.8156945,151.1663816,32.60502365,227.413654,202.1177688,161.9381867,184.755068,99.59370347,448.690879,63.58453633,13.68567669,3.367933546,13.75961618,4.104263225,2.114203842,4.157597744,-0.943127686,1.136792241,-0.824939801,-0.344137796,0.659318094,-0.314203729,0.00773203,0.335946088,-0.033629563,-0.037649215,0.24325706,-0.03073322,-0.063723949,0.141740327,-0.057578872,-0.010325866,0.098591541,0.001613279
bee,bee_02,1,240,269,0.115153832,0.137372174,0.154867838,0.118396331,0.145291468,0.116795731,0.082064247,0.050998017,0.023352927,0.030835476,0.024871958,0.535351368,0.263687799,0.212122625,2.523782494,0.913352442,0.925994928,0.056101015,0.627365707,0.705966155,0.255634133,277.5681968,272.2568962,58.01489257,160.8289894,167.0517127,39.61374798,232.9728463,213.4154468,153.4281068,171.558277,89.79765531,395.903716,61.48504689,12.52745075,5.691210498,11.66013083,3.800556442,2.39701138,3.135643231,-1.011842451,1.291102494,-0.739336404,-0.213458803,0.579698198,-0.211722462,-0.006754134,0.307311928,-0.009472552,-0.08701784,0.239565754,-0.053693497,-0.03506456,0.132213883,-0.035138782,-0.009587613,0.089040337,0.002031171
bee,bee_02,1,270,299,0.101799843,0.126763244,0.148800869,0.11744696,0.148420353,0.123159686,0.089191736,0.056977074,0.026575838,0.034908477,0.02595592,0.537827868,0.265867312,0.233609045,2.302256179,0.893577951,0.893123834,0.046739572,0.550684405,0.541250776,0.206099181,255.3839967,252.2014292,46.36398424,148.0207443,145.8179593,31.25091315,210.2413904,197.8914246,158.238152,171.558277,83.60467534,290.329392,49.28801321,13.91931524,4.685532858,14.19086331,4.380993349,1.965119582,4.243415732,-1.100901142,1.399127924,-0.849245458,-0.308486643,0.677015333,-0.260113329,-0.051097646,0.373329297,-0.035504678,-0.02025671,0.222040181,0.026880907,-0.070008264,0.14683284,-0.057043346,-0.00207877,0.127914207,0.013221396
bee,bee_02,1,385,414,0.040123486,0.050163475,0.060774789,0.051143832,0.072733609,0.074981082,0.075288386,0.07510293,0.056465232,0.153212575,0.290010604,0.259633312,0.123877441,0.650079728,0.399386876,0.992372285,0.993007342,0.004896641,0.966568387,0.971058561,0.022015235,450.769221,450.2540656,25.16100928,205.6013552,205.3227361,10.43570589,229.764406,223.9534989,576.71208,607.052365,182.6608805,580.658783,121.7703854,4.351360407,0.980645271,4.476756587,-0.593130704,0.537567066,-0.541428459,-0.353737904,0.420732446,-0.387635149,-0.254541519,0.236097795,-0.258748366,-0.121100048,0.135965445,-0.10924102,-0.041403091,0.08189941,-0.042444723,-0.049044847,0.043231393,-0.050177974,-0.020056554,0.03336969,-0.016857088
bee,bee_02,1,435,464,0.18527908,0.184088201,0.169742362,0.108723109,0.112917666,0.076978654,0.049045975,0.031242223,0.016629248,0.030620164,0.034733318,0.468361791,0.221640775,0.162270928,2.886295131,0.913024821,0.921055853,0.067996488,0.656783371,0.719237142,0.267454104,286.8252366,274.707151,94.99368705,167.5458213,173.8109242,42.05422089,238.63477,221.7252428,174.1483013,171.558277,201.9140157,739.02027,88.8783848,10.47884923,5.40853061,10.44485519,3.299476452,2.754234274,3.036458502,-0.421234485,0.823079389,-0.346174684,-0.363693083,0.569226074,-0.288100716,-0.036934862,0.26481731,-0.070403836,0.007442797,0.180884946,0.01716027,-0.078838045,0.137336503,-0.051691107,0.005471349,0.077597079,0.005329097
bee,bee_02,1,465,494,0.118421966,0.137246182,0.150828777,0.113681636,0.139278234,0.113881703,0.083325207,0.05504775,0.026754591,0.036335623,0.02519833,0.517670351,0.25295987,0.226661501,2.283891831,0.879244688,0.874249056,0.048025165,0.475347187,0.430446332,0.213864794,244.7207665,240.7031383,51.49798262,134.7460933,132.0848204,29.46927519,214.1538282,189.2796203,169.7082597,184.755068,91.88784288,382.706926,53.58696774,16.68432337,4.889713913,17.10438226,5.039247929,2.346784954,5.024183522,-1.498158183,1.472502826,-1.349197872,-0.179241558,0.779780777,-0.19908618,0.047794666,0.371564372,0.029808214,-0.076409686,0.292894911,-0.016745231,-0.027789606,0.206901623,-0.022867111,-0.011064361,0.152978395,-0.003882305
bee,bee_02,1,495,524,0.101543883,0.126435492,0.14626137,0.112994818,0.139342017,0.11298713,0.081503932,0.054102859,0.027669068,0.045923282,0.051236151,0.511585334,0.252336835,0.260435291,1.964347197,0.93029658,0.932869905,0.049801785,0.711893971,0.712969706,0.206016999,308.0000189,307.2039056,69.6552367,166.2248595,165.8098255,31.91355874,233.5438809,216.7574463,221.5087459,224.345439,122.6022305,739.02027,57.08611665,9.443940223,3.887607331,9.45350065,2.685229692,1.987430889,2.666671112,-0.995410267,1.084433957,-0.880040719,-0.38385638,0.490935292,-0.337992468,-0.084428938,0.255220657,-0.082271993,-0.05603034,0.168749668,-0.044619805,-0.078341016,0.111234482,-0.068522693,-0.015745747,0.065426236,-0.017292414
bee,bee_02,1,525,554,0.091748032,0.111718325,0.1300063,0.103525325,0.134763855,0.119067565,0.095212902,0.069721061,0.037569045,0.058734345,0.047933245,0.487363044,0.23828918,0.309170598,1.576356378,0.942358596,0.963867957,0.052679143,0.754364837,0.838651458,0.224956844,329.7014437,327.9338018,79.51239258,178.3574373,188.5384046,36.16679731,231.2467036,218.8109666,227.4288015,224.345439,193.180825,739.02027,93.07736364,8.470067919,4.857554903,6.82016956,2.28482501,2.140045238,1.824455657,-0.810965228,1.151881512,-0.452210476,-0.241256626,0.548082242,-0.257728929,-0.090273226,0.316793019,-0.101300777,-0.04044438,0.179820453,-0.016761051,-0.049259874,0.080903013,-0.03884616,-0.018613314,0.060787089,-0.007741857
bee,bee_02,1,615,644,0.083418848,0.100274122,0.113045386,0.08647922,0.107704123,0.091658827,0.073925465,0.059651056,0.038504845,0.090415237,0.154922872,0.398887555,0.194183343,0.417419475,0.955603605,0.986133959,0.994607912,0.026481485,0.942078652,0.97702307,0.108606709,416.9620819,420.2245822,54.17827148,205.8033271,206.2844576,18.63142555,234.6070724,223.6800702,361.4933932,303.526182,204.5214624,739.02027,141.5655712,5.30696022,2.477681164,4.601476413,0.265393563,1.314984383,0.024646463,-0.40603369,0.447856765,-0.40710827,-0.281819589,0.292930987,-0.257103933,-0.091725411,0.155750791,-0.096512984,-0.052349548,0.093937192,-0.043799393,-0.046587499,0.068277431,-0.038325974,-0.020452084,0.041339346,-0.021100414
bee,bee_02,1,675,704,0.165186189,0.176532803,0.174610465,0.117676658,0.126499848,0.087400945,0.054040801,0.031679621,0.015244456,0.025098782,0.026029432,0.506187916,0.244176505,0.152093091,3.328145362,0.868499768,0.853654151,0.054639049,0.459420988,0.439067528,0.225146362,229.8979486,215.5153894,50.78612755,130.4369877,128.7287305,31.16808714,217.3243248,184.4320052,157.6214795,171.558277,69.94693051,277.132602,50.4877215,15.05967408,3.624012076,15.51644492,5.371099446,2.258624698,5.315328482,-1.032952695,0.782266772,-1.126499341,-0.622805757,0.626086615,-0.48970294,0.114791275,0.327487857,0.032037573,-0.02523147,0.195292964,-0.010804878,-0.144975469,0.169867843,-0.093546526,0.044226657,0.108366553,0.03145028
bee,bee_02,1,705,734,0.143871064,0.155357329,0.158521556,0.112021749,0.128800693,0.098200417,0.067824431,0.043687215,0.021828686,0.03471152,0.035175342,0.497544415,0.240822442,0.203227193,2.448217723,0.909913267,0.917621706,0.053809316,0.631005094,0.647851893,0.224503292,270.4435544,268.3970227,58.97675814,160.4510783,161.5847839,33.55637637,237.5308621,209.3948119,161.8148522,171.558277,88.88686315,316.722973,60.78521714,11.78905324,4.984072911,10.11584963,3.741985085,2.183224802,3.49751897,-0.77504905,0.99820284,-0.546036365,-0.37220385,0.549509703,-0.300825906,0.024099202,0.329249563,0.013300381,-0.044942327,0.223419625,-0.003883919,-0.047478918,0.115717297,-0.028646303,0.004718733,0.085636234,0.008930806
bee,bee_02,1,735,764,0.124589099,0.140504146,0.148953874,0.108175485,0.127354578,0.099876474,0.071533762,0.048591019,0.025936776,0.046378706,0.058106081,0.484360411,0.235530062,0.250546344,1.933216836,0.931013143,0.937278036,0.048536697,0.720763861,0.749675122,0.198394523,298.080292,292.9665101,72.14095832,173.2693927,175.7792904,30.24422779,221.3174651,213.9706766,192.2784715,197.951858,155.7642818,739.02027,72.88227503,8.239675598,3.013967686,7.825065807,2.768009217,1.970661499,2.754980073,-0.642434184,0.817058771,-0.535384616,-0.389253498,0.540132177,-0.411696044,-0.012228705,0.230193826,0.002090236,-0.037891903,0.152131382,-0.03318366,-0.064254551,0.102082342,-0.054371782,-0.00243133,0.058409513,-0.00354179
bee,bee_02,1,765,794,0.103095702,0.120582452,0.134689525,0.103867536,0.131842913,0.114462284,0.091231494,0.067380477,0.036682682,0.056824808,0.039340127,0.484862258,0.235710449,0.291459588,1.663565992,0.893358339,0.89106115,0.045944745,0.557727341,0.541763353,0.190846683,264.8816829,247.1690792,65.66213751,145.6863327,144.3919087,29.94372381,236.5736382,195.1979943,178.9583465,184.755068,113.1964385,501.478041,52.2872838,14.6274844,4.792701877,15.57612567,3.823750337,2.22584595,3.832144481,-1.225806014,1.584867642,-0.839555897,-0.205423867,0.739745413,-0.154789575,-0.145273064,0.425552581,-0.062893938,0.002132557,0.236143932,0.022482436,-0.087011772,0.160819421,-0.058465914,-0.007602336,0.112248058,0.012019981
bee,bee_02,1,795,824,0.131462196,0.148726551,0.157038288,0.112947019,0.131100056,0.100949148,0.071113478,0.047558277,0.024758292,0.039721127,0.034625568,0.502034511,0.244047075,0.217776742,2.305271476,0.895191275,0.901804722,0.047286339,0.564141423,0.578457167,0.192666028,269.6357735,263.5347266,65.32093028,145.4263924,143.5905734,30.7296063,223.2611604,198.488013,191.1684611,184.755068,102.6802901,475.08446,43.78935052,13.68701649,4.12335521,13.68333092,3.788200956,2.291426012,3.587183298,-1.274866848,1.510229926,-0.99639478,-0.314595554,0.676458074,-0.278754973,-0.135746991,0.380946851,-0.091696543,-0.008116182,0.200625065,-0.005082274,-0.094242859,0.146016907,-0.073896458,-0.015954225,0.106971944,-0.002698134
bee,bee_02,1,825,854,0.116600009,0.143481091,0.163217716,0.123575429,0.148119335,0.114516054,0.076701876,0.045367688,0.02006517,0.02636632,0.021989311,0.549428534,0.271694764,0.190490366,2.884285149,0.885155606,0.871680015,0.050154878,0.500990963,0.477431755,0.229674846,249.702608,240.3379773,48.70319174,137.5199871,137.1653546,34.77978716,231.4823961,204.7762528,169.0915872,184.755068,84.16148107,395.903716,52.28728382,16.94750147,5.338888544,18.31944505,4.891710717,2.28865848,4.810275427,-1.40099671,1.437559376,-1.215961621,-0.308808008,0.61338198,-0.223625316,0.032297155,0.356177482,0.023385817,-0.097730649,0.283038158,-0.024893441,-0.042518757,0.177313036,-0.039607127,-0.013974009,0.1352173,0.004497447
bee,bee_02,1,855,884,0.141917812,0.16262695,0.171943471,0.122098348,0.137296135,0.098842029,0.062316379,0.035834204,0.016318932,0.024818316,0.025987424,0.530179982,0.259394483,0.165275255,3.207860613,0.887240197,0.877113609,0.050870704,0.523936249,0.50882578,0.22581547,244.2348463,234.8010499,59.92552656,141.2595278,139.42437,32.8787994,223.407621,203.2648552,166.5015629,184.755068,97.1188469,607.052365,48.28825634,16.0208026,4.413197155,16.53835355,4.657160948,2.230539733,4.649298134,-1.063459321,1.124914118,-0.909673747,-0.452258404,0.570168302,-0.402959891,0.071387375,0.344083278,0.031845807,-0.084879536,0.290620778,-0.040916182,-0.058676493,0.170759138,-0.033928175,-2.41E-05,0.106876962,0.003899095
bee,bee_02,1,945,974,0.162718368,0.166020059,0.160000588,0.10833659,0.120828528,0.090583379,0.062963591,0.041613616,0.021335315,0.033954928,0.031645037,0.479749085,0.229165118,0.191512488,2.505053799,0.878203524,0.877380466,0.055080019,0.512095511,0.493982486,0.221588877,239.2961568,231.8048728,52.15704945,144.1880765,149.349143,35.07480379,214.8262831,200.9400767,123.9511635,131.967905,80.12102118,277.132602,51.88738111,16.79243106,4.827240124,17.43923791,4.742198145,2.124201388,4.449762368,-0.730366598,1.270767435,-0.577172955,-0.379092657,0.721109358,-0.382309507,0.01060827,0.349090275,0.027213838,-0.002759114,0.222896798,0.021353964,-0.082156893,0.168961124,-0.067172977,0.006835452,0.110350966,0.020444869
bee,bee_02,1,975,1004,0.144660749,0.158989389,0.162635844,0.113455466,0.127115942,0.093241353,0.062223497,0.039875925,0.020696472,0.036485233,0.040620131,0.496448605,0.240571408,0.199901257,2.483469144,0.889064819,0.884577208,0.049151989,0.562389906,0.549509779,0.1925958,243.7968129,233.5335384,45.8804926,150.8071027,153.9443691,29.52778185,223.7534164,195.2907063,140.7246543,158.361486,73.13716711,263.935811,49.98784298,15.18378253,4.293689571,14.29462881,4.339551246,1.740905045,4.309073909,-0.55957726,0.812774888,-0.710178176,-0.475088227,0.585780525,-0.384441805,-0.008907608,0.285605006,-0.01702712,0.009960168,0.180048181,0.012563827,-0.089342044,0.124064772,-0.075764448,0.003440188,0.081057142,0.015352265
bee,bee_02,1,1005,1034,0.173736393,0.179289242,0.171233952,0.112403041,0.118750499,0.081828732,0.051989399,0.032378421,0.016607207,0.028866964,0.032916149,0.484216224,0.23115354,0.162758141,2.97506608,0.885652578,0.880461749,0.053804979,0.543648584,0.504463582,0.211381883,243.7272414,234.4927346,55.64689585,145.2199827,139.1077125,31.68651946,220.7309926,205.6582215,149.8514066,171.558277,75.83374725,343.116554,55.9863842,14.92123975,3.535028074,14.65268978,4.475596577,1.971321872,4.706400934,-0.674752891,0.887028702,-0.650550465,-0.530493812,0.599738466,-0.486020648,0.054371166,0.321412587,0.087849766,-0.042444808,0.200302419,-0.019951771,-0.069194705,0.134503309,-0.05295687,0.001789352,0.086342947,0.006823526
bee,bee_02,1,1035,1064,0.125102801,0.141058318,0.150921409,0.111371284,0.134008309,0.107949895,0.078718798,0.052874398,0.026695324,0.039642185,0.031657279,0.504250897,0.245379592,0.229587985,2.196329642,0.885672678,0.881863286,0.0534488,0.519742553,0.503122881,0.222429156,250.2218511,243.4493248,52.46296648,139.9388577,135.256505,31.97567626,217.3770754,193.2221609,167.4882388,171.558277,82.58559905,329.919764,52.68718661,18.79533979,4.430170043,19.25472728,4.633839558,2.153536119,4.723629519,-1.179446618,1.27883758,-0.919258809,-0.374914802,0.707558521,-0.281396871,-0.067420636,0.365847237,-0.060466891,0.024746762,0.222401183,0.035972637,-0.108309011,0.178259796,-0.079974986,-0.00193181,0.111274306,0.017674127
bee,bee_02,1,1065,1094,0.148361917,0.153900445,0.150673239,0.103286866,0.116771339,0.089753075,0.065450095,0.046999965,0.026635378,0.048684588,0.049483091,0.46048452,0.220058206,0.237253118,1.94089976,0.901517447,0.902847811,0.051007797,0.613511112,0.621407894,0.191621594,260.3730845,256.3267755,58.78500907,158.2773339,158.094545,28.20433929,216.3438381,201.0428796,153.0581034,171.558277,95.98719667,409.100507,56.78618966,14.44537473,4.306778771,14.12468554,3.733911865,1.819011595,3.77635506,-0.567519524,0.98983407,-0.496945778,-0.391785328,0.707816681,-0.385361161,-0.052981882,0.308318691,-0.057762197,0.032513346,0.16985083,0.033612784,-0.090053522,0.134462182,-0.049393534,-0.001458979,0.094510389,0.006861621
bee,bee_02,1,1095,1124,0.175316314,0.178901588,0.169572616,0.111114424,0.117823662,0.0820897,0.053116246,0.033809354,0.01759568,0.030263593,0.030396823,0.480600402,0.228938086,0.165181695,2.909525788,0.889496844,0.884135478,0.05863034,0.559695938,0.549155559,0.235342059,247.8501439,234.2106652,60.93281438,150.3142294,151.3231471,35.20549691,230.2791002,213.4537939,137.8879609,158.361486,88.26240153,343.116554,58.78570338,14.28267465,5.011913389,14.26115338,4.382785236,2.306704401,4.255586171,-0.642507425,1.006311444,-0.494439087,-0.352853921,0.592170138,-0.359243172,-0.00526355,0.388880472,0.025634282,-0.022457988,0.211573233,0.007170446,-0.048464674,0.137892319,-0.028452758,-0.001197105,0.11273801,0.009116021
bee,bee_02,1,1125,1154,0.137453318,0.15214166,0.158265399,0.11308749,0.130960661,0.100593975,0.070213994,0.045895158,0.023168792,0.036009103,0.03221045,0.502907526,0.244048151,0.207497496,2.423679972,0.878890893,0.87654875,0.052502973,0.503509641,0.506385056,0.214460108,238.4363146,232.9566895,46.74310942,139.5512885,139.7065513,30.66757983,212.8362762,183.8602807,155.8947967,171.558277,68.30387994,250.73902,54.08684619,16.7896041,4.795378746,16.94830237,4.930275384,2.108423147,4.645550272,-0.950835366,0.935003148,-0.975620503,-0.506380532,0.674025754,-0.389114726,0.024410438,0.334402035,0.001309149,-0.011753974,0.182005851,-0.003257204,-0.108133011,0.176197798,-0.069616749,0.0105378,0.110375336,0.015141795
bee,bee_02,1,1155,1184,0.129225588,0.142049691,0.148784719,0.108399539,0.129541769,0.104188008,0.076376127,0.052002064,0.026854755,0.042459845,0.040117894,0.490914036,0.237941308,0.237810684,2.064306054,0.906410702,0.906759569,0.050733646,0.599331126,0.621349674,0.22466765,271.3184969,264.7708503,56.67226893,151.8475698,155.9508221,35.54713442,232.821441,216.1648053,177.7250016,184.755068,88.61963269,395.903716,58.08587355,15.78760772,4.371701413,16.76184992,3.879550875,2.186221544,3.653507199,-1.171721153,1.169822594,-1.05959765,-0.220256974,0.711400682,-0.253714398,0.046170993,0.306418403,0.016199024,-0.092665957,0.240091447,-0.053030812,-0.041749086,0.134195058,-0.041423596,-0.001880321,0.099436253,0.009770956
bee,bee_02,1,1165,1194,0.117162405,0.140285143,0.156024934,0.116518418,0.138888798,0.108245276,0.074988477,0.047798075,0.023606349,0.037478344,0.039003784,0.519677425,0.255407215,0.222875027,2.331698763,0.90782268,0.901852803,0.052170228,0.607051156,0.622787116,0.226311994,272.6047271,258.7059145,56.87879918,151.9072443,156.1079531,35.75096755,233.9861873,217.2291431,192.5251406,197.951858,74.76802463,395.903716,51.28752689,14.63615444,4.16263896,15.32635211,3.873100483,2.081799312,3.78788792,-1.072671243,1.083194396,-1.057262498,-0.437415301,0.604749596,-0.444324985,0.028393692,0.305834166,0.03093033,-0.067301814,0.213459008,-0.044277808,-0.072543936,0.131208222,-0.069912589,-0.009839013,0.089486786,-0.00923406
bee,bee_02,1,1260,1289,0.037106388,0.046301435,0.057036544,0.049983638,0.07661415,0.088783658,0.100716516,0.109146364,0.082987204,0.193393736,0.157930366,0.272417991,0.126597788,0.644174187,0.42289492,0.896903805,0.895685934,0.042818573,0.551518767,0.531217439,0.181323718,331.1473491,305.5644669,120.5844413,139.409134,131.7858171,30.24837752,216.4587243,204.1311356,280.4626326,250.73902,181.2199511,712.626689,47.78837791,18.12467211,4.828189747,18.41772039,1.461172078,4.192396186,2.446144831,-1.583078623,1.651184177,-1.323082071,0.103346255,0.95536199,0.084406395,-0.207560076,0.506647648,-0.194808562,0.083365874,0.251004584,0.051307323,-0.158051685,0.183291724,-0.13262739,0.02588077,0.114293767,0.03030547
bee,bee_02,1,1275,1304,0.149107115,0.159342538,0.159997255,0.110997419,0.124944699,0.093047023,0.063442888,0.04140627,0.02156624,0.037169871,0.038978682,0.488986396,0.235942118,0.202563951,2.413985282,0.890243464,0.892922022,0.056024204,0.559020854,0.571552137,0.226510683,248.237926,236.2502293,52.99845218,148.3875575,153.0414722,34.17786319,216.7343686,209.633917,144.0546856,171.558277,79.63885752,329.919764,58.88567913,15.91920936,4.688133736,15.90375998,4.413229637,2.119822121,4.222707873,-0.695328548,0.831179295,-0.72045035,-0.48044772,0.671929178,-0.366261722,0.048294567,0.313103202,0.005618492,-0.00216888,0.19074674,0.008334401,-0.106479426,0.139601656,-0.068301139,0.015797536,0.092735587,0.021837251
bee,bee_02,1,1305,1334,0.16140851,0.167018744,0.161838977,0.108835928,0.119010563,0.086088081,0.057531445,0.037372075,0.019728238,0.035998575,0.045168862,0.47577355,0.227846491,0.195799195,2.429905544,0.9023587,0.886532632,0.056391466,0.612446471,0.539963981,0.221320169,263.8157625,247.7597956,70.87759378,155.8307784,147.0107588,33.46369376,226.1639546,210.2482777,164.281542,184.755068,131.7870147,739.02027,57.8859222,12.13789707,4.112290602,13.00498075,3.735586615,2.052309921,4.288515703,-0.621396448,0.93893352,-0.493831998,-0.514865488,0.614628652,-0.48402353,0.045874343,0.258072055,0.035003329,-0.043092726,0.207075967,-0.031358778,-0.073103555,0.135974937,-0.050006106,-0.009434361,0.084421718,-0.007796586
bee,bee_02,1,1455,1484,0.081622844,0.110311286,0.137855524,0.113532939,0.148989947,0.129344475,0.09896972,0.067864133,0.034089278,0.047892944,0.02952691,0.529722885,0.262522886,0.278342984,1.903130005,0.903313193,0.898333495,0.04197122,0.549456293,0.539778763,0.211500219,279.466713,275.5358781,47.22778898,142.8120447,137.710731,30.8904418,212.7632545,198.7243649,224.2221047,224.345439,81.85443871,369.510135,53.08708921,20.20424889,4.979545006,21.68555495,4.092658379,2.066597577,4.065558474,-1.931634586,1.609168421,-1.851552972,-0.010364541,0.722647174,-0.04581119,-0.203995506,0.497471392,-0.140873582,-0.048094005,0.307579579,-0.022358815,-0.05170953,0.202684845,-0.034499768,-0.032022015,0.131168243,-0.01155441
bee,bee_02,1,1860,1889,0.163796788,0.169811517,0.164136148,0.109659412,0.118732591,0.084865447,0.056403048,0.036971624,0.019853154,0.036107476,0.039662794,0.477393598,0.228392003,0.188998097,2.525917486,0.883914905,0.881067147,0.050045683,0.543036068,0.527886662,0.192096064,240.7153722,231.4102403,47.95945507,147.2432876,148.7892266,27.28593868,201.2912362,186.194944,154.1681137,171.558277,72.85987186,277.132602,52.08733244,16.68223647,3.557078696,16.25942857,4.473093142,1.793037834,4.43439415,-0.598897912,0.834388873,-0.713630397,-0.528706636,0.587813681,-0.418692647,-0.05518998,0.305235082,-0.075447786,0.037199202,0.182581374,0.024310695,-0.104932978,0.140156577,-0.078406897,-0.002423143,0.105180223,0.006506443
bee,bee_02,1,1890,1919,0.120907574,0.139311143,0.151607245,0.112777714,0.13566364,0.10817386,0.07742591,0.051069353,0.025723217,0.040144749,0.037195594,0.508222459,0.248441354,0.231558824,2.194787705,0.893197282,0.888766313,0.048822064,0.562987055,0.562854321,0.203932171,252.9705559,249.2353698,48.8933984,148.9418568,152.7539943,30.50005291,210.6263095,198.7572142,162.6781937,184.755068,80.94768199,356.313345,47.48845089,16.01534465,4.875553223,15.40889138,4.274616623,1.873226208,4.051156074,-0.909721703,1.228444771,-0.806032737,-0.368276625,0.612400824,-0.291799232,-0.031836461,0.289020208,-0.030382498,-0.037526544,0.23132667,-0.003578377,-0.060680389,0.176719556,-0.029750912,-0.015981897,0.10805681,0.001428449
bee,bee_02,1,1920,1949,0.141143122,0.153414429,0.157127747,0.111091137,0.12756664,0.097172285,0.067431273,0.044204002,0.022754518,0.038024271,0.040070575,0.49295781,0.238657778,0.212484639,2.31996916,0.913405845,0.915972313,0.051778275,0.650538046,0.667825299,0.215656308,270.4903469,261.4706641,55.10641966,166.2490534,170.5115296,34.01489633,225.1390921,213.4255191,143.438013,158.361486,91.2806772,659.839527,68.38336921,12.9296733,4.843212289,12.30494997,3.592306497,1.892430149,3.40569828,-0.575286214,0.984772291,-0.444825692,-0.329959113,0.552148229,-0.267910309,-0.024658939,0.292138776,-0.029564894,-0.032574785,0.19652973,0.000301113,-0.049998072,0.12498771,-0.027753143,-0.006350678,0.085094687,-0.000894115
bee,bee_02,1,1950,1979,0.1191027,0.137134787,0.148626178,0.110108454,0.132340085,0.10630178,0.077656611,0.052972674,0.027623299,0.044575184,0.043558248,0.497376497,0.242448539,0.246386016,2.018688012,0.912393627,0.915941363,0.043618483,0.635292908,0.674325195,0.186645834,273.9219923,267.7359437,52.60832537,158.3768183,161.5298266,29.96689782,224.2904923,205.2239133,184.3850641,184.755068,108.2513257,739.02027,65.98395279,12.50807535,3.321200633,12.90555784,3.546097788,1.821958335,3.416925638,-0.94975281,1.059498902,-0.882891091,-0.264158212,0.66299274,-0.262811027,-0.003643434,0.280774901,-0.028471741,-0.037474296,0.215063818,-0.02157185,-0.04545615,0.131866902,-0.040747803,-0.012587542,0.091227673,0.004353358
bee,bee_02,1,2010,2039,0.136160996,0.141332233,0.141296487,0.100908641,0.1214127,0.101534328,0.079423254,0.058045741,0.031364575,0.048958168,0.039562877,0.465152156,0.22232134,0.257354615,1.807436621,0.911254168,0.909539052,0.041939844,0.622429879,0.640517104,0.192885479,278.0466734,277.725521,50.80454598,157.5044292,160.0403273,33.45569874,229.528616,211.8380071,168.9682527,184.755068,94.52896083,382.706926,52.08733241,15.55100995,4.615373852,15.8790401,3.492660277,1.923771506,3.224571557,-1.161514257,1.475192229,-0.917392578,-0.150221996,0.656211892,-0.233699031,-0.089688503,0.400506988,-0.097312622,-0.061746862,0.238699948,-0.00941685,-0.048621656,0.138605207,-0.040509087,-0.000345779,0.099256508,0.007970475
bee,bee_02,1,2040,2069,0.171314676,0.175268981,0.167119092,0.110379646,0.118144233,0.083120638,0.054002813,0.034233278,0.017752382,0.031496155,0.037168107,0.478763609,0.22852388,0.174652734,2.741231682,0.892381238,0.883245242,0.055449775,0.576568043,0.548953496,0.216636138,246.8819607,231.7955833,61.01090418,152.2906932,147.6151194,35.15255068,238.8645293,221.9365447,123.334491,131.967905,88.36897606,633.445946,66.88373397,14.02061374,4.062939086,14.79199244,4.186382441,1.980233793,4.370510768,-0.45280187,0.776955645,-0.55256367,-0.465613355,0.622253321,-0.416750518,0.042863552,0.278189653,0.019547324,0.002891027,0.167395379,0.020528806,-0.081582165,0.126739936,-0.053900426,0.01097127,0.082161035,0.017453366
bee,bee_02,1,2070,2099,0.133244396,0.154630171,0.165673845,0.119192888,0.136298519,0.100930952,0.066538855,0.040863293,0.019894343,0.031537352,0.031195386,0.522096204,0.255491407,0.190029229,2.747452104,0.894184652,0.889184795,0.050058966,0.574402569,0.574390237,0.204450078,250.9822781,244.4139853,49.09129829,152.453706,150.5284946,31.49710235,215.9106465,203.2336296,156.6348036,171.558277,68.34293104,237.54223,47.28849952,15.30681304,4.312910046,14.90744313,4.237760386,1.842395018,4.140105908,-0.644041433,1.014749878,-0.515383718,-0.505328237,0.587918455,-0.442668425,-0.029820195,0.302930171,-0.036925628,-0.00135821,0.202921999,0.003975207,-0.082057233,0.140178842,-0.071933753,-0.015440976,0.110046318,-0.000847332
bee,bee_02,1,2100,2129,0.103693124,0.131251247,0.151573348,0.115879828,0.141410153,0.114483528,0.084073567,0.057590999,0.029776795,0.043613167,0.026654244,0.523346857,0.257289981,0.241708773,2.165195952,0.895828971,0.901520728,0.044407422,0.555215554,0.530535854,0.186879086,270.3115569,274.1330111,59.22074213,141.7446291,139.1590243,27.07075492,226.4990517,195.2359387,214.4786799,197.951858,87.87504135,435.494088,43.48942336,15.78148272,4.131463184,15.33836581,3.903136243,2.161033532,3.879710349,-1.462963718,1.490390532,-1.226936918,-0.327534223,0.732054168,-0.301286513,-0.178946992,0.383629542,-0.130207906,0.024827548,0.27111062,0.016852245,-0.109299495,0.165663515,-0.102347057,-0.033992378,0.112905584,-0.012724239
bee,bee_02,1,2130,2159,0.08202273,0.116803909,0.149706879,0.123670906,0.160010245,0.133821098,0.095944213,0.059615832,0.026675061,0.03202029,0.019708837,0.567209127,0.28368115,0.233964233,2.424341191,0.898114074,0.887826455,0.046821757,0.532070007,0.485081673,0.231166837,270.0712102,268.8373258,52.49946908,139.099112,131.3528512,33.40981295,220.4801774,204.8484438,211.0253141,211.148649,76.69006647,382.706926,47.78837799,15.56371428,5.304094604,15.85485234,4.423838253,2.310147948,4.45167065,-1.875775715,1.501915823,-1.68663447,-0.157880938,0.64365141,-0.120496514,-0.035862323,0.395614061,-0.011913583,-0.158748152,0.307946487,-0.110705485,-0.005875659,0.206696891,-0.011881163,-0.057715063,0.136255075,-0.023360105
bee,bee_02,1,2160,2189,0.121388499,0.140860738,0.153510598,0.113950349,0.13672641,0.108996903,0.078330341,0.051876251,0.025953778,0.038252694,0.030153438,0.513184261,0.25067676,0.224566503,2.285221771,0.887938702,0.890932344,0.044667667,0.516445838,0.505709787,0.191956306,258.5013296,253.8739145,52.84020813,137.3567805,133.1863292,28.60211269,222.2166415,194.9973368,193.1418129,197.951858,87.26150467,356.313345,47.58842653,16.95586479,3.685372082,17.29747608,4.444958361,2.06282126,4.221607227,-1.512254586,1.435418117,-1.486973876,-0.241388766,0.68458158,-0.214487331,-0.073276027,0.401530065,-0.026941696,-0.056069728,0.262547191,-0.015769314,-0.050717208,0.172413927,-0.048993158,-0.014693184,0.124218477,-0.007173148
bee,bee_02,1,2325,2354,0.123636687,0.132196971,0.133296277,0.093955041,0.110465175,0.091249553,0.07412779,0.060487522,0.037962398,0.075073287,0.067549299,0.428966046,0.204420217,0.315200296,1.360931609,0.902769818,0.900732967,0.051631598,0.581921228,0.556447828,0.218374726,304.4133163,284.1118236,97.07957078,145.8885018,141.6786047,33.55234992,228.9251039,209.4920988,224.9621117,197.951858,139.0076738,488.28125,47.88835358,17.23550654,4.432711394,18.13054451,2.649362786,3.482398413,3.273445816,-1.537380775,1.514501812,-1.345341754,-0.126825842,0.779243263,-0.148178213,-0.120056951,0.459506919,-0.096753535,-0.014121215,0.280821131,-0.023513934,-0.087895099,0.180353271,-0.067121614,0.0195875,0.119163569,0.012139345
bee,bee_02,1,2475,2504,0.107021194,0.129694734,0.147297432,0.113130928,0.140394455,0.116371967,0.086806733,0.059163247,0.029871189,0.042375277,0.027872843,0.517194782,0.253525384,0.246089289,2.101654987,0.89106401,0.886659679,0.047565454,0.517238394,0.505683356,0.208438897,265.22683,258.155373,58.96449988,137.0867608,132.5642912,28.17631852,221.5275034,189.3949344,218.9187215,211.148649,95.69267685,461.887669,49.98784298,17.91162941,4.560171547,18.67831116,4.401282419,2.300090572,4.232271512,-1.726587325,1.411765136,-1.683757775,-0.130685398,0.726693002,-0.167957929,-0.088173826,0.438786445,-0.127400934,-0.092785161,0.28068615,-0.077524645,-0.045171323,0.159488172,-0.050610676,-0.019819185,0.121616265,-0.008488749
bee,bee_02,1,2490,2519,0.112115289,0.133581857,0.149332472,0.113177098,0.138528565,0.112963472,0.083043885,0.056190707,0.028530995,0.042005884,0.030529777,0.514001607,0.251705664,0.240301248,2.138988505,0.892244273,0.888123399,0.044277457,0.531887312,0.529613743,0.197881465,256.4087083,246.6694366,50.98286193,141.9957648,143.2907107,28.77695317,213.7866826,196.1771091,184.6317331,184.755068,90.72404783,435.494088,59.0856304,18.70545523,4.28395396,19.16855575,4.406876661,2.032492856,4.4603216,-1.362052518,1.370724261,-1.270971413,-0.158570482,0.755094741,-0.223195341,-0.0843181,0.389776971,-0.077594917,-0.035224751,0.251153551,-0.015373337,-0.066545185,0.15250785,-0.050332325,-0.006633837,0.119290335,0.010848262
bee,bee_02,1,2520,2549,0.149884939,0.167078808,0.17218621,0.11992323,0.13275347,0.094432394,0.059528976,0.034915642,0.016472806,0.026087391,0.026736133,0.519295304,0.2526767,0.163740948,3.17144435,0.882670178,0.873815789,0.050617712,0.512385945,0.483498501,0.212681893,244.1516378,236.0084711,49.87157361,137.9810102,139.6530784,31.67192092,229.8084505,201.2715633,168.8449183,184.755068,88.56762389,686.233108,63.98443909,16.95258347,4.40243874,17.20230338,4.779518181,2.065709104,4.62942165,-1.067932483,1.003803565,-1.145535922,-0.539925856,0.604789239,-0.449428197,0.059431554,0.312150087,0.008619737,-0.049149473,0.234967092,-0.041571824,-0.105163781,0.162062488,-0.097438882,0.012346118,0.113395167,0.010687468
bee,bee_02,1,2550,2579,0.12780707,0.153336243,0.168780753,0.123562248,0.142822246,0.105970189,0.068691408,0.040243516,0.018264225,0.026205605,0.024316498,0.541135435,0.266384494,0.177721252,3.044854966,0.900916472,0.896814111,0.053747357,0.581611885,0.569007231,0.234277639,261.9817866,251.3558763,54.13051741,150.903849,150.8468128,36.21109961,228.77172,211.9944852,168.9682527,184.755068,75.31172678,356.313345,58.285825,15.71955978,5.068315807,15.34406933,4.202140003,2.158200782,4.141661786,-0.982282333,1.168430723,-0.824808237,-0.422625366,0.632969855,-0.359856784,-0.006520214,0.290097491,-0.029808611,-0.027589009,0.228988838,-0.034619438,-0.084240366,0.154437548,-0.058607243,-0.007525627,0.109658641,0.009039192
bee,bee_02,1,2580,2609,0.134520605,0.147735037,0.153774444,0.110820028,0.130292392,0.102315763,0.073040267,0.048566342,0.024722081,0.038693283,0.035519758,0.497202628,0.241112421,0.22054173,2.254460542,0.898474797,0.901314649,0.047147538,0.584679335,0.590869655,0.193340041,254.8709862,250.8691912,45.80704739,154.5395798,157.7650213,29.91603669,226.2531801,200.9356914,141.8346646,158.361486,89.93733747,435.494088,64.28436614,14.42484971,4.339808182,14.48804986,4.104555063,1.726264629,4.021032906,-0.74844232,1.148482357,-0.494838145,-0.303758378,0.68784211,-0.309474731,0.01202075,0.272538843,0.005372694,-0.02128461,0.224118654,-0.010154195,-0.052809029,0.146059765,-0.034784701,-0.015762024,0.093280819,-0.008341628
bee,bee_02,1,2610,2639,0.138323599,0.156318558,0.163716985,0.115962625,0.131146353,0.096494979,0.063892255,0.040108469,0.02028864,0.034738984,0.039008553,0.507320942,0.247108978,0.198036901,2.561749543,0.899018177,0.890727644,0.051689832,0.589711593,0.577035752,0.211773399,256.2583781,244.7172822,59.04693399,152.2552406,154.93018,30.62275403,219.8415016,204.8082727,159.4714969,184.755068,90.35236416,554.265203,60.38531433,14.00834287,3.471135606,13.96570946,4.048707408,2.047564426,4.086033603,-0.790647279,0.853772487,-0.872433866,-0.442459594,0.632203279,-0.396374997,-0.013068826,0.275200777,-0.028547124,-0.020254724,0.202467022,-0.021278859,-0.088441945,0.145265921,-0.064192734,-0.011890913,0.089231051,0.001581628
bee,bee_02,1,2640,2669,0.112570875,0.130597218,0.143812806,0.10903593,0.135535585,0.114333316,0.087912951,0.061940061,0.031920897,0.044812853,0.027527509,0.502717637,0.244571515,0.25411427,1.978313291,0.901161423,0.902926972,0.04439651,0.567283771,0.588832613,0.205136789,265.5463256,262.532795,51.59463942,149.5699926,149.7714887,31.74155136,223.0764551,201.8800207,169.0915872,184.755068,105.2581807,409.100507,62.48480378,14.72095406,5.344983385,14.5501398,4.08286936,2.073411198,3.921281015,-1.338293766,1.460054491,-1.060078856,-0.022031717,0.775289078,-0.07381279,-0.022225548,0.359037613,-0.044435591,-0.053364,0.237679612,-0.014266309,-0.027892902,0.164711437,-0.014805517,-0.011120737,0.12032413,-0.005571948
bee,bee_02,1,2670,2699,0.140408755,0.158046166,0.165592671,0.117845071,0.134436304,0.100140978,0.066788968,0.041275944,0.019835568,0.029600436,0.026029138,0.518015025,0.252281376,0.183530054,2.822507884,0.884313595,0.877212863,0.049123396,0.519461723,0.476347673,0.209225399,243.6307186,232.7957274,46.98853708,142.2828154,143.8700489,30.45062265,210.4373862,195.8243297,159.9648349,171.558277,75.38437683,343.116554,54.78667598,14.57640372,4.990408376,14.04828372,4.729085275,2.065231723,4.728681936,-1.002318502,1.186865273,-0.84771412,-0.39847952,0.583977474,-0.28747487,-0.0278851,0.360510783,-0.028607814,-0.001762949,0.262049159,0.015446333,-0.071496513,0.20035102,-0.056828317,-0.00666237,0.112354514,0.008539947
bee,bee_02,1,2700,2729,0.173510476,0.177743369,0.1697522,0.112270679,0.120226976,0.084389443,0.054329065,0.033744759,0.017002392,0.028447278,0.028583363,0.486639298,0.232497655,0.162106858,3.001966141,0.88211457,0.874747652,0.053310779,0.532977151,0.527166448,0.211584185,237.4824121,232.9032005,48.58293775,146.3983919,145.9050041,32.50498942,231.9070234,195.9950539,139.4913094,158.361486,70.38108005,303.526183,57.18609248,12.51414289,4.251846274,12.06994646,4.645320378,1.948113746,4.602337455,-0.543415827,0.850073312,-0.371316649,-0.501196919,0.60668643,-0.485934193,-0.022019881,0.323133356,-0.019094691,0.033881729,0.18496888,0.040822284,-0.100338272,0.127252578,-0.070998427,0.011547885,0.093458757,0.009168203
bee,bee_02,1,2715,2744,0.167439027,0.172774711,0.166784937,0.111687392,0.12143794,0.086978187,0.057134444,0.03600335,0.018224926,0.030480088,0.031054998,0.486888456,0.233125332,0.172897806,2.816047618,0.923698366,0.956132209,0.072206191,0.686965229,0.805908479,0.294917895,307.1486418,307.7946969,94.70100952,170.5482405,180.9576123,44.38068325,227.2995135,222.3968126,205.4752621,197.951858,187.5748092,739.02027,88.07857936,10.47885945,5.857360298,10.77284838,3.090407981,2.91520616,2.333638316,-0.59173425,0.842184889,-0.432840707,-0.351676011,0.526422872,-0.309089875,-0.007908085,0.312517421,-0.043460987,-0.024468452,0.175669251,-0.015346585,-0.06981888,0.124307309,-0.043659149,0.015712221,0.08900573,0.003231273
bee,bee_02,1,2760,2789,0.109159306,0.139147172,0.163009807,0.12592325,0.153106559,0.11936582,0.07963056,0.046050574,0.019570036,0.024184766,0.02085215,0.561405436,0.279029809,0.190288086,2.950292103,0.902350244,0.897646519,0.059047078,0.581669773,0.589814886,0.260786447,266.8729201,252.7396041,69.41008178,150.3075256,151.1800315,38.78379353,229.4662289,217.0125982,182.9050502,184.755068,121.1878761,739.02027,53.187065,13.42390893,5.012888189,13.53764091,4.160147705,2.556734368,4.031688557,-1.076670299,1.31308845,-0.921987362,-0.401479728,0.64026447,-0.352453626,0.000612428,0.316235195,-0.007963823,-0.045508178,0.212354357,-0.030690456,-0.071405172,0.155635265,-0.068260682,-0.012839825,0.128431262,0.012034173
bee,bee_02,1,2790,2819,0.116449301,0.145602948,0.166314979,0.125333429,0.14871443,0.113307083,0.074863447,0.04399915,0.019559203,0.025975922,0.019880107,0.553669921,0.274047859,0.18427783,3.00453897,0.862936267,0.854602975,0.039529907,0.399539657,0.352608271,0.173243311,230.5455043,223.599311,42.71284845,121.0002996,117.6571458,21.56842232,183.5322372,158.8930968,187.2217574,184.755068,64.60586626,316.722973,34.69156308,16.93787844,3.49612423,16.94772778,5.771693507,2.008559867,6.138989419,-1.696735254,1.204118965,-1.795377178,-0.501485908,0.62894461,-0.401612482,0.058476124,0.375865044,0.022024378,-0.053461903,0.295116318,-0.028495679,-0.123311007,0.21501874,-0.119230303,0.025006341,0.134677389,0.022613253
bee,bee_02,1,2820,2849,0.125211968,0.137664069,0.143312787,0.103257582,0.121561368,0.096255517,0.070541712,0.049846555,0.027865085,0.052900761,0.071582597,0.464387254,0.22481895,0.27273671,1.702694348,0.972940074,0.992209951,0.045120996,0.883822717,0.967109131,0.193371282,412.0051273,421.3290216,80.92387985,201.3681146,204.1602027,30.77101273,239.7442994,226.6274498,408.8538377,343.116554,244.9663254,739.02027,115.4719172,6.465799766,4.154203534,4.853146686,0.627687312,2.209670343,-0.007779779,-0.463329413,0.616483769,-0.45257726,-0.264465019,0.395877391,-0.234673901,-0.027709836,0.188555756,-0.039902395,-0.0577151,0.105104132,-0.048989747,-0.03243806,0.079641173,-0.019211202,-0.018978573,0.063980966,-0.021108351
bee,bee_02,1,2850,2879,0.042373603,0.05237973,0.063116019,0.053109122,0.075745461,0.078384785,0.078722505,0.077863943,0.057558293,0.149917925,0.270828614,0.270355386,0.128854583,0.63489128,0.425829421,0.992919102,0.99372566,0.004336481,0.9692433,0.972493879,0.019251695,441.5227603,441.2017701,25.85378392,204.4993652,204.4909565,9.702230719,224.9164018,218.8024922,504.4380683,501.478041,183.307451,607.052364,136.8667139,4.650909914,0.823446955,4.516346879,-0.456938151,0.520674277,-0.428393065,-0.452559008,0.405382878,-0.435865009,-0.216890643,0.237714668,-0.187789801,-0.107818613,0.141238765,-0.11009663,-0.053091765,0.077164024,-0.051204192,-0.038670039,0.046664467,-0.040153553,-0.024767316,0.032212289,-0.019016119
bee,bee_02,1,2880,2909,0.124791825,0.135253996,0.137326914,0.096197944,0.110176082,0.085718161,0.064017025,0.048671974,0.030125745,0.06634261,0.101377725,0.429419101,0.206374026,0.310535078,1.382836051,0.965267554,0.988326143,0.044411321,0.862633207,0.953150295,0.174565113,365.411217,382.9221215,81.05281163,200.4357207,204.8455024,27.26944769,234.1023174,222.1892189,251.4790272,211.148649,228.1359543,739.02027,130.0683674,6.516433453,3.140976157,5.162317867,1.315546485,1.920782355,0.798742855,-0.238930968,0.47232309,-0.212854667,-0.296288392,0.369159425,-0.241736816,-0.085768109,0.191265847,-0.076866168,-0.016668998,0.09081621,-0.020072244,-0.045495526,0.067469033,-0.038282254,-0.020082684,0.04574961,-0.012633768
bee,bee_02,1,2910,2939,0.130436735,0.146460134,0.152704609,0.108159242,0.12322855,0.09286209,0.064732118,0.044346621,0.024781058,0.048376691,0.063912152,0.476954491,0.231387792,0.24614864,1.937668597,0.96071204,0.988584403,0.052405107,0.839571092,0.950978622,0.212624979,364.9510415,382.8217943,82.92644453,194.1481464,201.7587528,32.19730991,230.3396784,220.8027439,279.9692946,250.73902,214.1023312,739.02027,113.3724278,7.39105367,4.504941764,5.401572175,1.521916292,2.226236868,0.730017058,-0.464208885,0.564244739,-0.409543582,-0.32457181,0.405559063,-0.25704026,-0.066481979,0.235456568,-0.085343981,-0.028480265,0.143590763,-0.016179562,-0.051442637,0.078190111,-0.042942795,-0.019567204,0.059375277,-0.017842743
bee,bee_02,19,85,114,0.143912551,0.15685809,0.159834465,0.111758199,0.126379902,0.094514445,0.064736666,0.042365645,0.02198162,0.037244903,0.040413514,0.492487011,0.238138101,0.206742348,2.382129333,0.907185604,0.911103546,0.048775122,0.6217185,0.638510256,0.205893381,262.829762,259.9050561,53.48056547,159.3380373,159.7209238,33.08607651,232.5853958,209.3602909,152.8114344,171.558277,78.63562175,329.919764,55.48650571,13.58718534,4.091667229,14.2342999,3.795709342,1.890511759,3.684188675,-0.701905782,0.873193518,-0.681549854,-0.379912514,0.642441528,-0.353149286,0.019311682,0.293008925,0.025443807,-0.055742816,0.174225668,-0.021022198,-0.064554347,0.133722478,-0.052724521,-0.004107718,0.078000588,0.003131185
bee,bee_02,19,120,149,0.135019931,0.150532741,0.157156486,0.112120388,0.128923689,0.097658798,0.067166061,0.043932609,0.022929277,0.040218851,0.044341168,0.495859361,0.241044077,0.218587967,2.26846595,0.889817732,0.887249586,0.049625252,0.558483076,0.545211617,0.19401857,248.410043,244.1754019,48.39501897,147.4163995,145.1541135,28.99569517,217.5051015,190.1468891,155.6481277,171.558277,77.04332238,316.722973,55.98638414,15.7711329,3.835940922,15.71811626,4.31750576,1.773720568,4.306276893,-0.732695932,0.87232555,-0.732326362,-0.5359679,0.655392144,-0.480783107,0.027344806,0.280552249,0.001462447,-0.002120121,0.19284242,0.006520221,-0.112045997,0.141081894,-0.088642372,0.009999417,0.09351219,0.011616216
bee,bee_02,19,150,179,0.127201199,0.145537327,0.15698493,0.115661852,0.137406235,0.10741403,0.074690586,0.04730791,0.022813188,0.033889112,0.031093632,0.517467047,0.253068087,0.209794427,2.466543341,0.900486365,0.901407691,0.050580503,0.588389758,0.593732251,0.211521833,259.0664293,250.9266771,50.92689641,153.3263378,151.2496518,33.12885757,229.4800055,209.9140672,164.6515455,171.558277,72.32441945,316.722973,52.88713792,14.75087753,4.615588601,15.03338434,4.111017891,1.908013495,4.04222939,-0.800610723,1.074897838,-0.648298232,-0.389100306,0.558198345,-0.350145742,-0.010252601,0.359690521,-0.021458436,-0.03308756,0.236761646,-0.019257727,-0.048337682,0.136103127,-0.025409804,-0.007958093,0.098501375,-0.004345124
bee,bee_02,19,180,209,0.130629413,0.14899459,0.158149457,0.113681517,0.130784494,0.098378142,0.066764197,0.043103123,0.022444566,0.040217761,0.04685274,0.50099361,0.244466011,0.219382386,2.283654668,0.913260554,0.9218681,0.054889198,0.657255916,0.688579635,0.22093994,271.2698202,265.3422143,59.64848881,167.3521604,169.8983093,33.98356106,224.8746687,213.661947,151.208086,171.558277,86.08869091,409.100507,62.78473084,12.87622864,4.334940163,12.31652749,3.549427618,2.045588563,3.269358421,-0.477392289,0.80414473,-0.531495177,-0.460220025,0.521298491,-0.383259481,-0.022891305,0.291731874,-0.062203492,-0.000476436,0.15391482,0.010853966,-0.078541349,0.112053263,-0.063704387,-0.002635346,0.082808973,0.000889947
bee,bee_02,19,210,239,0.122787482,0.141840897,0.154693716,0.115347505,0.139246344,0.11151181,0.079746843,0.051599393,0.024772123,0.033731384,0.024722503,0.520799374,0.254593848,0.214572247,2.427151606,0.923455328,0.930170056,0.052160676,0.690172053,0.733253136,0.221479198,283.9355613,275.9908111,60.14013883,175.6478285,180.5020422,34.63106641,231.5182537,220.1758159,144.1780199,158.361486,84.63672496,329.919764,57.68597081,12.68072119,5.613311076,10.9662831,3.216726718,2.029141738,2.903800984,-0.511572306,1.178035536,-0.241895348,-0.199397671,0.614602603,-0.204541725,-0.107002875,0.293144691,-0.088637637,-0.027304553,0.187753149,0.00685225,-0.043866702,0.12097302,-0.029019079,-0.011790207,0.089837481,-0.00639876
bee,bee_02,19,240,269,0.173067628,0.181061202,0.174191558,0.114113322,0.119129209,0.080031971,0.049268477,0.030211773,0.01581426,0.029419954,0.033690646,0.487466059,0.233242531,0.158405112,3.077337936,0.909350971,0.920321923,0.058392138,0.651224594,0.686384818,0.220076088,267.4014978,268.8915313,64.53878031,166.0640886,169.0422574,32.76445558,228.5487068,215.6677146,145.4113649,158.361486,86.48610152,514.674831,62.28485244,12.3439719,4.700327971,11.59321595,3.541915247,2.063686126,3.329000974,-0.335207259,0.796723168,-0.378229587,-0.423004052,0.524648566,-0.323800717,-0.123795144,0.280387841,-0.116996178,0.038490163,0.185234626,0.024824443,-0.078427631,0.12889706,-0.061255809,-0.013120453,0.099225518,0.004981508
bee,bee_02,19,300,329,0.168301938,0.173419207,0.166153946,0.109875595,0.117450075,0.082510935,0.053945202,0.035081341,0.018927931,0.035136573,0.039197257,0.475990551,0.22732567,0.182288304,2.611196332,0.872266501,0.863754789,0.057382635,0.506532239,0.483881451,0.210768264,231.5313456,219.006009,50.38144445,140.268782,141.2093675,29.08145758,205.1241869,188.1166519,144.3013545,158.361486,70.60468394,250.73902,53.18706494,16.45447073,4.788839439,16.05990406,4.842928437,1.935716982,4.93072013,-0.459999152,0.759005011,-0.577863563,-0.659925043,0.627087516,-0.493776601,-0.054352676,0.291067674,-0.074381222,0.099484707,0.172191871,0.070698964,-0.141296809,0.15424819,-0.110351487,-0.003624887,0.113315515,0.017102717
bee,bee_02,19,335,364,0.121046492,0.14290215,0.157980927,0.11809196,0.141444924,0.110921648,0.076863736,0.048137372,0.02277515,0.032343828,0.027491812,0.528439459,0.259536885,0.207611899,2.545323566,0.893473021,0.893717556,0.046097806,0.5430093,0.536318375,0.202710971,259.5818318,257.6926457,48.55040228,142.9167132,141.5053879,31.05693397,218.7091749,202.5064383,179.5750189,184.755068,85.41520041,435.494088,51.38750258,13.7637411,3.699062993,14.06883278,4.353499571,1.999923636,4.185389034,-1.307991078,1.307274366,-1.109784626,-0.309641929,0.675638665,-0.309884644,0.015025965,0.354196038,0.037702211,-0.078867992,0.254507576,-0.046043523,-0.060760137,0.151165614,-0.051397691,-0.006481919,0.104487322,-0.008178488
bee,bee_02,19,360,389,0.140165372,0.151771861,0.155091979,0.10971256,0.126500921,0.097270953,0.068417469,0.04544271,0.023529624,0.03920313,0.042893422,0.488576413,0.236213481,0.219486355,2.225999032,0.929162531,0.931539882,0.051803788,0.703684375,0.731702328,0.226637955,297.1564084,283.8163975,76.8799856,172.5559108,171.780489,34.89613054,223.5549631,214.6633547,183.6450571,184.755068,169.3688098,739.02027,79.98054882,9.878726131,4.397229986,9.266062803,2.941549021,2.290297536,2.940038454,-0.75577066,0.894283499,-0.553748068,-0.250672186,0.556541717,-0.227224101,0.014670304,0.28380325,-0.012281356,-0.072093109,0.165308977,-0.048570612,-0.041183969,0.097399604,-0.032094234,-0.004166873,0.078833222,0.003293591
bee,bee_02,19,390,419,0.12812354,0.145518091,0.154839874,0.112306758,0.131321759,0.101497712,0.071202994,0.047222688,0.024619057,0.04157446,0.041773068,0.499966103,0.243628517,0.226392266,2.208406278,0.888649018,0.888507704,0.052701375,0.540320563,0.52756953,0.209668175,251.8935198,243.90676,53.42681592,141.1882818,140.5934461,28.50299572,214.1364243,190.5239096,180.6850294,184.755068,83.96847297,435.494088,53.88689475,14.77914421,4.15356181,14.8638586,4.46351105,2.080980415,4.506349833,-1.073150116,0.851051115,-1.165157686,-0.488632774,0.669210759,-0.367541314,0.022886309,0.291842462,0.018541109,-0.017586007,0.202726862,-0.016492729,-0.117278996,0.14483448,-0.106074009,0.009433225,0.10046184,0.010203732
bee,bee_02,19,420,449,0.161561116,0.172136174,0.169736577,0.114187994,0.122886878,0.085704162,0.054476354,0.03380068,0.017469329,0.03151881,0.036521927,0.49251561,0.237074872,0.1737871,2.834017089,0.894020541,0.890946822,0.054152788,0.588908782,0.591551912,0.210231909,246.3721539,240.6283761,53.98675015,157.7707155,158.7634078,33.90205628,237.9440297,214.9212448,125.3078429,145.164696,65.52270233,237.54223,55.08660304,10.75109886,4.622563076,9.679160642,4.155310054,1.896307127,4.000762801,-0.277620766,0.778958988,-0.23309612,-0.470291804,0.54081468,-0.427233753,-0.061448208,0.300014462,-0.068362653,0.048315226,0.194533298,0.043473961,-0.073521883,0.134739607,-0.05107147,-0.011248465,0.094968858,0.00674021
bee,bee_02,19,450,479,0.167040448,0.174013328,0.16715165,0.10973335,0.115358782,0.078856721,0.050258418,0.032650244,0.018200876,0.036778519,0.049957665,0.471100503,0.225092132,0.187845721,2.507911816,0.91045528,0.925565643,0.066374471,0.662785656,0.699731028,0.239410979,277.2677932,268.9874515,83.66801817,167.0228638,163.5466381,36.22949739,233.7883828,221.2750113,160.4581728,171.558277,151.3751628,739.02027,55.78643278,8.940943109,3.51957857,8.7085661,3.293907731,2.22995512,3.213484196,-0.148401823,0.685852743,-0.070186329,-0.545908769,0.538799039,-0.496371203,-0.137287018,0.199321913,-0.110482506,0.070245784,0.145575425,0.055621679,-0.078458934,0.085397304,-0.06656366,-0.041898608,0.081453822,-0.018563963
bee,bee_02,19,680,709,0.132753307,0.151764635,0.161567502,0.11653578,0.134627944,0.101676089,0.068788499,0.04332596,0.021387278,0.03397964,0.033593366,0.514407315,0.251163724,0.201074743,2.558289058,0.909079187,0.915530754,0.054343419,0.629009701,0.648163136,0.224328094,269.110857,265.0224036,64.77247856,161.1535325,163.7121087,32.79322958,223.742635,204.951825,168.8449182,171.558277,106.5974172,739.02027,69.28315044,12.2406211,5.757755698,11.3089645,3.678138558,2.156106549,3.495993578,-0.716643013,1.108928025,-0.550291633,-0.330819963,0.606357248,-0.318338713,-0.039924754,0.366069742,-0.056513798,-0.036794768,0.225865344,-0.010129473,-0.046921759,0.138887281,-0.045919892,-0.005631229,0.112338845,0.005097358
bee,bee_02,19,710,739,0.140989821,0.151524945,0.152815607,0.106379035,0.120431828,0.091044558,0.06419332,0.044490174,0.024871385,0.047031909,0.05622742,0.470671027,0.226810862,0.236814208,1.987511778,0.928793536,0.932602861,0.042989498,0.717250862,0.744474223,0.173426372,284.0288646,276.8864873,57.12149535,176.1674165,179.6138811,28.12626706,236.4541243,215.3814799,154.6614517,171.558277,95.92542974,580.658784,68.68329638,10.83608291,3.659265676,10.37192384,2.973485635,1.598024196,2.927388559,-0.413670132,0.76860576,-0.367969037,-0.350036703,0.49642313,-0.2900954,-0.113706888,0.236672646,-0.097333998,0.01194524,0.138897201,0.008701769,-0.06013991,0.112301933,-0.048290674,-0.022704664,0.067983852,-0.012960291
bee,bee_02,19,740,769,0.117906265,0.13623224,0.149837922,0.11318655,0.138816573,0.113234274,0.082338706,0.054108755,0.026423943,0.037603991,0.03031078,0.515075319,0.252003124,0.230786176,2.23182917,0.904037882,0.901657665,0.046174092,0.578363269,0.585995746,0.212240912,267.6617314,264.0082691,50.25541988,148.2401725,148.0887827,31.04306126,238.5044634,194.4963404,185.4950745,197.951858,86.52001856,395.903716,54.38677319,14.67408067,4.364013449,14.67027891,4.061727489,2.08604249,3.897790174,-1.389108494,1.221016205,-1.232752267,-0.178515025,0.636800455,-0.156818648,-0.034701579,0.321926473,-0.040757478,-0.061554174,0.242467796,-0.022201673,-0.053993202,0.168436657,-0.055811329,-0.009434017,0.114084597,0.005090201
bee,bee_02,19,770,799,0.111936772,0.139779865,0.160680003,0.122537955,0.14803636,0.115909113,0.079150616,0.048098814,0.021850446,0.029117711,0.022902345,0.547163431,0.270574315,0.201119932,2.720582815,0.892451302,0.891331141,0.050610133,0.541730369,0.529373334,0.220253495,254.9296354,250.0475319,48.85890624,144.0350531,139.7888575,32.32173846,214.8101278,200.860747,170.0782631,184.755068,78.1016972,356.313345,51.38750261,13.61514394,5.040770416,12.81705336,4.521897389,2.124385746,4.480269275,-1.170171412,1.245447362,-0.99398368,-0.369761688,0.676491667,-0.348170367,0.023320632,0.337367356,0.025792415,-0.033958385,0.228894214,-0.019844891,-0.07427438,0.161071336,-0.064820868,-0.003000779,0.11677368,0.00410854
bee,bee_02,19,785,814,0.112389567,0.139105015,0.159287499,0.121471871,0.147049639,0.115572394,0.079316073,0.048518943,0.02221756,0.030062615,0.025008824,0.543381403,0.26852151,0.205124016,2.649038442,0.899164172,0.894013518,0.05653641,0.580261791,0.587859544,0.244147734,261.5924844,255.1548031,58.55416823,152.801175,151.7471605,37.46653417,229.360118,211.8954569,155.2781242,171.558277,81.1994227,369.510135,51.78740537,13.23869815,6.045966852,13.63885831,4.197847815,2.291029084,3.836805341,-0.904964012,1.341684453,-0.535874409,-0.370517456,0.654940504,-0.306850036,-0.034367817,0.320132214,-0.067689895,-0.024912421,0.232314798,-0.006328767,-0.061653253,0.163590653,-0.054686994,-0.020517284,0.115132595,-0.01476414
bee,bee_02,19,1720,1749,0.112761128,0.13315566,0.147641408,0.111123875,0.134990904,0.109001059,0.079393183,0.053653797,0.027725738,0.044707712,0.045845536,0.502757246,0.246114779,0.251325967,2.000419029,0.930703307,0.938549588,0.054659562,0.696240786,0.711395767,0.238157619,321.121989,301.1848643,87.71964228,164.6391859,161.8131551,37.81262173,237.8888098,219.2231362,263.1958039,237.54223,191.9463896,739.02027,87.97860358,9.747389734,4.026553005,11.09965792,2.668343712,2.516505919,2.734232045,-1.104847157,0.987477818,-1.083524424,-0.284900741,0.621126025,-0.397388271,0.013711822,0.313477222,0.01529582,-0.103451015,0.170580223,-0.099088803,-0.05393618,0.099259412,-0.051576686,-0.00596083,0.074406259,-0.010757508
bee,bee_02,19,1770,1799,0.110973772,0.126211034,0.137112652,0.103109242,0.127107559,0.105979818,0.080777207,0.057649311,0.031418939,0.055025472,0.064634994,0.473309272,0.230216801,0.289505923,1.634886315,0.951003091,0.967005294,0.049358356,0.792403719,0.862689005,0.209615615,348.9284411,351.9118631,82.41541276,181.6627124,184.0911288,32.25839645,223.9632152,217.03839,277.0092669,250.73902,181.5128164,739.02027,82.97981933,8.025227796,3.879799711,7.245481089,1.815768733,2.248294059,1.339490225,-0.84152471,0.878026481,-0.673172884,-0.237093677,0.476119533,-0.248388713,-0.026668906,0.253011194,-0.052426838,-0.05598142,0.152539878,-0.031128297,-0.031921129,0.090033233,-0.039320976,-0.014210237,0.067516701,-0.009337109
bee,bee_02,19,1860,1889,0.075949798,0.098518087,0.122719285,0.103615955,0.142456201,0.132670168,0.109886218,0.081086888,0.042574622,0.059116695,0.031406083,0.50146161,0.246072156,0.324070506,1.547384291,0.909925707,0.906378184,0.047445601,0.584317591,0.554732348,0.231033278,305.6681449,298.8655574,73.65557261,144.887273,138.6327304,35.10946922,224.9783657,214.1872724,255.7957344,263.935811,141.456177,739.02027,74.0819833,15.338695,5.881813806,17.74247905,3.227916954,2.688627477,3.270406707,-2.021363948,1.716924526,-2.229496023,0.129375767,0.757103535,0.108243845,-0.19995025,0.441561307,-0.122118598,-0.025258992,0.282291522,0.014220216,-0.055282428,0.206938701,-0.036193804,-0.019764797,0.122692574,-0.012911832
bee,bee_02,19,1890,1919,0.129946656,0.145690506,0.15467319,0.112916749,0.133479222,0.104248097,0.072959604,0.047108878,0.023482127,0.037450986,0.038043984,0.505317258,0.246395972,0.21904558,2.306904612,0.904729003,0.903599723,0.051181529,0.607177128,0.591538182,0.218956446,262.0910656,255.1174496,55.08295385,157.012215,153.1279661,35.19627091,232.7943376,213.6665989,150.8380825,171.558277,92.22142526,541.068412,56.1863356,14.11221955,4.939535878,14.68836279,3.947223238,2.063155088,3.965947196,-0.774927045,0.962167675,-0.732387459,-0.385288375,0.611871221,-0.30111646,0.030816699,0.331917144,0.010399619,-0.031928643,0.196451363,-0.006800885,-0.078282997,0.127180299,-0.047358618,0.018546687,0.097017623,0.02066089
bee,bee_02,19,1920,1949,0.122717906,0.141589586,0.154153696,0.114476927,0.136988384,0.107988068,0.075956511,0.04911547,0.024421552,0.038119222,0.034472678,0.513607074,0.251465311,0.222085434,2.312655385,0.877864446,0.868146888,0.050244899,0.491699977,0.4635342,0.207082631,238.3409443,228.9820727,47.33680748,136.1693314,135.1272132,28.08479876,206.028939,185.4602591,160.5815074,184.755068,79.0394905,316.722973,52.58721086,17.91379438,5.291795178,18.02087407,4.978835867,2.122167429,4.976866329,-1.097131849,1.039835563,-1.154265053,-0.473320704,0.667008919,-0.423826127,0.077388907,0.27475631,0.046004421,0.004250296,0.243905481,0.014810892,-0.133494036,0.165447124,-0.088102504,0.039104375,0.109748895,0.033277638
bee,bee_02,19,1950,1979,0.136354837,0.148625025,0.153677501,0.110201837,0.12894984,0.10068653,0.071543838,0.047624229,0.024530846,0.039973787,0.037831732,0.493515707,0.239151677,0.221504431,2.228017317,0.891688333,0.893932334,0.047532649,0.540929561,0.536448082,0.199866549,252.7699153,245.5513372,45.43494792,144.2856949,144.4785794,28.54829152,197.0926833,189.5463984,169.0915872,184.755068,83.10635506,316.722973,62.08490103,15.79430077,4.60463759,16.12978849,4.482189732,1.954396142,4.207368602,-1.182723081,1.109686645,-1.130003657,-0.339607481,0.635635981,-0.226292006,-0.016208516,0.390259941,-0.005706999,-0.020187686,0.241915172,0.021295165,-0.078234802,0.152066741,-0.050427311,0.004007828,0.112800723,0.019730157
bee,bee_02,19,1980,2009,0.120626092,0.135505774,0.141168515,0.100015505,0.114644871,0.088473959,0.06527738,0.049176553,0.030242735,0.064868009,0.090000608,0.44430285,0.214660376,0.299565285,1.483158672,0.969468541,0.991591137,0.047352585,0.874741502,0.963669377,0.19080701,387.6759182,406.506962,77.82738308,196.426387,199.0522484,29.23481483,243.849616,225.072181,307.4728861,277.132601,196.4544275,739.02027,106.5740813,6.455172841,3.261982848,5.175176773,1.015986313,2.039869676,0.297017003,-0.491854199,0.541410777,-0.542747794,-0.230622596,0.398330892,-0.198268464,-0.099204944,0.208226576,-0.09904826,-0.016566305,0.123015733,-0.019962065,-0.053143727,0.075354087,-0.048367548,-0.014931501,0.053926307,-0.009933617
bee,bee_02,19,2950,2979,0.108650639,0.129718473,0.146537877,0.112656352,0.140066151,0.115810193,0.085329571,0.056869387,0.028143984,0.040787335,0.035430038,0.515070573,0.252722503,0.246560315,2.089024639,0.917584364,0.912417389,0.056662382,0.649378011,0.645785248,0.241664757,297.0273518,284.6397473,87.74262099,159.7177614,152.373516,36.99705736,229.4634043,216.095793,208.3119554,197.951858,170.5564262,739.02027,73.5821049,10.79195676,4.454110118,11.43893823,3.114246949,2.568830839,3.530114877,-1.008325881,1.259526748,-0.875371387,-0.203988093,0.629640971,-0.200319927,-0.048326332,0.322649787,-0.056227084,-0.058129292,0.204670532,-0.052889561,-0.044895789,0.134674703,-0.037008207,-0.011659503,0.107603481,0.003785513
bee,bee_02,19,2980,3009,0.043935149,0.055093148,0.066412552,0.05533386,0.077667579,0.078867169,0.078142135,0.076915568,0.056932364,0.148541121,0.262159354,0.27828116,0.133001439,0.622690543,0.446901215,0.992504659,0.993759814,0.005392285,0.967149436,0.97303122,0.024399241,436.0110142,435.5666384,30.53169019,203.3863918,203.9461489,10.03015821,229.209872,219.7845309,465.4643692,461.887669,193.8455858,673.036317,125.8693885,4.809813583,1.047670587,4.73672481,-0.371148027,0.655764641,-0.321077252,-0.468426599,0.381814727,-0.498729245,-0.20522232,0.24174318,-0.222469341,-0.139036683,0.147312157,-0.133717456,-0.051171593,0.081104932,-0.045866392,-0.046399668,0.041638489,-0.048644473,-0.02355691,0.028992431,-0.02082523
bee,bee_02,19,3115,3144,0.098527316,0.114088358,0.125526847,0.095064572,0.118170943,0.10089158,0.081662128,0.065418551,0.040995249,0.084160517,0.07549394,0.439653942,0.213235515,0.347730385,1.264352963,0.914142432,0.91444811,0.047663398,0.633191139,0.653181614,0.208802279,311.066162,278.1090063,102.2613631,155.8505268,156.6964219,32.24805121,224.617514,208.4014058,241.365599,211.148649,173.8588907,725.82348,65.58405004,11.89657181,4.380200411,12.23799545,2.352460318,3.308348666,3.010918711,-1.135546362,1.253731111,-1.10026405,-0.080077552,0.740664517,-0.112214634,-0.080799461,0.37138399,-0.076839412,-0.000464941,0.26602398,0.025730741,-0.069828462,0.165429368,-0.058476097,0.006090534,0.109072426,0.003703826
bee,bee_02,19,3130,3159,0.120327139,0.14606599,0.163864754,0.12260794,0.145370131,0.111266096,0.074194239,0.044163773,0.019913243,0.027380204,0.024846491,0.543108921,0.267978071,0.19049795,2.850996145,0.894861841,0.886360633,0.04734788,0.554546387,0.528539723,0.213277182,254.0685941,245.4921482,49.59561805,147.3257976,146.5664572,30.75435398,212.6878957,193.5161763,176.2449877,184.755068,83.70412453,422.297297,53.58696773,13.34903753,4.243405932,13.30145466,4.367918129,2.018826691,4.507243109,-1.102464077,1.200137439,-1.0252008,-0.378502991,0.646047234,-0.341498741,0.012300135,0.324914669,-0.036029485,-0.073544899,0.260273186,-0.022181483,-0.056971851,0.176767337,-0.051859185,-0.01650743,0.118338655,-0.002951772
bee,bee_02,19,3160,3189,0.155311833,0.160276948,0.153929354,0.102235407,0.110363815,0.079466319,0.054594153,0.03849264,0.022715346,0.048477257,0.074136928,0.445994895,0.212599222,0.238416324,1.870655866,0.948847975,0.977614791,0.053690851,0.800840269,0.90991327,0.204458735,342.5351538,353.395831,91.92429076,186.6222764,190.6202591,28.80841796,225.3646581,217.3169746,262.5791314,211.148649,226.0413067,739.02027,100.275613,7.541795863,3.125722592,6.61674664,1.833160497,2.182023326,1.35300459,-0.401448099,0.563584183,-0.435950077,-0.334858465,0.390660198,-0.262068229,-0.085425177,0.198866175,-0.079074367,-0.017852533,0.106076649,-0.02976701,-0.045563988,0.080552047,-0.034666146,-0.020329669,0.05109873,-0.019105053
bee,bee_02,19,3300,3329,0.084401172,0.095869948,0.10525023,0.081246276,0.105699537,0.098291488,0.089105036,0.079877861,0.05368122,0.112392987,0.094184244,0.390487531,0.186945813,0.429241349,0.909715552,0.927682229,0.928260546,0.041464565,0.702287753,0.707216773,0.167986686,313.3698521,303.1020717,78.43508092,164.4447193,163.2193252,29.47390483,244.2460345,216.0820115,231.8688431,211.148649,153.6912009,739.02027,72.6823237,10.73044191,3.179013592,10.97374479,2.254454218,2.213939572,2.423349297,-0.986567327,1.242004731,-0.730432973,-0.220014585,0.683209234,-0.244913213,-0.183355253,0.363204007,-0.152051371,0.035842684,0.192450028,0.020172755,-0.107894884,0.13266588,-0.079900982,0.005360242,0.093630615,0.007287228
bee,bee_02,19,3310,3339,0.163107974,0.164165004,0.155383193,0.103334399,0.113323122,0.084024131,0.059096193,0.04109313,0.022866264,0.042456166,0.051150423,0.456064846,0.216657521,0.216662176,2.104958305,0.910870984,0.907960217,0.043743445,0.655513054,0.643305682,0.165490856,266.169319,257.3404491,54.93953271,166.6938994,166.925607,28.45806186,238.7967281,220.2802372,142.9446751,171.558277,111.6911341,739.02027,59.68548458,9.955714382,3.127398671,10.00038149,3.429431219,1.508097526,3.549098451,-0.364760347,0.969219835,-0.239575976,-0.408227015,0.561766188,-0.34388826,-0.098223627,0.250418122,-0.077350463,0.021728022,0.151684871,0.021457793,-0.066214337,0.111014392,-0.054946351,-0.020543389,0.079116712,-0.000914277
bee,bee_02,19,3370,3399,0.081731227,0.103302876,0.125978407,0.104986135,0.143124428,0.132410198,0.108850121,0.079190553,0.040627877,0.053429564,0.026368613,0.506499169,0.248110563,0.308466728,1.641989631,0.90332516,0.89570018,0.051349254,0.578497357,0.565016518,0.227892145,283.3418834,282.1652446,65.51671128,148.4542745,143.3053931,34.2539079,227.7343465,211.6917434,199.185203,184.755068,110.6675358,488.28125,58.6857277,14.10210012,5.593586225,13.55052516,3.66568328,2.205907131,3.448504219,-1.494539267,1.837160524,-0.866068853,-0.083557639,0.798621851,-0.078481095,-0.21403128,0.489551434,-0.130038498,0.019959793,0.263890383,0.020147839,-0.093193315,0.188840298,-0.056594536,-0.009721648,0.12773714,-4.74E-05
bee,bee_02,19,3400,3429,0.087822495,0.116394186,0.143395187,0.116789805,0.151186355,0.128316462,0.094861231,0.061982208,0.029618452,0.040110129,0.02952349,0.539687809,0.26797616,0.256095511,2.107369268,0.926466825,0.928272694,0.050270897,0.664960358,0.676300885,0.241030652,308.1104533,301.1885261,70.76629648,159.5878824,158.1951269,36.86903836,236.6512169,216.0269679,241.11893,237.54223,161.4977034,739.02027,76.78132672,11.65888043,5.065828665,11.54815293,3.032375891,2.370810264,2.991857947,-1.499470782,1.395220152,-1.18169855,-0.12389608,0.578914016,-0.184199707,-0.098062992,0.363835579,-0.073475799,-0.090169305,0.220021278,-0.062509456,-0.044610516,0.133313192,-0.048289527,-0.018335458,0.089003042,-0.00598694
bee,bee_02,19,3460,3489,0.088413737,0.109659808,0.12952688,0.104087503,0.136199323,0.120492042,0.095995803,0.06976403,0.03732469,0.058467803,0.05006838,0.490305749,0.240286827,0.311620706,1.57340555,0.925244183,0.92528355,0.041197872,0.685116956,0.668625395,0.172532459,296.6898846,296.5200017,56.20452584,161.7741977,160.0190148,27.39304951,226.1918985,212.4503486,218.7953871,224.345439,106.8992859,739.02027,56.18633555,10.32443427,3.603539024,9.880866779,2.955192528,1.600473786,3.047927122,-1.117249409,1.155237814,-0.860250763,-0.341564553,0.668712857,-0.420935236,-0.073028123,0.296527163,-0.061657631,-0.038204343,0.181214117,-0.033701774,-0.086081207,0.139618212,-0.081389556,-0.02005883,0.077928337,-0.011819199
bee,bee_02,19,3490,3519,0.105594786,0.128399739,0.146390987,0.112330497,0.137931191,0.111233235,0.079578914,0.052323065,0.026678058,0.045313208,0.054226319,0.507885911,0.250261688,0.258119564,1.967638188,0.951460323,0.984113819,0.054755631,0.802201881,0.934725168,0.225458058,360.5617009,380.4508166,94.29883451,188.9381258,197.361718,35.21166006,242.8637807,222.8377266,325.7263908,250.73902,248.3786737,739.02027,97.07639104,7.591902637,5.013528288,5.303836475,1.636550002,2.482238473,0.593713635,-0.461727565,0.835351763,-0.404881866,-0.320203414,0.454103174,-0.274598144,-0.051078528,0.249824301,-0.070660122,-0.047229958,0.152166417,-0.03482095,-0.053710186,0.086862237,-0.039909253,-0.007207501,0.073430467,-0.002111082
bee,bee_02,19,3560,3589,0.100228378,0.121017817,0.136155094,0.103942582,0.12992892,0.111891854,0.090630551,0.06982199,0.039778393,0.062730541,0.033873882,0.48191845,0.233871502,0.296835356,1.623521052,0.933434406,0.936792187,0.056319302,0.702337845,0.72012436,0.255329119,354.0849526,370.5239469,85.00665822,164.5050769,164.1177523,39.83666287,226.4846211,219.138381,292.0560748,277.132601,175.3007936,739.02027,91.67770396,11.49232346,6.677615686,10.95773535,1.887283335,2.813242211,0.953194353,-1.537939131,1.670534097,-0.927570454,-0.115352985,0.686447998,-0.157919234,-0.231592339,0.468751526,-0.120311749,0.012352399,0.22916839,-0.001787109,-0.124329248,0.188712062,-0.076780695,0.012612533,0.107260942,-0.008248204
bee,bee_02,19,3580,3609,0.137457658,0.160576076,0.172041604,0.123022281,0.138925691,0.100459593,0.063758315,0.03702535,0.016967918,0.025246963,0.024518551,0.534449169,0.261947972,0.167517097,3.190415667,0.895183932,0.895079514,0.048841176,0.566591335,0.578843764,0.212474707,253.7547569,247.7654905,46.65903759,150.5108162,154.2118277,31.07797356,224.5124376,197.7357747,164.5282111,171.558277,68.36050394,263.935811,53.58696773,13.73769676,4.93910454,12.8638117,4.354522388,2.04176878,4.059348943,-0.879698597,1.103666887,-0.720604141,-0.47944336,0.631660406,-0.416572173,-0.009179986,0.361032562,-0.008275483,-0.030243853,0.237256774,-0.006676411,-0.082452918,0.170154265,-0.067814276,-0.005676832,0.121707365,-0.002781852
bee,bee_02,19,3610,3639,0.137082411,0.15525181,0.163184739,0.116200673,0.132568522,0.099043342,0.0668879,0.042620491,0.021423182,0.034256495,0.031480436,0.510997275,0.248769194,0.196668503,2.598266962,0.886851522,0.888320689,0.047951598,0.526755495,0.549323835,0.206124495,245.0746278,240.5935018,41.52769954,144.1406801,146.7230968,31.07680121,221.3720277,194.1759096,157.2514761,171.558277,69.45452439,316.722973,55.28655441,15.17221563,4.92152232,15.65779569,4.719216039,2.003903227,4.296639635,-0.966929505,1.023131186,-0.749252122,-0.408459097,0.686237545,-0.376737308,-0.014468113,0.367098519,-0.045317638,-0.021927188,0.246582596,0.01443681,-0.087640613,0.150116511,-0.068241519,0.000107178,0.108729506,0.00944443
bee,bee_02,19,3625,3654,0.141449929,0.154194183,0.157577712,0.110812316,0.126533122,0.096245047,0.067475807,0.045283562,0.023839567,0.039607097,0.036981657,0.491168198,0.237345438,0.21318769,2.30392382,0.897331179,0.896942196,0.052569948,0.577351682,0.592639233,0.219664931,254.9469055,247.2691617,49.72206483,153.7404456,158.2741157,32.8898865,227.7448624,199.7253354,147.7547203,171.558277,76.08649213,290.329392,60.0853873,14.24557974,4.900075138,14.41782791,4.245467302,2.111858075,3.948116615,-0.770915127,1.006797762,-0.688543384,-0.341680092,0.73597148,-0.309005323,-0.026001055,0.396951107,-0.051151623,-0.012620603,0.220708874,0.025123081,-0.078084216,0.14782718,-0.054163542,0.005023847,0.116132929,0.009543711
bee,bee_03,7,350,379,0.151935735,0.156460244,0.150341199,0.100278468,0.109331283,0.08038984,0.057065558,0.041761633,0.025225649,0.05354448,0.07366591,0.440340791,0.209609752,0.25126323,1.752507884,0.930126446,0.936146318,0.044241757,0.731661344,0.758317873,0.16254249,287.2071005,282.730839,64.46024204,177.5250895,179.8272105,24.31214563,229.93533,216.51419,151.0847515,171.558277,112.7260504,527.871622,70.38288298,9.512108014,2.635491654,9.245880221,2.781528941,1.608880525,2.78763005,-0.286714448,0.618879647,-0.351287557,-0.365568698,0.465648288,-0.282043962,-0.12988123,0.261710012,-0.118370626,0.01513697,0.154527171,0.007207413,-0.052159594,0.104534068,-0.047727419,-0.028678421,0.071283303,-0.009355339
bee,bee_03,7,380,409,0.09462209,0.115764278,0.133591066,0.104638177,0.133402666,0.115490436,0.091864411,0.068589712,0.038323186,0.062329509,0.04138447,0.487122345,0.238040843,0.302491287,1.610368185,0.90994155,0.914277032,0.047783075,0.59809127,0.606794158,0.225346173,287.0310998,275.8473009,68.44459595,150.6567587,146.9472198,33.00491178,219.82808,204.9974078,211.1486487,211.148649,120.0180493,699.429899,63.18463352,14.56025197,5.335981851,15.31371572,3.511604762,2.486100276,3.251204837,-1.56245127,1.498579309,-1.321825489,-0.092520331,0.682709339,-0.125196096,-0.174353019,0.460013264,-0.111768356,-0.037473814,0.285768819,-0.009811195,-0.078383521,0.19818658,-0.053173757,-0.010312637,0.124913776,-0.002914572
bee,bee_03,7,410,439,0.104435942,0.12986357,0.149815787,0.115581435,0.142844003,0.11681734,0.085383513,0.056960023,0.028376348,0.04039838,0.029523659,0.525058565,0.258425438,0.240641923,2.181908113,0.915084814,0.91512097,0.047315019,0.630323286,0.651955405,0.220455134,284.68777,274.9551711,57.77084326,158.940369,166.2472346,34.41311498,232.4360304,211.9613734,196.3485097,197.951858,104.6474916,739.02027,61.88494964,12.17733193,4.797646176,12.56941433,3.496990782,2.135685528,3.242476858,-1.214096856,1.479937108,-0.940043458,-0.198615476,0.698525394,-0.238733611,-0.096641726,0.389950774,-0.055465882,-0.076856275,0.235615572,-0.043792973,-0.043768175,0.142592531,-0.027411432,-0.025238195,0.109043503,-0.021015534
bee,bee_03,7,440,469,0.144209633,0.164183457,0.171956383,0.120906385,0.134630057,0.096139041,0.060683613,0.035539887,0.01670462,0.026415473,0.028631449,0.523631867,0.255536442,0.167975043,3.117319433,0.880267466,0.868833649,0.043770062,0.51492342,0.486585836,0.180013043,238.2641236,233.954763,44.12907356,141.6139914,142.7634915,24.64739119,210.6867685,183.4204243,166.6248974,171.558277,68.30416825,290.329392,45.28898584,12.8543487,3.326641602,12.83822493,4.697040023,1.724333932,4.871583141,-0.814168942,1.082647417,-0.781651081,-0.589814098,0.557785119,-0.565312886,0.020619799,0.329668799,0.012599378,-0.036545796,0.244708114,-0.020235906,-0.071807883,0.151332033,-0.075967242,-0.017291186,0.107605702,-0.003682216
bee,bee_03,7,590,619,0.105817004,0.131168762,0.152360554,0.11868199,0.147619857,0.120103411,0.085312045,0.053683532,0.024932304,0.033548982,0.02677156,0.538765812,0.266301847,0.224248422,2.402540033,0.887851786,0.883118951,0.043761861,0.498766197,0.45971947,0.201779854,260.8550643,251.108236,50.97732807,133.0127718,128.4679464,27.55495571,228.6357687,179.0083345,222.0020839,224.345439,101.6472162,739.02027,48.28825629,14.98552497,3.927987785,15.46519089,4.670845252,2.07190386,4.826529308,-1.849382365,1.317274783,-1.919089111,-0.340429693,0.613935805,-0.279476049,0.023764677,0.319933942,0.012736038,-0.134692793,0.27657939,-0.119273801,-0.038276737,0.180834149,-0.039534907,-0.029417757,0.127836632,-0.022931125
bee,bee_03,7,620,649,0.083544125,0.107921175,0.131156571,0.107239868,0.142344575,0.127879715,0.10313815,0.074896221,0.03900656,0.053624242,0.0292488,0.508620728,0.249584443,0.299913972,1.695888741,0.896758315,0.894349405,0.039207434,0.514844993,0.480949271,0.188587874,297.6536671,299.62431,59.56794002,130.7354976,124.4994506,27.20613278,224.501086,188.8824621,263.4424729,250.73902,92.12753689,422.297297,41.78983668,17.83872955,3.577830138,18.83394394,3.665536109,2.447860863,3.355198168,-2.654956503,1.572734299,-2.820057387,0.128346119,0.772638283,0.061429009,-0.237954492,0.505632078,-0.169189222,-0.084777901,0.299835037,-0.07502568,-0.069735587,0.197770141,-0.062657238,-0.041060701,0.118354434,-0.02865379
bee,bee_03,7,1780,1809,0.130474865,0.147139042,0.155787721,0.112864542,0.132343642,0.103016701,0.072759799,0.048005052,0.02437519,0.038159605,0.035073841,0.504012606,0.245208184,0.218373487,2.308030214,0.892385292,0.888592529,0.043259215,0.548396094,0.529780062,0.180126249,252.0588909,249.5367824,45.12882884,143.8549082,140.2536739,28.24075548,234.2467056,201.0536576,167.7349078,184.755068,83.45309686,343.116554,53.38701632,15.90968919,3.341537866,16.18002612,4.342882723,1.726080722,4.450611042,-1.090864341,1.060959813,-1.071208576,-0.296015249,0.680212337,-0.270143678,0.022103457,0.278759664,0.040565933,-0.05334102,0.215144119,-0.024345518,-0.062408753,0.139596258,-0.050274591,-0.00892457,0.085891207,0.000106857
bee,bee_03,7,1810,1839,0.116938043,0.139794443,0.155744461,0.116801433,0.140124105,0.110163274,0.076865172,0.048942231,0.023802031,0.03593928,0.034885527,0.522833273,0.256925538,0.220434241,2.371833302,0.886839778,0.880325777,0.04446101,0.525146192,0.482201854,0.180150186,251.2868909,242.4645346,48.59919585,138.1731166,133.0822408,22.41589122,190.0255689,177.0139089,199.92521,197.951858,73.40523383,356.313345,41.58988543,15.96454306,3.075356919,16.13941128,4.510405165,1.765883524,4.759300528,-1.251258172,1.033313453,-1.189465283,-0.557502994,0.627432896,-0.518529502,0.079879443,0.264827116,0.075663484,-0.067924759,0.242214024,-0.030472391,-0.079678008,0.144075507,-0.073853883,-0.014867454,0.089042055,-0.006786781
bee,bee_03,7,1900,1929,0.094032916,0.110667671,0.124221016,0.0965485,0.12485958,0.112956142,0.096090939,0.076951646,0.044936033,0.073262704,0.045472853,0.458585238,0.22140808,0.336714175,1.361942182,0.899803496,0.89829371,0.04001278,0.566380875,0.547446845,0.176488044,276.5275918,267.7149523,68.03120862,143.4412085,141.7617046,27.31057615,222.4309513,193.7849655,207.5719484,197.951858,113.7486085,488.28125,49.88786727,16.1746254,3.31316496,16.7829675,3.544536932,2.264160246,3.690879648,-1.568834707,1.49411622,-1.424717435,-0.099853986,0.729074222,-0.222177502,-0.14282493,0.493253459,-0.068900924,-0.052368363,0.252544455,-0.052207461,-0.079939399,0.17025997,-0.06035445,-0.003210289,0.102436146,0.001238019
bee,bee_03,7,1938,1967,0.131000522,0.152183797,0.164021474,0.119128749,0.138011701,0.103920664,0.069351565,0.042407596,0.020117197,0.030286843,0.029569891,0.525082588,0.257140449,0.191733092,2.738612213,0.88679854,0.879174023,0.043665127,0.529390488,0.499080085,0.182743974,244.4875934,236.8278169,42.2099555,142.4538501,140.5059103,26.66088045,216.9675994,191.4392109,168.3515802,184.755068,70.65960349,290.329392,50.98759986,16.65068766,3.637471693,16.10595251,4.597307702,1.717818957,4.750262401,-0.978372748,1.056381791,-1.106218581,-0.441057243,0.584692562,-0.416273496,0.017350986,0.299160131,0.027359414,-0.053685584,0.228125046,-0.033798839,-0.063870627,0.160758242,-0.046417216,-0.003706502,0.095190584,0.004848944
bee,bee_03,7,1960,1989,0.142603525,0.158674996,0.164146152,0.115396641,0.129881274,0.095215978,0.062838581,0.03925624,0.019752452,0.03382091,0.038413251,0.504640045,0.245277915,0.194081434,2.600145899,0.913017139,0.91596592,0.049539903,0.648701439,0.664920783,0.207663946,268.5962741,263.7488468,53.74301587,166.0450332,168.4852431,34.36549315,232.9118531,214.8955162,149.9747411,171.558277,71.42762759,290.329392,50.48772144,13.89280226,4.595662322,13.6247753,3.624485069,1.841134182,3.43808828,-0.479610295,0.882999538,-0.407227386,-0.464898103,0.552186667,-0.393818637,-0.019882201,0.258400871,-0.019414961,-0.001174974,0.172811136,0.018465263,-0.083567556,0.121739214,-0.062352909,0.000979323,0.068759564,0.007582503
bee,bee_03,7,1990,2019,0.082992062,0.101277814,0.118447564,0.095460317,0.127570935,0.118720521,0.102463815,0.082163563,0.04772311,0.077151802,0.046028498,0.460199337,0.223031251,0.355530788,1.294400802,0.908778635,0.90681591,0.041222922,0.579393497,0.554489168,0.193658214,318.9034977,317.5352841,76.97473701,139.4120302,133.4156082,29.61598967,229.0138655,199.2058763,276.5159289,263.935811,126.1250484,501.478041,54.58672459,16.19257947,3.374264684,16.54329143,2.581579123,2.921011524,2.733405188,-2.309595968,1.543188911,-2.387305497,0.116405056,0.702546566,0.152677702,-0.314395251,0.486230794,-0.315923252,-0.00966273,0.27402842,0.017775491,-0.109247982,0.191072702,-0.074137596,0.003870653,0.128855416,0.021777487
bee,bee_03,7,2020,2049,0.11666065,0.139253119,0.154848702,0.115987206,0.139208343,0.109933586,0.077584416,0.050360266,0.024960625,0.037704443,0.033498645,0.519977836,0.255195549,0.224108396,2.320206858,0.898370857,0.89508998,0.046534156,0.55783564,0.52707542,0.203275724,266.0806524,258.4169594,51.587616,142.6165189,136.5005456,29.77522785,223.2607314,200.013398,208.8052934,197.951858,70.93536789,435.494088,44.48918023,14.49550847,4.051763413,15.00036264,4.204624247,1.95716564,4.391474224,-1.406235165,1.191791783,-1.374311471,-0.368494996,0.67279844,-0.435346347,-0.019797816,0.340171898,-0.020767043,-0.103847786,0.230530901,-0.086269921,-0.064167522,0.169386782,-0.05921493,-0.024093486,0.114465094,-0.011524353
bee,bee_03,7,2055,2084,0.142357972,0.153010704,0.154688715,0.108329332,0.124081906,0.095723438,0.068917836,0.047855977,0.025859635,0.043007486,0.036166999,0.482823392,0.232411239,0.221807932,2.176763416,0.897795885,0.903957817,0.049162202,0.573417541,0.595199037,0.206829356,269.013259,257.0332989,73.62012323,146.2620405,145.514604,30.66305893,217.2736365,200.0435603,186.6050849,197.951858,110.6958227,422.297297,51.08757555,14.61814415,3.856734924,14.75199906,3.637120442,2.730412192,3.649139371,-1.230465364,1.211734092,-1.193570391,-0.30735775,0.666931097,-0.324105765,-0.03726838,0.382979216,-0.017971298,-0.02907001,0.209056228,-0.008161743,-0.084789963,0.139645338,-0.071284716,0.011871068,0.093504413,0.012505712
bee,bee_03,7,2080,2109,0.081312425,0.09950827,0.116037648,0.093138373,0.124388555,0.11671467,0.102787388,0.08489241,0.050725372,0.08413463,0.046360258,0.450279247,0.217526928,0.368900057,1.220599557,0.912903993,0.910598165,0.046898407,0.610714809,0.593065801,0.212799037,328.5416841,336.664677,81.13355179,144.6638737,137.2377639,32.99325597,236.9758294,209.6374459,278.9826188,290.329392,139.6186952,541.068412,62.58477942,14.90896837,4.076937849,14.68788613,2.280604681,2.917160513,1.852689475,-2.070411724,1.692071625,-2.166757305,0.098011887,0.638121089,0.152911663,-0.319113765,0.504832708,-0.238258863,-0.004428863,0.262558995,0.033154211,-0.115513077,0.199182239,-0.091782786,0.001317471,0.113267374,0.010238408
bee,bee_03,7,2090,2119,0.084533146,0.106465181,0.12590825,0.100895599,0.132605642,0.120186461,0.100658968,0.078265876,0.044215777,0.068495416,0.037769685,0.479595951,0.233501241,0.329405721,1.455942991,0.907472936,0.899092375,0.049264444,0.571201759,0.538647972,0.233062838,304.3477511,301.3167614,70.41007605,142.3755694,131.05925,36.21651788,244.0600875,210.1270517,248.2723304,237.54223,119.8135317,527.871622,61.48504685,15.80386588,4.191665403,16.57294361,3.31355588,2.732172155,3.203321347,-2.083324186,1.712209417,-2.080439662,0.149035639,0.70228992,0.16545943,-0.263688033,0.458192861,-0.244500641,-0.052507012,0.291075401,-0.001093338,-0.067617035,0.20428616,-0.048332913,-0.046460676,0.12750461,-0.021639366
bee,bee_03,7,2170,2199,0.074721326,0.098841523,0.122545347,0.101862944,0.137787274,0.12727073,0.106607389,0.081421779,0.04482992,0.067071303,0.037040463,0.489466297,0.239650219,0.336970855,1.452547868,0.908494655,0.901512065,0.042287899,0.569148616,0.563844849,0.213818558,303.8940121,292.5731619,63.98978409,139.8695906,135.591292,30.37614164,226.5905367,196.6406618,269.7325319,263.935811,103.5334692,475.08446,56.38628687,15.08388765,3.735734958,16.31936911,3.310459566,2.659342261,3.348475736,-2.315347296,1.436779112,-2.325143814,0.099696629,0.709800975,0.04897169,-0.148533349,0.500603203,-0.048428464,-0.164098403,0.286216807,-0.107844392,-0.032890366,0.221527966,-0.037017147,-0.03179721,0.133227569,-0.010485899
bee,bee_03,7,2200,2229,0.127313279,0.151054622,0.165331119,0.12111054,0.140933856,0.106191742,0.07045629,0.042384197,0.019575499,0.028155115,0.02749374,0.533567257,0.262044396,0.188064842,2.837145166,0.885621338,0.879188922,0.034310689,0.508360695,0.48821949,0.164551855,246.4427454,243.3581896,39.96810788,137.6873306,132.2454648,26.46069402,208.1303803,188.8548078,189.5651127,184.755068,69.80687948,356.313345,40.39017715,15.71026377,2.913625059,15.97979922,4.665054583,1.667788498,4.858009935,-1.313010085,1.285314214,-1.34180848,-0.440031034,0.499707039,-0.473956284,0.028379225,0.369679917,0.045442899,-0.093637587,0.267971514,-0.09823158,-0.02972562,0.125598197,-0.024736456,-0.019999687,0.08636065,-0.022989204
bee,bee_03,7,2305,2334,0.092131673,0.115943078,0.138073235,0.110828506,0.14330052,0.123230571,0.093780709,0.064088477,0.032247745,0.04722607,0.039149416,0.515432832,0.254129026,0.276492417,1.864184335,0.911308632,0.908994742,0.043993589,0.632874224,0.626255834,0.184789056,279.6837538,283.6935261,54.02113585,159.7622827,153.1153057,34.38338864,246.4822369,218.5578085,177.1083291,184.755068,111.2495188,712.626689,60.58526573,12.58969382,4.13647636,13.26777369,3.416899608,1.61694399,3.362453599,-0.936368736,1.544046144,-0.311457305,-0.274521618,0.593862558,-0.262950524,-0.129321035,0.32822398,-0.114791123,-0.054095286,0.226330795,-0.009403135,-0.049059891,0.122887515,-0.035045599,-0.03392875,0.077056533,-0.033587132
bee,bee_03,7,2335,2364,0.07141162,0.093916257,0.116476142,0.09732345,0.13308307,0.125529468,0.108678163,0.086856614,0.050081907,0.078557511,0.038085798,0.47241213,0.230406519,0.362259993,1.304069285,0.887937634,0.881954358,0.044096555,0.520926227,0.488075193,0.19048545,266.1887819,253.1521429,70.16915678,137.4133452,136.26883,27.96757886,213.4535973,196.7399177,198.5685306,197.951858,107.2362085,395.903716,43.28947203,18.44313493,5.211035549,18.43531962,3.862017491,2.626363469,4.454113664,-1.60172184,1.704802387,-1.332998978,-0.264806613,0.776707745,-0.230634756,-0.173284453,0.48872109,-0.080211193,0.022935822,0.275021327,0.020231361,-0.137422259,0.199367786,-0.098501925,0.011425254,0.149325073,0.015772225
bee,bee_03,7,2395,2424,0.114127755,0.134402375,0.148870584,0.112263139,0.137184198,0.112073248,0.08279319,0.056334453,0.028697317,0.042255497,0.030998244,0.510391168,0.249447336,0.241078702,2.117114301,0.8987991,0.894024158,0.046110228,0.562672334,0.535767648,0.201114929,268.4748525,259.5514274,57.48527436,146.2113739,145.9648539,30.61280217,234.36805,203.5072541,192.6484749,197.951858,97.48846557,435.494088,65.18414729,17.05271374,4.756816593,17.22037534,3.994752111,2.049517795,4.231462461,-1.365002137,1.55505747,-1.142334457,-0.16482591,0.735508929,-0.147830132,-0.114965167,0.378057693,-0.104008301,-0.031032048,0.24755029,0.005076106,-0.059296928,0.168608531,-0.042380676,-0.011995382,0.119579428,-0.002952845
bee,bee_03,7,2410,2439,0.051511351,0.073000883,0.100253959,0.092209862,0.137865969,0.140471235,0.126350769,0.100373762,0.055770579,0.081400023,0.040791608,0.470801025,0.23007583,0.404686741,1.16337151,0.904715311,0.894474072,0.037125887,0.568629895,0.51257741,0.17111519,314.4671106,312.8395992,67.35510972,138.651144,132.8872048,28.82367635,228.2342287,203.1508255,270.5958733,277.132601,106.6698033,422.297297,42.58964224,16.1701034,3.520570937,16.99574214,2.614796731,2.297958504,3.141314503,-2.382581834,1.955520924,-2.372400649,-0.015910652,0.746682572,0.018018359,-0.419790709,0.531502832,-0.382657882,0.036074208,0.232469821,0.047677888,-0.172084442,0.192652922,-0.145161608,0.004396436,0.130101509,0.012932914
bee,bee_03,7,2422,2451,0.04974615,0.073208227,0.102260655,0.094272907,0.140268669,0.141603122,0.12609376,0.099326066,0.054908865,0.079848121,0.038463458,0.478405352,0.234541576,0.398640271,1.200092884,0.899493667,0.893996969,0.034389775,0.522228312,0.476160523,0.170091746,321.6424078,315.794114,65.37265172,128.2491394,122.6975938,25.75356493,221.1861379,193.7307932,298.3461339,303.526182,92.59166698,514.674831,38.99051749,17.36922158,2.212105797,17.54051063,2.768076448,2.654791963,2.947533111,-3.031057607,1.572288579,-3.106107893,0.124612603,0.809587442,0.290835179,-0.441358031,0.590450334,-0.526909255,-0.023536044,0.263659433,0.002720618,-0.186139962,0.206029245,-0.185303713,0.014944175,0.13705698,0.023036359
bee,bee_03,7,2485,2514,0.127791247,0.146469158,0.157862016,0.116192493,0.138246066,0.108841975,0.07663377,0.048995213,0.023380199,0.031894492,0.023693371,0.52114255,0.254438559,0.204597045,2.547165579,0.885184024,0.874370264,0.044069042,0.486435429,0.456471516,0.219198193,252.8722326,249.0087653,47.23362791,137.1851621,129.0434262,34.11445434,215.1052239,203.7967361,177.8483361,197.951858,84.29975748,369.510135,46.88859674,16.33897387,4.75788052,17.36555968,4.893511048,2.341368801,5.017551803,-1.679091386,1.706027792,-1.247345813,-0.076659696,0.771524467,-0.099697886,-0.01046582,0.359038337,-0.048060203,-0.158504058,0.319321204,-0.085471564,0.016261145,0.195679879,-0.02307947,-0.05691545,0.137044529,-0.018877751
bee,bee_03,7,2500,2529,0.167195117,0.175843849,0.171105148,0.113897582,0.121544437,0.08423792,0.053445522,0.033140041,0.017019805,0.02991492,0.032655657,0.490785088,0.235442019,0.166175946,2.953406306,0.892523927,0.896271616,0.051495448,0.579766747,0.604084689,0.206703661,245.301844,239.0505088,46.4449714,156.8332325,160.2028102,33.23567704,222.251165,207.0826544,130.611226,145.164696,66.54401925,237.54223,51.28752698,13.30972828,4.867047354,12.86315575,4.251165899,1.862766715,3.950967933,-0.371666908,0.884232084,-0.328620783,-0.426054749,0.617516189,-0.340695218,-0.065747731,0.257986388,-0.044864023,0.030946573,0.190018777,0.04510176,-0.072600333,0.13571342,-0.055733054,-0.01252228,0.089789292,0.005565402
bee,bee_03,9,50,79,0.131714445,0.152465911,0.163834836,0.118819837,0.137729586,0.104150755,0.07016745,0.043478455,0.020786903,0.030541718,0.026310105,0.524535013,0.256549422,0.191284631,2.742170198,0.890807252,0.887293767,0.051332055,0.5389556,0.538812188,0.222718656,249.2639464,239.9480212,47.86261718,146.2349746,141.5822919,33.10379565,216.0388384,197.0655606,148.9880652,171.558277,82.41327352,422.297297,51.98735672,14.52231342,5.260582693,14.48836741,4.597500254,2.17886903,4.40245852,-1.000910355,1.155962647,-0.772632436,-0.33832677,0.720401913,-0.27601211,0.030198723,0.304796374,0.007209188,-0.015676752,0.247021006,0.030467784,-0.073935979,0.168449674,-0.044546078,-0.005670728,0.107055631,0.012850049
bee,bee_03,9,80,109,0.159091827,0.170550176,0.169266672,0.114501358,0.123839658,0.086775726,0.055310034,0.034335012,0.017731693,0.031858607,0.036739236,0.494383414,0.238341016,0.175974582,2.809402409,0.904947793,0.913281334,0.058456816,0.62239603,0.647079669,0.231889197,262.7728417,255.7297316,59.794595,160.6967346,164.5438604,36.26215514,233.7882861,213.7580008,149.3580686,171.558277,88.79277531,739.02027,56.18633562,12.20653044,4.739344426,11.73987898,3.879321336,2.115828884,3.718250924,-0.48593759,0.706357597,-0.489013977,-0.495280242,0.599891997,-0.396511284,-0.026964702,0.264388121,-0.057069873,0.011258001,0.15583418,0.01118812,-0.089907086,0.127150589,-0.068903449,-0.014514656,0.091615745,-0.004178736
bee,bee_03,9,95,124,0.158127546,0.166887994,0.164441328,0.111597008,0.122285654,0.087932718,0.057991618,0.037129741,0.019414729,0.034645681,0.039545984,0.486256708,0.233882661,0.188727753,2.576498159,0.900915302,0.902153639,0.060154928,0.613972536,0.627804575,0.231361355,258.5147385,250.2242432,62.6537724,160.2752957,163.7004775,35.37656298,221.9934602,210.9046993,137.394623,158.361486,97.35526922,739.02027,66.08392842,11.68069834,4.907633269,10.83426092,3.907003955,2.072177919,3.835868826,-0.398278191,0.763982283,-0.404012969,-0.486601165,0.564896753,-0.446038647,-0.006542915,0.278285994,-0.012062044,0.004322312,0.166856217,0.016290716,-0.068440833,0.138787076,-0.040878493,-0.014094741,0.097272064,-0.00389256
bee,bee_03,9,1555,1584,0.129051214,0.148722485,0.159499493,0.115681398,0.134259263,0.101864902,0.069268679,0.044046963,0.022120401,0.036579839,0.038905363,0.511305055,0.24994066,0.210921246,2.424151507,0.913086174,0.914099931,0.052724913,0.640619191,0.641830599,0.222343487,274.3556427,262.1246266,68.65680695,159.0507993,158.3722586,33.13130883,221.395109,212.8242796,187.9617643,197.951858,134.6002578,739.02027,69.28315035,14.13794965,4.978785522,15.08177089,3.536059874,2.179708927,3.685160994,-0.853641751,0.88292916,-0.853274518,-0.419713909,0.560864518,-0.321539896,0.017619693,0.290164951,-0.01658481,-0.040501849,0.174169491,-0.015415695,-0.079532546,0.134103151,-0.054663676,0.00955371,0.089012833,0.002749896
bee,bee_03,9,1585,1614,0.148080574,0.155115384,0.154246408,0.107561846,0.123588826,0.095756336,0.068473681,0.046219882,0.024016672,0.038926551,0.038013841,0.481153417,0.231150672,0.215650625,2.231170977,0.887477907,0.879195874,0.046782885,0.548019763,0.524221694,0.185667181,247.3214583,240.0656073,45.87096335,146.8072081,140.6170946,29.15842632,220.070433,198.3333477,150.714748,158.361486,81.61412866,303.526183,52.08733243,16.12970428,3.76534466,15.94728733,4.348284196,1.694939315,4.462425721,-0.802307734,1.197211608,-0.622120134,-0.373300847,0.658389316,-0.360240736,-0.011602392,0.294780366,-0.062438579,-0.047227239,0.225410769,-0.001183773,-0.05882097,0.126231292,-0.051403208,-0.006919033,0.09457462,0.008437289
bee,bee_03,9,1730,1759,0.103513918,0.120701632,0.134949829,0.104555502,0.133725511,0.117137956,0.093695852,0.068548824,0.036414526,0.052910785,0.033845664,0.490368798,0.238281013,0.285415652,1.718086568,0.902455313,0.895123938,0.040377725,0.574359936,0.549496709,0.182928362,273.2532837,265.0732904,53.1800516,147.1319278,145.3278585,29.7626303,218.6740344,201.0339108,200.7885514,197.951858,100.914358,448.690879,57.28606811,16.41917532,3.961707231,17.44034606,3.773031407,1.809755196,3.89141953,-1.49210214,1.574605085,-1.227720785,-0.081166288,0.709418717,-0.168400705,-0.149419785,0.429119585,-0.060821055,-0.047750553,0.242120522,-0.01386654,-0.059213658,0.142389636,-0.05125712,-0.011086231,0.092880472,-0.003504842
bee,bee_03,9,1760,1789,0.168011633,0.174098381,0.167887717,0.111820643,0.120718706,0.08606175,0.056906401,0.036544439,0.018753455,0.030456258,0.028740617,0.486488816,0.232539349,0.17140117,2.8383051,0.87941817,0.877199913,0.053300181,0.507254521,0.497568919,0.205823311,245.1966985,238.857519,58.92137112,137.5116162,133.7332949,30.25175492,215.4811939,197.0319639,164.77488,171.558277,99.07126506,409.100507,49.68791597,15.75268587,3.377716802,15.87549393,4.645531086,2.106004663,4.634340176,-1.005182938,1.191375861,-0.964076911,-0.389848462,0.774511378,-0.467158046,0.036228386,0.342779073,0.025294283,-0.042898042,0.210381133,-0.019507046,-0.083651734,0.153642444,-0.080244904,0.004719734,0.098214908,0.01593006
bee,bee_03,9,1790,1819,0.141461834,0.15626562,0.160887103,0.112992977,0.127587595,0.09456921,0.063874795,0.04145076,0.021701596,0.038202473,0.041006038,0.496036885,0.240580572,0.206235661,2.405194532,0.886798769,0.878920494,0.048479663,0.544653673,0.532624898,0.192164935,241.4399638,229.6828079,48.65937804,144.7382782,143.9422832,26.88538813,197.4061048,189.2594808,153.9214448,171.558277,73.80130633,316.722973,55.08660303,14.22720119,3.823449533,14.8500692,4.447649343,1.806797479,4.558089517,-0.750901167,0.758259538,-0.769938633,-0.515705826,0.625326059,-0.418852496,-0.027683998,0.271976979,-0.043019892,0.03819115,0.177703626,0.028445479,-0.123128167,0.143632349,-0.09645512,0.003684509,0.097110762,0.017749771
bee,bee_03,9,1815,1844,0.078593665,0.093001405,0.106511391,0.085707665,0.117101555,0.115038361,0.107219048,0.093267354,0.057539503,0.096258017,0.049762037,0.424358971,0.20280922,0.404045959,1.050274016,0.885230732,0.8852727,0.048812843,0.517419494,0.496142776,0.200501554,260.4350157,246.4453456,72.85695491,137.583485,133.5200713,29.83802724,217.0429536,194.5693132,188.3317679,184.755068,115.1582349,527.871622,48.28825633,15.32555194,4.618448579,14.88648024,4.072391249,2.545427118,4.419895865,-1.352750433,1.575012441,-1.02120782,-0.264597703,0.78098244,-0.289613291,-0.203500209,0.491147483,-0.09704063,0.068868857,0.223590558,0.050446537,-0.154979686,0.168093181,-0.131066019,0.023397864,0.106431647,0.016283684
bee,bee_03,9,1848,1877,0.046709924,0.057264814,0.067663965,0.055568509,0.077117128,0.077602985,0.076444727,0.074855128,0.055117331,0.143565492,0.268089998,0.277952586,0.132685636,0.618072676,0.449708581,0.992807429,0.993979503,0.004814467,0.969172471,0.974553291,0.021125347,436.29494,436.5785758,30.84914725,206.5635733,207.0051363,10.92619944,235.7206084,224.0954896,493.4612986,448.690878,213.9586272,739.02027,148.0639908,4.024809257,0.885180805,3.956278942,-0.3026188,0.617032066,-0.310483533,-0.375121998,0.448836607,-0.402520009,-0.231140138,0.248541363,-0.204228309,-0.105158536,0.145737197,-0.101240307,-0.064772324,0.081263072,-0.058342606,-0.032400852,0.041364807,-0.033750483,-0.028007635,0.030824934,-0.025362794
bee,bee_03,9,1890,1919,0.112831216,0.122093313,0.125843215,0.091295107,0.111465658,0.096710959,0.082176319,0.069009576,0.043594295,0.083168122,0.061812219,0.425314939,0.202760765,0.339760531,1.251807966,0.891498625,0.891869979,0.04999506,0.541312784,0.53458564,0.198144569,291.2050618,251.666768,107.1400945,137.1910437,135.1799406,27.49062974,216.1025318,195.1088358,238.5289057,197.951858,154.163236,554.265203,49.28801323,14.55644977,3.31539626,14.47472851,3.040398003,3.613780112,4.177133535,-1.371008108,1.196452838,-1.184729136,-0.108192343,0.909357304,-0.194788707,-0.040009377,0.41162397,-0.006458812,0.020386362,0.256400508,-0.004556415,-0.119817392,0.151270667,-0.097166707,0.028358337,0.100768565,0.030276157
bee,bee_03,9,1905,1934,0.135595799,0.153759839,0.162537133,0.116667938,0.13429445,0.101087681,0.068144334,0.042668687,0.02088356,0.03262459,0.03173599,0.514587201,0.250962388,0.196057161,2.624679445,0.883569044,0.875631369,0.049131259,0.510588963,0.463464029,0.194563258,246.3999985,236.8434039,48.49366665,135.8103919,131.1973037,27.98332264,207.100713,193.4616287,176.4916567,184.755068,81.49860063,435.494088,48.28825637,15.26323171,2.268782662,15.21741787,4.717108136,1.887680352,5.127835168,-1.17124372,0.822281003,-1.21267961,-0.468680031,0.737215377,-0.565300186,0.140885125,0.263906223,0.180744193,-0.073446222,0.201978232,-0.068783936,-0.108048417,0.14231806,-0.099917315,0.03155222,0.084624065,0.029895905
bee,bee_03,9,1995,2024,0.163071532,0.170197713,0.16606445,0.112073578,0.122616708,0.088345568,0.058295309,0.036775876,0.018528907,0.030632383,0.033397976,0.489100304,0.234690285,0.177630452,2.753471029,0.881354925,0.871027734,0.049639781,0.53150193,0.506708718,0.189340703,237.642783,230.9157044,45.06986516,145.5164139,144.5058463,27.78598562,207.3634147,193.8203269,132.0912399,158.361486,75.04338576,303.526183,54.78667598,14.72029669,3.124908173,14.64749572,4.588169777,1.665100599,4.792286261,-0.583449138,0.954696478,-0.597564876,-0.464152072,0.590562209,-0.424107573,-2.07E-05,0.28620584,-0.004109493,-0.004654959,0.211515722,0.028889957,-0.046947965,0.139049174,-0.033436738,-0.025755736,0.095205342,-0.004180583
bee,bee_03,9,2010,2039,0.145929086,0.15321992,0.152606818,0.106702201,0.12349186,0.09731769,0.071396132,0.049367238,0.025767665,0.039637826,0.034563565,0.480118568,0.230194061,0.220732426,2.175115712,0.891367212,0.891169842,0.046452929,0.556499821,0.556011047,0.177854318,253.7749918,252.491302,53.20538535,145.9554516,143.546469,26.02849028,214.5965399,192.7057307,165.3915525,171.558277,101.620383,448.690879,61.28509553,14.41338821,2.946751129,14.17073002,4.167702446,1.724709014,4.258660773,-0.984994646,1.224176329,-0.6843296,-0.257771566,0.701096912,-0.286505999,-0.033722548,0.289321386,-0.028826077,-0.05065389,0.228503932,-0.01281655,-0.034504586,0.135264728,-0.029664215,-0.028741496,0.097893161,-0.012235373
bee,bee_03,9,2040,2069,0.138032263,0.153948926,0.159126481,0.111649643,0.125719905,0.093118962,0.063449771,0.042179733,0.022786415,0.041779012,0.048208888,0.489614991,0.237369548,0.218403819,2.24178768,0.898026377,0.902751608,0.050963429,0.604855628,0.630906893,0.191036795,252.1692937,245.6752692,52.41550537,158.7285122,162.545503,29.07846052,221.0580567,206.2215131,143.5613476,158.361486,88.92706112,580.658784,56.08635991,12.37903138,4.208064216,11.86501556,3.941968638,1.696974636,3.779007797,-0.344080831,0.788555487,-0.361133764,-0.515239697,0.619469626,-0.466463851,-0.065649936,0.271858921,-0.074839207,0.050894371,0.186345476,0.039411761,-0.086798328,0.129535583,-0.065228236,-0.021249122,0.084464655,-0.004212847
bee,bee_03,9,2070,2099,0.078902259,0.107311712,0.136258898,0.114358165,0.15315416,0.135563459,0.104473934,0.070422463,0.033782898,0.042313375,0.023458678,0.539334682,0.267512325,0.274451347,1.965137673,0.911062701,0.905435349,0.045695628,0.606165203,0.602118492,0.22425563,282.940097,282.367914,53.63272795,156.1567212,155.3668945,37.45329729,229.959907,217.1381303,186.1117469,197.951858,110.5127195,739.02027,57.18609236,13.62110841,5.932117611,12.82076664,3.688848213,2.07499074,3.496313744,-1.383461847,1.763570714,-0.669357102,-0.127976173,0.663579677,-0.131616906,-0.132522779,0.359347642,-0.112987154,-0.062652988,0.256074524,-0.023680757,-0.028799477,0.163402366,-0.03938917,-0.054542662,0.120082417,-0.019438628
bee,bee_03,9,2100,2129,0.149323054,0.159018353,0.159475676,0.110813182,0.125274766,0.093961095,0.064477514,0.042046288,0.021642571,0.036256893,0.037710608,0.489524719,0.236087948,0.202133873,2.421784684,0.880037357,0.869572152,0.05794054,0.527354044,0.492573053,0.223445236,239.3133185,224.1996591,57.29306435,143.2560172,142.7981807,32.45409729,222.542904,197.9435935,138.0112954,158.361486,83.323223,422.297297,58.88567904,13.24957476,4.60407943,12.86431314,4.635307162,2.121608882,4.833902909,-0.605311064,0.954682284,-0.487282919,-0.543331975,0.593979455,-0.437782821,-0.016222352,0.303948931,-0.038686818,0.036326759,0.224233072,0.044623139,-0.091104459,0.146927016,-0.064520583,-0.015043316,0.11072232,0.009422978
bee,bee_03,9,2300,2329,0.143425567,0.150479218,0.149077489,0.103304819,0.118289257,0.092665085,0.069173488,0.050729366,0.028936039,0.051047984,0.042871688,0.463336651,0.221594076,0.242758565,1.908631527,0.887587723,0.884895702,0.052000432,0.550430378,0.544958897,0.206661675,242.4878008,228.4928881,49.79129734,149.2161591,149.2403209,31.38746516,225.8109673,197.0766222,128.6378741,145.164696,76.59976285,303.526183,60.38531442,15.32156295,5.129222497,15.23696376,4.407082242,1.945507523,4.36910856,-0.608541656,0.954119301,-0.513738407,-0.362662148,0.774302859,-0.301885795,-0.085748651,0.345071415,-0.035702598,0.068452621,0.204419771,0.060718407,-0.118582739,0.157642932,-0.082054048,0.01380072,0.104126887,0.023905247
bee,bee_03,9,2330,2359,0.141984816,0.16228747,0.170630665,0.120362391,0.134448018,0.096399227,0.061214395,0.0362676,0.017360771,0.028313024,0.030731622,0.521840301,0.254810409,0.173887413,3.001024016,0.882449202,0.881929584,0.050303693,0.53301845,0.526625679,0.203052609,238.3129958,230.0884545,47.7049036,147.4046354,147.5014317,31.44747094,211.1785454,199.6655378,137.2712885,158.361486,71.50215877,263.935811,49.78789165,13.49245357,4.227984809,13.14283853,4.59999353,1.906778402,4.438215151,-0.57472766,1.005242869,-0.503665122,-0.4730221,0.621507717,-0.430604701,0.016676784,0.36137339,-0.003685419,-0.017648731,0.194089292,0.000164472,-0.078914684,0.133016874,-0.056549663,0.014524014,0.099694016,0.016995573
bee,bee_03,9,2360,2389,0.078962393,0.0957139,0.111645601,0.090194536,0.121518873,0.115008049,0.101831763,0.084486675,0.050901428,0.087695495,0.062041286,0.438367058,0.211713409,0.386956649,1.132858319,0.916200976,0.91678885,0.039157232,0.64808344,0.646195948,0.162729736,301.5292024,297.1045918,67.38168165,153.7925638,152.1083094,26.02563337,225.884256,198.1189992,232.6088501,224.345439,117.5183224,527.871622,51.98735671,14.74829551,3.231471505,14.02039271,2.700283442,1.979722701,2.817180728,-1.428819613,1.507811621,-0.983997946,-0.193870963,0.7133711,-0.21976607,-0.225003594,0.398450426,-0.162874018,0.004725066,0.204433581,-0.000520013,-0.111076773,0.150108406,-0.095746405,-0.017914588,0.087690351,-0.007530637
bee,bee_03,9,2375,2404,0.123394645,0.143789477,0.155447598,0.113224413,0.131757286,0.100367288,0.069006558,0.045145093,0.023749896,0.042938967,0.051178779,0.500796585,0.244981699,0.232019293,2.158426475,0.923839306,0.924925211,0.047416349,0.693113461,0.702839053,0.194037074,283.6586347,273.8022382,67.94933324,169.3572665,172.0170099,29.96103341,240.9462753,219.6080851,181.1783674,184.755068,151.9748122,739.02027,78.0810107,13.52690469,4.545004559,13.78510783,3.076098725,1.926751787,3.148002937,-0.57212109,0.777875213,-0.600434812,-0.419684491,0.571507773,-0.407006406,-0.044649849,0.269861246,-0.06442847,-0.004203123,0.138039691,0.002200536,-0.085495629,0.106853257,-0.066902381,0.003687529,0.079538567,0.002566444
bee,bee_03,9,2630,2659,0.083105208,0.110929174,0.138752865,0.115228534,0.152888341,0.133888035,0.101875555,0.067511046,0.031762973,0.039081668,0.024976601,0.540757776,0.268116875,0.265207842,2.038996178,0.906771269,0.90131109,0.039162788,0.57289806,0.566376851,0.195440047,286.9612637,272.5725959,51.01473899,140.9523457,138.2533993,26.90746688,214.3912712,191.3138795,243.9556232,250.73902,85.77017119,422.297297,51.48747828,14.95335145,3.422231139,15.18384652,3.743672414,2.091755429,3.838033001,-2.047471013,1.267709947,-2.173773037,-0.081889883,0.668513597,-0.040570257,-0.003252289,0.294083208,-0.034319931,-0.173876372,0.269173807,-0.154149925,0.012467554,0.171855432,-0.009041369,-0.051697582,0.119282761,-0.034995493
bee,bee_03,9,2650,2679,0.132764807,0.14974166,0.159856729,0.117121355,0.138609499,0.107786391,0.074163164,0.045923529,0.021349523,0.029311427,0.023371917,0.523373973,0.255730854,0.194119559,2.696142394,0.875089372,0.870159331,0.040566629,0.437697582,0.405082823,0.190354705,246.9727118,242.0838042,47.39927523,126.3243232,125.0326572,24.79441798,191.919262,175.0653675,202.0218963,211.148649,83.11867474,395.903716,39.49039599,18.09544929,4.706450289,17.71055716,5.30622188,2.257925346,5.564629871,-1.999782424,1.408209705,-2.241017077,-0.263761607,0.663894684,-0.223578243,0.084172267,0.349799654,0.058041181,-0.155330908,0.308292918,-0.109066682,-0.016655493,0.199002193,-0.017867775,-0.013612987,0.154053314,0.001506621
bee,bee_03,9,2720,2749,0.153698342,0.166315203,0.16692269,0.114305552,0.125637625,0.090220926,0.059140915,0.037380423,0.019154672,0.03273869,0.034484961,0.497086793,0.239943177,0.182899662,2.717811441,0.893876232,0.884918165,0.058230981,0.580467198,0.538994147,0.232775882,250.9417079,233.9712894,72.66406573,153.4780163,148.2602732,35.83248722,232.1206326,217.49908,140.8479888,171.558277,114.2816574,593.855574,67.8834908,12.15210872,4.876984992,12.21781668,4.070846248,2.243987736,4.42510717,-0.483323959,1.047598961,-0.322205878,-0.397904793,0.623869815,-0.291940915,-0.061706774,0.297900763,-0.076681022,0.023412689,0.215638682,0.037584599,-0.063350729,0.150357458,-0.053750028,-0.020329516,0.087336842,-0.00542264
bee,bee_03,9,2750,2779,0.124935527,0.151692526,0.168509825,0.124062311,0.143890206,0.10687357,0.069066267,0.040170612,0.018119104,0.026368953,0.026311098,0.543335912,0.267952517,0.180036035,3.017928671,0.880578554,0.871405768,0.042922618,0.492323722,0.465044739,0.198152976,240.2009346,233.1899803,40.29000948,137.0491582,134.2310649,29.52513734,221.8945916,189.1400273,172.791622,184.755068,62.1181797,277.132602,39.0904932,14.06890099,3.606831027,14.22338312,4.970626727,1.927954658,5.023834557,-1.187444002,1.217116153,-1.010724603,-0.513940628,0.596748683,-0.472952515,0.08395966,0.27210641,0.071635064,-0.088332423,0.274803124,-0.019626095,-0.074038666,0.180366489,-0.07712387,-0.006728717,0.103740995,0.01810909
bee,bee_03,9,2780,2809,0.115160136,0.132907097,0.144608486,0.107750539,0.130767689,0.106923861,0.080198969,0.056510945,0.030265312,0.049334865,0.0455721,0.490050575,0.238518228,0.261882191,1.871263458,0.923276951,0.927523069,0.045084307,0.684234807,0.722929067,0.195804785,285.7334781,286.4195529,54.49956779,170.5219105,169.363755,33.46796,237.7801909,220.5824782,164.1582076,184.755068,92.76928273,501.478041,61.48504692,12.5428012,4.373032802,10.99687258,3.171018497,1.764569779,2.956507968,-0.687390298,1.194721894,-0.501304953,-0.28720426,0.590039408,-0.292129267,-0.092362499,0.30306146,-0.086896282,-0.02009991,0.15797361,-0.01142346,-0.060916069,0.107190893,-0.052713098,-0.014067862,0.081521937,-0.013621471
bee,bee_03,9,2920,2949,0.157867252,0.168617938,0.16744383,0.113983919,0.125042682,0.090051482,0.059491161,0.037848614,0.019271972,0.031324119,0.029057033,0.496521912,0.2390266,0.176992898,2.805321094,0.886779413,0.890377907,0.054842242,0.542404283,0.526520165,0.218185863,247.0409208,239.5496673,57.49114162,146.4179484,144.4745824,32.55536169,228.9777904,200.8132148,150.714748,171.558277,85.76190606,422.297297,59.08563046,15.70346506,4.416650825,15.64788642,4.457743944,2.161134476,4.459102421,-0.766609608,1.080845689,-0.579695301,-0.459714991,0.686271165,-0.425300878,-0.026805448,0.345320418,-0.045716058,0.028133132,0.206119996,0.027685492,-0.097175344,0.14761917,-0.092797922,0.001102191,0.099425155,0.007003208
bee,bee_03,9,2995,3024,0.104256207,0.123585942,0.136704045,0.102554216,0.125104167,0.104004941,0.081810933,0.063359158,0.038051918,0.070588959,0.049979516,0.468367369,0.227658383,0.303790483,1.541744707,0.893580319,0.899578811,0.045403472,0.525367756,0.532962468,0.195634627,298.0015767,273.7557911,99.34074148,134.4082992,131.8401015,25.77576978,217.8899264,183.7901249,250.9856893,224.345439,136.8029316,541.068412,45.68888848,19.21586663,3.440348035,19.48326384,3.118516035,3.672157038,3.841593566,-1.925128203,1.311942325,-1.883940099,-0.069167239,0.834174133,-0.114368784,-0.115362299,0.463917955,-0.103337645,0.014408174,0.345652321,0.006441092,-0.113202712,0.213805952,-0.107324584,0.02361333,0.13422144,0.024543392
bee,bee_03,9,3045,3074,0.094163715,0.114687742,0.131033912,0.101539626,0.128397339,0.111231081,0.090204331,0.070133473,0.041049585,0.070513943,0.047045253,0.472201958,0.229936965,0.318946585,1.480504827,0.906977683,0.912083807,0.046125817,0.614203238,0.644529702,0.194479543,277.6728775,268.8014529,69.10679415,155.9245849,153.9659166,31.54966442,233.1583328,205.838346,181.6717053,184.755068,115.5907943,461.887669,51.88738102,15.50466383,4.89025954,14.71256668,3.353634566,2.243453668,3.387760485,-0.967537013,1.422114823,-0.601135796,-0.268458415,0.776083957,-0.263019435,-0.153757539,0.42730189,-0.106174564,0.040684763,0.22616728,0.038435761,-0.114212264,0.154723158,-0.076035931,0.00329904,0.098614773,0.011416336
bee,bee_03,10,60,89,0.154444266,0.16719252,0.168512766,0.116136155,0.12855436,0.092744956,0.060360881,0.037056606,0.018140682,0.0289143,0.027942507,0.505948238,0.244690515,0.172414976,2.934479652,0.862338404,0.85408328,0.048804766,0.429281185,0.389942814,0.200524734,223.5242811,215.9129178,42.94759678,127.4461827,123.7308931,28.61040441,208.8995371,179.7678699,150.22141,171.558277,73.03370919,316.722973,53.78691908,16.49371388,3.453912432,16.36077479,5.617939234,2.080094513,5.751565214,-1.092164288,1.018600856,-1.290346492,-0.471837419,0.698993358,-0.35182586,0.111892804,0.368966332,0.069085663,-0.050600722,0.255990884,-0.018417342,-0.094174642,0.168005821,-0.066025792,0.03630444,0.111561276,0.038170176
bee,bee_03,10,90,119,0.090871141,0.112752267,0.134075186,0.108596034,0.142868649,0.126114951,0.098743075,0.069023225,0.034917315,0.048952773,0.033085383,0.51165482,0.251464683,0.284721772,1.797034403,0.89203347,0.887888466,0.044979984,0.532368887,0.512643035,0.2002785,260.7213963,257.3885302,52.49400336,140.1542956,139.4100062,29.46470918,230.243983,193.469696,186.6050849,197.951858,91.80648317,369.510135,49.78789163,15.56158842,4.937491957,15.31330362,4.344409866,2.098587927,4.459585758,-1.487328102,1.382953097,-1.548445788,-0.262562107,0.731287125,-0.240143745,-0.017041606,0.369914523,-0.023441735,-0.042174831,0.259432498,-0.012671712,-0.088889308,0.187893875,-0.074296412,0.005982576,0.131135179,0.012756301
bee,bee_03,10,160,189,0.162549624,0.174056299,0.172863472,0.117176119,0.12702154,0.0889237,0.055886884,0.033258067,0.016086103,0.026121694,0.026056497,0.505984831,0.244197659,0.157409245,3.214454339,0.864283884,0.858535696,0.047926332,0.450736328,0.441853715,0.203746798,222.1617573,218.1033813,41.68020414,133.3162133,133.7609971,29.41654384,207.3427738,180.9167633,132.8312468,145.164696,75.47939573,356.313345,52.78716226,17.31483515,4.731073965,17.69999114,5.457290503,2.193000889,5.210319922,-0.874972773,1.001798295,-0.734849994,-0.479568023,0.666806245,-0.42367394,0.060029636,0.373738699,0.017201243,-0.006159511,0.258627248,0.033352356,-0.108605436,0.183533873,-0.059825669,0.032949907,0.137587025,0.027639805
bee,bee_03,10,180,209,0.130410096,0.148267127,0.157990879,0.11486637,0.134888318,0.104941899,0.073894241,0.048403829,0.024224899,0.03585559,0.026256753,0.512687465,0.249754688,0.208635312,2.457337927,0.880718745,0.875359375,0.05128856,0.463208166,0.417175005,0.226340896,252.1836449,242.9816995,55.30567881,130.9300494,125.2629799,31.06723687,215.5562306,194.1932965,184.878402,197.951858,95.05616724,369.510135,55.38653004,19.17128803,3.998065968,19.40800373,5.148023412,2.572487002,5.453741615,-1.849843617,1.385058369,-1.845571087,-0.071920395,0.766432616,-0.059971463,0.048790189,0.460970968,0.101112201,-0.099550543,0.305116125,-0.066721772,-0.042773767,0.189677628,-0.0235071,0.009581463,0.141645379,0.01859134
bee,bee_03,10,210,239,0.110931118,0.133557449,0.15034998,0.114399225,0.140443717,0.114800719,0.084287537,0.056409238,0.027971344,0.038950278,0.027899394,0.51999364,0.254842941,0.235517792,2.207874126,0.895501936,0.896169375,0.051934691,0.555355622,0.568448196,0.225843994,262.1984718,264.5275704,59.13695674,147.3524064,148.9696154,36.34040602,240.5171898,209.8754778,173.1616254,171.558277,97.63045569,475.08446,57.18609242,15.30354629,5.454900632,16.1023358,4.200283667,2.247674098,3.981385958,-1.134925938,1.514586586,-0.983153865,-0.262452407,0.794295651,-0.268230778,-0.103850521,0.384845049,-0.040842365,0.0193899,0.237784051,0.02509091,-0.077632084,0.178682723,-0.054807764,-0.013967373,0.124955736,-0.005707793
bee,bee_03,10,312,341,0.125136993,0.145366339,0.156878328,0.114234344,0.133036572,0.101511009,0.069863486,0.045524113,0.023628713,0.040858881,0.043961222,0.505660253,0.247270916,0.223836415,2.259061619,0.904481315,0.906334613,0.054746903,0.611857172,0.640784563,0.218803783,265.7185411,258.1422077,54.17917921,155.0931921,159.0768727,30.66663172,216.3275678,200.3553388,175.9983187,184.755068,72.4203263,303.526183,51.28752687,13.40586968,4.396421311,12.96638173,3.905478124,1.966626177,3.677463751,-0.779981496,0.902436847,-0.769199459,-0.521936134,0.592922648,-0.400520593,-0.033779701,0.279930318,-0.034167925,0.005628022,0.212728091,0.009948071,-0.101783952,0.143460645,-0.070680009,-0.012867562,0.109074617,-0.000646551
bee,bee_03,10,330,359,0.127113516,0.147918717,0.160009749,0.116854204,0.13658405,0.104551351,0.071665032,0.04558289,0.022530199,0.035029641,0.032160649,0.517999355,0.253438255,0.206968411,2.502794278,0.895844919,0.888866025,0.051860378,0.5719421,0.590670571,0.215497638,256.2131233,243.647836,53.38017708,148.5666897,151.5019065,29.78906962,218.5649348,191.681866,174.8883083,184.755068,74.09899763,303.526183,51.6874297,14.03479934,4.832162409,13.64439393,4.213349865,2.052127711,4.009458894,-0.946149428,1.086952688,-0.790337288,-0.459235655,0.623057334,-0.375565588,-0.053926981,0.285265544,-0.033135801,0.005916584,0.208755388,0.018202723,-0.094477742,0.163610063,-0.072346072,-0.012828597,0.1119208,0.006660456
bee,bee_03,10,360,389,0.153702669,0.166599016,0.167264412,0.114330436,0.125045388,0.088906087,0.057558041,0.036172853,0.018745075,0.033489457,0.038186566,0.495546323,0.239375824,0.184151992,2.690963692,0.895899825,0.890904957,0.052508917,0.583905517,0.586632962,0.211252025,250.9216095,245.0409415,50.08460143,153.2012877,152.6599617,33.00144362,222.8247934,206.7895192,147.8780547,171.558277,66.37647325,277.132602,54.28679751,12.09243205,4.105341599,11.92096927,4.217027937,1.920816162,4.088555543,-0.58179753,0.704210019,-0.618927006,-0.531872875,0.551591898,-0.518181332,-0.02990434,0.250103585,-0.022407092,0.025410744,0.134054236,0.02789523,-0.097283019,0.127359038,-0.067577364,-0.009101995,0.094521281,0.008522146
bee,bee_03,10,1240,1269,0.062005359,0.077410701,0.09490538,0.080884059,0.11512887,0.115052074,0.106154444,0.091092464,0.056895525,0.108040223,0.0924309,0.405970383,0.19601293,0.454613556,0.89300105,0.910462165,0.909055651,0.040204356,0.625116868,0.632458786,0.174386613,302.9470457,283.6399263,95.27203587,154.5394459,154.2453797,29.38801139,220.5449287,201.4677843,231.9921777,197.951858,156.2425936,659.839527,49.58794026,14.16679904,4.656215088,13.11732356,2.400445103,2.994112586,2.928907113,-1.186337096,1.476882922,-0.806538173,-0.212718893,0.758472778,-0.287771946,-0.16532594,0.407943888,-0.131712264,0.026489639,0.266373638,0.021766997,-0.114334237,0.173268122,-0.093727482,0.012099904,0.114173642,0.009137697
bee,bee_03,10,2030,2059,0.151246684,0.162587414,0.162115601,0.110396305,0.12073341,0.086491169,0.057295223,0.037697505,0.020663166,0.039828655,0.050944869,0.479736485,0.231129715,0.206429417,2.323973448,0.928306533,0.934535879,0.055894416,0.72561685,0.743464957,0.208796902,292.1556176,282.6418266,72.48077799,178.2267987,183.3641123,30.61438006,229.8091237,217.929836,159.8415003,171.558277,109.7415525,580.658784,62.68475514,9.160382497,3.769624009,8.588017311,2.862398496,1.908043571,2.879267932,-0.268944286,0.621477434,-0.201899894,-0.394617516,0.447788556,-0.321933958,-0.091410222,0.205558501,-0.089266639,0.004069691,0.168213018,-0.006329437,-0.04715416,0.11175309,-0.038432365,-0.032193226,0.072282133,-0.016948344
bee,bee_03,10,2060,2089,0.125435072,0.144785672,0.157154723,0.116085889,0.137851646,0.107337864,0.07407131,0.046445849,0.022230388,0.033395462,0.035206125,0.518430121,0.253937534,0.211349135,2.452955968,0.906512216,0.893657746,0.046436532,0.609048526,0.571109795,0.201790536,264.7550785,257.6475686,58.08279819,153.6743484,149.8855237,32.66369014,243.2638053,210.5436775,169.0915872,184.755068,81.47056914,316.722973,53.48699199,11.98772167,3.441031599,12.07237115,3.801147548,1.820633848,4.092125562,-0.974854805,1.155723141,-0.69320777,-0.381151486,0.453398652,-0.36085746,-0.008488745,0.258994689,-0.001325588,-0.075829733,0.227145869,-0.024758549,-0.032343376,0.129282283,-0.027339466,-0.029085627,0.089062889,-0.019022959
bee,bee_03,10,2090,2119,0.0990062,0.122164166,0.14086807,0.109534828,0.137885929,0.116853077,0.089986229,0.064012534,0.03379056,0.050666211,0.035232197,0.505141904,0.247420757,0.27368773,1.845687069,0.911342629,0.915523183,0.04687416,0.609910586,0.617724913,0.206991153,291.3971547,293.3926481,63.78627987,147.7480506,145.3577804,29.58520395,220.5739056,201.3025822,237.0488917,224.345439,105.8239543,514.674831,55.98638418,13.70079345,3.623565386,13.72390912,3.395712971,2.223549965,3.214263534,-1.600064871,1.296325731,-1.446101062,-0.139483763,0.711354544,-0.11129701,-0.115039565,0.398175345,-0.044317953,-0.031153638,0.21398921,0.007440603,-0.080642192,0.151498812,-0.070759508,-0.015516989,0.089574743,0.002116288
bee,bee_03,10,2115,2144,0.104834678,0.129158655,0.14888906,0.11508659,0.141993909,0.114707187,0.081664569,0.052802901,0.026124349,0.04143787,0.043300232,0.520676747,0.2570805,0.24532992,2.122353229,0.912766163,0.915242399,0.044016094,0.631156192,0.644095578,0.192271999,275.3550895,270.2123746,48.40592936,154.4033359,156.1731442,27.82482214,217.5199691,195.4219437,200.9118859,211.148649,80.52612075,316.722973,51.68742964,12.09489966,3.649037042,12.33689243,3.622086005,1.816098325,3.492436378,-1.182795007,0.806034063,-1.277554258,-0.43128685,0.561333533,-0.432221653,0.061428571,0.288663951,0.051201897,-0.078975893,0.186549488,-0.064091493,-0.082694398,0.137803645,-0.066868218,0.016346157,0.084707227,0.014341292
bee,bee_03,10,2390,2419,0.116971356,0.13320674,0.143905045,0.107240834,0.130908463,0.108214822,0.082061881,0.058040523,0.030822226,0.048375823,0.040252288,0.490269164,0.238149297,0.25955274,1.888899975,0.918430928,0.92279802,0.044297239,0.651653025,0.683543585,0.195148511,288.6043153,285.276573,59.63648207,158.6581684,155.9072755,30.69255935,230.4959009,209.5000849,200.5418824,197.951858,100.9244063,461.887669,56.78618967,11.46457585,4.210486303,11.19883744,3.238332959,2.012323137,3.126299464,-1.157654117,1.170899391,-0.924281795,-0.215604762,0.708046452,-0.204313598,-0.071234572,0.312810971,-0.086700136,-0.056438276,0.206990658,-0.03487831,-0.057658584,0.144115683,-0.060346739,-0.022267692,0.087248183,-0.008120798
bee,bee_03,10,2420,2449,0.096106478,0.122332754,0.145238301,0.115157482,0.146211554,0.122758277,0.091146518,0.060774877,0.029835508,0.041331192,0.029107059,0.529365613,0.261369035,0.252195155,2.099031658,0.896205606,0.89202076,0.041393887,0.53528072,0.503637648,0.198441238,266.544788,260.6619149,45.55114363,141.1629043,135.2276878,31.8214923,226.8341535,203.1780941,193.2651475,211.148649,83.47031945,382.706926,47.38847519,14.89819673,3.739643269,14.99693701,4.319132945,1.96187758,4.426667823,-1.667124824,1.520177122,-1.576034522,-0.123083381,0.703535725,-0.158275682,-0.035961039,0.359182142,-0.006189255,-0.145217428,0.261567463,-0.08044872,-0.012050421,0.152424502,-0.015431555,-0.040335757,0.116922879,-0.026691347
bee,bee_03,10,2450,2479,0.142807018,0.16201829,0.169806705,0.119905876,0.134514296,0.097193042,0.06224235,0.037011514,0.017592847,0.027937107,0.028970955,0.521419919,0.254420173,0.173754773,3.00089552,0.886282854,0.879157097,0.05042314,0.527256871,0.49662978,0.217836867,242.1126971,231.8700555,51.74501037,143.0919766,137.945584,32.44939259,222.6557361,201.7868115,159.7181659,171.558277,76.235154,409.100507,48.58818347,13.5557462,4.278475078,13.77829418,4.685865174,2.117402316,4.699664228,-0.930767979,1.023232081,-0.941649506,-0.447143008,0.597714926,-0.306314634,0.049714179,0.379740483,0.061480861,-0.064070257,0.228742142,-0.00483962,-0.074907812,0.143747204,-0.044998447,0.021183174,0.089556252,0.016462404
bee,bee_03,10,2480,2509,0.148161289,0.1618324,0.16459111,0.114381805,0.127893056,0.093755528,0.06246818,0.039604876,0.02004062,0.033257171,0.034013964,0.5006215,0.242274861,0.189384811,2.643408924,0.898300801,0.892786124,0.047986024,0.580703009,0.592119,0.203444851,252.6485439,244.3372454,47.03863721,151.4801325,153.0600756,29.87363793,212.1537413,202.8874943,151.7014239,171.558277,69.82337897,263.935811,53.98687044,12.51927594,4.301751062,12.62667492,4.201172114,1.852553411,3.953727862,-0.823776826,0.936812719,-0.730591401,-0.364070784,0.620670697,-0.291258454,-0.064981924,0.279876524,-0.062882069,-0.009198892,0.20484895,0.013527985,-0.072679806,0.133802867,-0.055799982,-0.011248763,0.083932328,0.002236462
bee,bee_05,12,2050,2079,0.135868811,0.163599243,0.178488715,0.128161815,0.143441134,0.100733266,0.060421545,0.032248255,0.013697804,0.020398655,0.022940756,0.55082493,0.271602949,0.149707016,3.679352818,0.896215054,0.893164097,0.061680489,0.589144886,0.575738069,0.253264623,254.7394971,245.0853717,66.52135754,157.4698857,153.4173939,39.95072667,226.7133787,215.9173027,139.2446404,171.558277,75.24973589,263.935811,48.98808616,10.87169691,5.354255225,10.43603509,4.163720513,2.393528648,4.143930779,-0.452509951,0.947663231,-0.274064149,-0.53076545,0.544136397,-0.46050954,0.00855526,0.327870589,-0.048732115,-0.011624221,0.201892524,0.026701009,-0.08917353,0.128745797,-0.076287443,0.013426168,0.100418456,0.004077669
bee,bee_05,12,2095,2124,0.131918646,0.145404019,0.151059354,0.108437903,0.12741352,0.101151285,0.074430521,0.051925219,0.027621447,0.043972423,0.036665664,0.488062061,0.235851423,0.234615274,2.080265504,0.892343124,0.886637589,0.049863542,0.546144689,0.516015088,0.21380832,252.2713361,238.2556476,51.21223453,146.2897145,140.7045526,34.26105087,220.6701359,205.4829991,153.4281069,171.558277,88.95484579,409.100507,58.18584933,14.82073142,4.388395149,15.63699772,4.413534367,2.041187528,4.490310089,-1.020672837,1.181725185,-0.998189487,-0.261385316,0.738153004,-0.257450406,0.013558354,0.357892883,0.026416465,-0.058881272,0.215200766,-0.060088512,-0.058957575,0.144723931,-0.040074858,0.006459513,0.10205469,0.014844171
bee,bee_05,12,2118,2147,0.128561539,0.143312245,0.14965317,0.107193424,0.124916769,0.097908982,0.071546129,0.05064773,0.028072864,0.04947347,0.048713679,0.479672345,0.232110193,0.248453872,1.930629382,0.902092922,0.902527589,0.053071161,0.607868812,0.617498977,0.210898385,260.4933811,252.1518929,54.99234076,156.9092709,161.6652495,31.64931841,219.5044514,207.7458366,154.0447793,171.558277,87.12465183,422.297297,63.88446342,14.23535531,4.870000925,14.00081372,3.913015881,1.943236944,3.804781863,-0.648873789,0.922924131,-0.609809596,-0.395176738,0.660307537,-0.310525282,-0.06460377,0.282872128,-0.019387167,0.019314848,0.155796603,0.01842948,-0.086993307,0.137129334,-0.061417779,-0.014227906,0.092022624,-0.000758393
bee,bee_05,12,2195,2224,0.105769879,0.121756989,0.134436655,0.103065309,0.130421462,0.112884992,0.08947193,0.065448843,0.035320276,0.055458145,0.04596552,0.480808418,0.233486771,0.291664714,1.648497039,0.90837845,0.911509768,0.040976227,0.622227423,0.640191919,0.174503218,266.9127649,259.7655112,46.67594747,158.7827851,160.5900641,29.00246944,228.1369168,210.6882595,162.0615212,184.755068,84.34085768,369.510135,60.88519282,13.97524503,4.631698321,14.1191651,3.66506675,1.59973806,3.554005837,-0.815285951,1.238313188,-0.630796702,-0.250610368,0.708907669,-0.242700047,-0.073189706,0.295172646,-0.066740934,-0.011813097,0.196721444,0.015847175,-0.057820528,0.148812364,-0.055737077,-0.015212401,0.097069876,0.003141875
bee,bee_05,12,2225,2254,0.141407694,0.159316982,0.166900185,0.118529047,0.1344803,0.09896168,0.064703675,0.039053483,0.018546815,0.028759942,0.029340198,0.518871212,0.253009347,0.180404113,2.876160661,0.87943678,0.86902243,0.047167499,0.501497325,0.481431581,0.196065678,239.7680235,230.770748,45.29058591,137.1775924,132.9501025,28.19819099,206.7490747,188.2201458,165.8848905,171.558277,72.05451791,277.132602,46.98857243,16.65544384,3.429447895,17.09206546,4.861541088,1.887936801,4.795583245,-1.019373648,0.964652247,-1.015776716,-0.547062115,0.586023161,-0.447886881,0.076118811,0.307665382,0.035239194,-0.055066423,0.218595161,-0.027850047,-0.096035182,0.149413378,-0.07614053,0.019567558,0.095944191,0.012093532
bee,bee_05,12,2255,2284,0.105869249,0.127650815,0.146381571,0.11426938,0.144153198,0.120596375,0.088945426,0.058324606,0.02792379,0.037616808,0.028268782,0.525400525,0.258422578,0.241079412,2.179367045,0.909595077,0.911499231,0.050621419,0.613084091,0.604869136,0.225487118,275.4956065,267.6466261,56.88059509,155.0690174,157.4033186,34.03077113,237.907552,209.0536236,180.6850294,184.755068,94.99628229,475.08446,62.28485241,14.89294128,5.567661117,14.54356983,3.764528023,2.154294797,3.59260109,-1.148286761,1.288484741,-0.889501627,-0.256173663,0.642492636,-0.263368108,-0.009976817,0.320869095,-0.020135635,-0.072961913,0.235226433,-0.041091726,-0.05063547,0.146361947,-0.04753745,-0.008083993,0.105949447,0.0014672
bee,bee_05,12,2285,2314,0.108416131,0.132187836,0.151094429,0.116372094,0.14386217,0.11729753,0.084653216,0.054989471,0.026517847,0.036743262,0.027866014,0.528626223,0.260234265,0.23076981,2.290707886,0.904026388,0.902170853,0.050188956,0.590377021,0.556405135,0.215029627,271.5982576,270.6557413,62.33683394,150.2714128,147.2437272,31.73116965,228.4495329,208.8000518,187.3450918,184.755068,115.6079131,448.690879,61.48504688,13.25026346,4.09164216,13.39432357,3.792983865,2.105848419,3.982860593,-1.218357486,1.444039755,-0.893371903,-0.018564256,0.71186919,-0.001466011,-0.121487011,0.275814865,-0.119673168,-0.019852074,0.232533691,-0.027396472,-0.048586193,0.155887194,-0.046732715,-0.029782819,0.110507774,-0.001430831
bee,bee_05,12,2300,2329,0.120940996,0.137885265,0.149799763,0.112272657,0.137203494,0.112111553,0.082184486,0.054672443,0.026958548,0.038076365,0.02789443,0.511387468,0.249476151,0.229786272,2.225491816,0.895927139,0.887614824,0.04765157,0.535067577,0.487290855,0.216884243,266.4419536,259.8644462,59.53745818,139.7470484,133.5163624,31.5070536,226.7092776,198.1157185,196.8418477,211.148649,108.673146,435.494088,62.98468214,15.04896714,4.010272123,14.59244406,4.262587327,2.300633241,4.789951369,-1.663146346,1.361729133,-1.661289228,0.03802564,0.759569332,0.026695097,-0.050916553,0.319464238,-0.062240433,-0.083166428,0.278626748,-0.077872653,-0.051420195,0.166422761,-0.038160657,-0.011446868,0.118931469,0.002545397
bee,bee_05,12,2375,2404,0.133414427,0.14993052,0.158065472,0.113993959,0.132872331,0.102418123,0.071276882,0.046082413,0.02294061,0.035403154,0.033602109,0.507349886,0.246866291,0.209305167,2.423972103,0.890696874,0.884869581,0.047109516,0.547500064,0.548471816,0.203446734,248.979942,239.9544479,48.15855449,146.0483268,147.3572478,32.32229967,220.8116071,206.1264345,153.5514413,171.558277,77.49222033,343.116554,49.68791598,12.71746492,3.948202774,13.03833336,4.423640797,1.96736361,4.394377258,-0.927784112,1.126143837,-0.689511745,-0.355771374,0.616282222,-0.349228982,0.007270013,0.320640336,-0.005206186,-0.055240154,0.234218177,-0.022429163,-0.049178762,0.143273611,-0.056779922,-0.009366246,0.103745044,-0.001958298
bee,bee_05,12,2640,2669,0.087516298,0.112921901,0.13692147,0.11119562,0.145312232,0.126625944,0.097786301,0.067620695,0.034001917,0.047378957,0.032718665,0.520055266,0.256507852,0.279506535,1.860619344,0.908910817,0.904869099,0.045676402,0.594872887,0.549254552,0.210416095,286.1048619,279.6700313,59.75245977,148.1661098,146.4392963,30.56935133,219.5508499,204.3239201,232.855519,237.54223,107.7565212,461.887669,59.48553313,13.28982327,4.12216155,13.50156591,3.607498535,2.14938982,3.653409996,-1.630775703,1.46651082,-1.569930008,-0.040378384,0.753740018,-0.064010206,-0.087009401,0.336983011,-0.063405195,-0.122715493,0.221191259,-0.121230969,-0.035362404,0.161328966,-0.040191042,-0.035151975,0.121403074,-0.013401182
bee,bee_05,12,2655,2684,0.102178227,0.122201438,0.139560288,0.109288889,0.139672947,0.120259889,0.092763376,0.064413849,0.032491307,0.045208228,0.031961563,0.508782012,0.248961835,0.266838323,1.90670518,0.900936429,0.896191708,0.041003385,0.572769481,0.552275857,0.183594911,269.3722798,263.1997252,55.39588526,145.4771022,142.2728876,27.5002842,220.9542058,200.0792966,203.7485792,211.148649,108.6399827,448.690879,57.98589792,12.52854356,3.664819632,12.07625995,3.880499168,1.908105818,4.16000601,-1.428965615,1.358906284,-1.294783591,-0.132494309,0.742333745,-0.170697842,-0.046622233,0.335026253,-0.048686182,-0.074784694,0.218959561,-0.057672087,-0.04029993,0.178722932,-0.045243624,-0.019837948,0.129928542,0.002075195
bee,bee_05,12,2685,2714,0.109728044,0.135217133,0.154193911,0.117445215,0.142833789,0.114258299,0.081547117,0.053371031,0.026449536,0.038380503,0.026575423,0.528731214,0.260279004,0.22632361,2.336173475,0.894106328,0.88969584,0.045409532,0.540422052,0.531059904,0.212664772,259.2609404,251.4320109,56.37643564,145.318222,144.0961365,31.07523703,220.869078,196.3883176,173.9016323,184.755068,94.39440456,461.887669,48.48820774,15.31759274,5.259790746,16.13331786,4.268987708,2.305312041,4.149201475,-1.338137539,1.586575219,-0.842271234,-0.198174408,0.746479781,-0.181625907,-0.145833127,0.437116096,-0.129768626,-0.002864829,0.266156877,0.031333961,-0.089278968,0.198168305,-0.071143363,0.008699103,0.145209375,0.017285863
bee,bee_05,12,2715,2744,0.100627214,0.132116096,0.15747383,0.122829862,0.15089478,0.11996437,0.082983217,0.051030509,0.023413374,0.031550768,0.027115981,0.551162841,0.273724642,0.216093849,2.550571633,0.889576596,0.879440632,0.038203058,0.511327546,0.451151574,0.166798704,257.8910344,253.5668369,45.19565891,133.8072659,128.7159003,22.5348452,205.4583116,175.3984851,221.6320804,224.345439,70.60036096,422.297297,35.49136848,14.51511185,2.60300476,14.73331687,4.539273811,1.709095624,5.030105473,-1.698338456,1.040636892,-1.77470083,-0.386256226,0.671011,-0.466949148,0.099495782,0.297522927,0.108847408,-0.150113706,0.27089028,-0.144494017,-0.048197406,0.157238724,-0.055108965,-0.025907689,0.104139836,-0.022427466
bee,bee_05,12,2735,2764,0.116650316,0.145173476,0.164306676,0.122412029,0.143249756,0.10739551,0.07033056,0.04206811,0.019925276,0.032035182,0.03645311,0.537363971,0.265661785,0.200812238,2.675952301,0.893120189,0.883540426,0.043148676,0.558184692,0.510451585,0.176831379,252.7493855,244.3527424,45.33044209,143.4638572,139.720198,27.4387552,221.1781183,201.2541123,184.2617296,184.755068,64.99527271,369.510135,45.08903439,13.73428722,2.749167715,13.8032861,4.296875305,1.608992933,4.706407172,-0.941523018,0.865160548,-0.940380628,-0.628773321,0.514555518,-0.655291743,0.048313798,0.240160648,0.032345655,-0.02832422,0.192544705,-0.031246144,-0.115210796,0.128077876,-0.102082419,0.001825792,0.076336797,0.007444367
bee,bee_05,12,2775,2804,0.086222475,0.112397923,0.137646632,0.112526179,0.147472666,0.12815063,0.09792146,0.066522908,0.032844852,0.045256752,0.033037523,0.525796107,0.259998844,0.275583495,1.90793758,0.906763529,0.899770231,0.048398045,0.611169488,0.595767603,0.200936663,275.065033,269.2279893,63.18525184,153.0613216,148.7014748,32.64199175,230.7289542,216.8035854,191.908468,197.951858,125.1312463,739.02027,59.88543586,13.19196815,4.592183803,12.78390831,3.588040822,1.85197766,3.744945082,-1.041352372,1.452948876,-0.687043462,-0.372863519,0.605518054,-0.334106149,-0.10718883,0.350892861,-0.061825674,-0.014734663,0.204636595,-0.003813426,-0.080958834,0.139293777,-0.066057908,-0.023499461,0.091032724,-0.012521177
bee,bee_05,12,2790,2819,0.129488505,0.141674642,0.148674899,0.109101819,0.131750251,0.107221944,0.079073716,0.053452221,0.026959389,0.039809429,0.032793184,0.496748913,0.240852069,0.23208794,2.140347803,0.901043208,0.895259271,0.05614435,0.603782031,0.552728883,0.219441474,270.2083752,266.9940702,70.03309021,154.3371722,152.2394106,33.33294125,233.6023567,215.7411908,178.4650085,184.755068,140.596156,739.02027,61.68499825,13.45940143,5.429181049,12.65124708,3.651098989,2.036801917,3.8521828,-0.859462887,1.496634295,-0.504106713,-0.341979329,0.59689815,-0.336823785,-0.150973585,0.347002323,-0.118604227,0.003391735,0.198302532,0.024146964,-0.077817102,0.152440938,-0.063317893,-0.019882196,0.103417908,-0.008394071
bee,bee_05,12,2835,2864,0.157532869,0.163686723,0.15896786,0.106884107,0.116717082,0.084524027,0.057245901,0.038601864,0.021456061,0.04158983,0.052793674,0.467093077,0.223601189,0.211687331,2.206523526,0.906037352,0.908788868,0.049550558,0.646650269,0.654854939,0.185782741,256.7733544,249.1722868,53.47043284,168.4406748,167.8807568,30.9720075,232.0605061,219.1198666,113.9610696,118.771115,70.70361986,290.329392,54.08684614,11.33213344,3.627111953,10.73444432,3.59977001,1.550908532,3.550886776,-0.061741832,0.6382348,0.00872483,-0.408744868,0.527240977,-0.358698142,-0.098498902,0.244657847,-0.036596415,0.042131827,0.120763319,0.032269292,-0.060817338,0.106518042,-0.038349875,-0.019636792,0.071918791,-0.000505407
bee,bee_05,12,2860,2889,0.132875705,0.15437372,0.164929621,0.117990016,0.133872693,0.098219891,0.064504013,0.040149725,0.020266404,0.034819845,0.037998366,0.515012221,0.25186271,0.197738353,2.604513558,0.891096351,0.885310842,0.052761399,0.558810795,0.557949366,0.21735209,248.5274423,238.8888414,50.04409304,148.0895313,149.00432,34.69534503,236.3815261,204.7646688,154.7847863,171.558277,73.57028903,329.919764,42.98954501,14.79024153,3.966362493,15.12417047,4.400200343,2.001095467,4.312223736,-0.699341738,0.844737161,-0.721191599,-0.54300213,0.6104917,-0.411400605,0.016142752,0.31593354,-0.024664775,0.003852769,0.180244673,0.015473161,-0.116307607,0.155393534,-0.075465924,0.011294873,0.105207016,0.022423964
bee,bee_05,12,2890,2919,0.142714454,0.154172174,0.154826658,0.106455783,0.118273725,0.087293136,0.060540772,0.042102908,0.024053701,0.047654787,0.061911903,0.466849301,0.224729507,0.236264071,1.975964007,0.929173551,0.936458076,0.050784128,0.729444074,0.754776847,0.190545618,286.6432793,277.671917,63.11837578,180.1210398,180.1980088,30.02524452,240.5164075,220.0942702,135.9146091,158.361486,97.26127538,739.02027,71.08271277,10.8519365,3.758212438,9.937461523,2.905465788,1.622464203,2.909213848,-0.146670433,0.595805949,-0.070166448,-0.381747123,0.453677684,-0.325933828,-0.103612556,0.209847265,-0.069232049,0.029638054,0.13869331,0.01580834,-0.05085957,0.088462509,-0.05245811,-0.027740935,0.070021401,-0.007418704
bee,bee_05,12,2905,2934,0.13619717,0.1498695,0.155192103,0.110645674,0.128118155,0.098704354,0.069483965,0.046291278,0.024117454,0.040394178,0.04098617,0.492660285,0.238763829,0.221273045,2.226481248,0.909256398,0.906420523,0.048171855,0.637769058,0.636525654,0.199475317,263.7721484,250.8892073,55.83807592,163.481289,165.6760804,31.56654951,242.5510173,215.2262385,145.1646959,171.558277,96.46419249,739.02027,66.98370961,14.22544932,5.196522539,13.95401178,3.661471945,1.806528016,3.754154338,-0.521832322,0.945767064,-0.51690732,-0.388000978,0.506982246,-0.382435012,-0.055346225,0.305295674,-0.026608534,-0.007712888,0.190862141,0.009260207,-0.060644331,0.102986166,-0.048113681,-0.007604455,0.083857336,-0.004147138
bee,bee_05,15,1490,1519,0.086212037,0.099221981,0.113440783,0.092531065,0.127792878,0.12403045,0.109847533,0.087482734,0.048898091,0.071427804,0.039114643,0.457795176,0.220323943,0.356770806,1.283163222,0.912214714,0.910373934,0.04705763,0.628517216,0.63937533,0.201764917,287.4989971,288.1349523,60.72199141,157.6836192,158.9219268,32.6213245,221.9100029,211.7629217,185.2484055,184.755068,123.205193,739.02027,59.08563042,13.90430378,4.511538771,13.70585393,3.241115859,1.832713519,3.223068695,-1.223818449,1.727938759,-0.693403977,-0.06075357,0.7176462,-0.089506284,-0.255031615,0.459561779,-0.164557504,0.004242677,0.238135244,-0.010083931,-0.080714299,0.164558939,-0.061498146,-0.015329683,0.094964395,-0.011562011
bee,bee_05,15,1505,1534,0.067223614,0.087276755,0.111081121,0.097000956,0.139415648,0.137327818,0.120141771,0.092679006,0.04976716,0.067582752,0.030503398,0.484825543,0.236416604,0.360674087,1.344220614,0.906507516,0.899143453,0.036318058,0.555869624,0.534897942,0.187511397,297.7495872,301.5417222,48.16345938,139.0229501,130.2639329,30.00269524,219.9344911,200.6969773,251.6023617,263.935811,91.30321684,435.494088,43.38944776,15.71568792,3.637719638,16.03697605,3.527310796,1.860566399,3.355159644,-2.411769975,1.688653153,-2.324343484,0.191426141,0.75572547,0.153257914,-0.288163257,0.530870006,-0.228532527,-0.048135303,0.299984159,-0.043683659,-0.075814237,0.205297807,-0.056125301,-0.022200335,0.132367768,-0.007765957
bee,bee_05,15,1640,1669,0.107482679,0.134123476,0.155546006,0.120296295,0.147946637,0.118424391,0.082531702,0.050868693,0.023216006,0.031105846,0.028458269,0.542213329,0.268242932,0.216180517,2.508150769,0.889212092,0.884488376,0.03270537,0.521215215,0.50767467,0.152925969,255.5338269,252.0099477,37.51941601,135.6792241,132.2827512,25.54075368,218.9166761,194.4688919,206.708607,211.148649,70.4417648,316.722973,35.69131995,11.75888149,2.412730186,12.3273006,4.465092702,1.521514522,4.616713897,-1.53277076,1.173604122,-1.670226588,-0.453757534,0.547196287,-0.496494817,0.084717467,0.303392463,0.07856542,-0.164139091,0.227319182,-0.17402414,-0.041442283,0.133654737,-0.04057675,-0.008299403,0.083663462,-0.001367244
bee,bee_05,15,1720,1749,0.147110757,0.160789574,0.162636226,0.11184482,0.123196933,0.08865082,0.058541127,0.037944384,0.020390172,0.038782792,0.050112395,0.486328799,0.235041752,0.20577087,2.363448225,0.910886918,0.901851879,0.044413202,0.647303732,0.61899179,0.176600054,263.1102358,253.1706497,50.97688342,162.272421,159.6481307,28.27587672,231.2159901,216.8970622,157.3748106,171.558277,67.44618831,290.329392,50.4877215,9.975229045,2.607228779,9.538529136,3.59395676,1.544213936,3.726986251,-0.488659472,0.689241628,-0.486272777,-0.448038748,0.517321624,-0.477184047,-0.036538562,0.25775604,-0.054149546,0.008661242,0.148261049,0.001017185,-0.07496471,0.097863973,-0.063339593,-0.013762938,0.066829072,-0.002659845
bee,bee_05,15,1885,1914,0.075242309,0.097514174,0.118291315,0.096493803,0.128495655,0.117806684,0.100040862,0.079877732,0.047072724,0.080953163,0.058211579,0.461087457,0.224989458,0.366156061,1.259264851,0.919116062,0.918280184,0.035957619,0.64390457,0.641934058,0.163462601,326.8264885,324.8503719,74.61719767,148.1070358,143.6897511,26.41555645,217.4697113,200.7304569,289.096047,277.132601,121.2101341,514.674831,50.78764841,14.62065387,3.226966755,14.05988503,2.141303018,2.388752313,2.124431199,-1.910910557,1.549718853,-1.835696495,0.022836581,0.688144985,0.082509406,-0.32559927,0.391067886,-0.356161783,0.0188568,0.237308377,0.034406436,-0.107687518,0.167172062,-0.118685033,-0.025659269,0.115765341,-0.010590186
bee,bee_05,15,1975,2004,0.107930479,0.128539712,0.144822304,0.111318343,0.139050029,0.116521086,0.0878363,0.060202928,0.030375761,0.043072275,0.030330784,0.511711762,0.250368372,0.251818048,2.032069451,0.903597928,0.908454424,0.047917581,0.58480071,0.597470766,0.213937897,270.5642974,260.2220811,54.37686823,149.0977143,149.2411619,31.07011577,214.2357756,204.7336546,196.9651822,197.951858,90.43851575,409.100507,56.28631119,12.69476162,4.301644227,12.38771384,3.968985138,2.133914907,3.806466676,-1.269074042,1.225420307,-1.114789155,-0.256779252,0.728184377,-0.283528984,-0.001776131,0.308276836,-0.02397602,-0.037849736,0.218034129,-0.007766259,-0.070673295,0.156424618,-0.066362859,3.77E-05,0.1105855,0.011075371
bee,bee_05,15,1990,2019,0.141999361,0.157563133,0.162977059,0.114841831,0.129818755,0.095802371,0.063682736,0.040014216,0.020179625,0.034473439,0.038647474,0.503440016,0.244660586,0.19699749,2.555565632,0.893599805,0.885682508,0.048672901,0.569819237,0.542412427,0.195831485,251.6821221,244.6714312,50.72144785,147.7722518,148.8605967,27.5958324,218.9775394,194.9306985,174.3949703,184.755068,78.9461376,329.919764,52.9871136,11.81906303,3.41473055,11.72016277,4.218806329,1.825418122,4.334810624,-0.792069558,0.821225073,-0.816081567,-0.582244888,0.571018623,-0.541395944,0.046793732,0.292272405,0.039151621,0.006999463,0.195594769,0.02116544,-0.109857756,0.131400205,-0.099949285,0.017755453,0.085085784,0.02207806
bee,bee_05,15,2010,2039,0.137070064,0.150115012,0.155207681,0.110809419,0.128690511,0.099483511,0.070082588,0.046436955,0.023904847,0.039033049,0.039166362,0.494191122,0.23949993,0.218623802,2.260463492,0.898245594,0.889695371,0.054042229,0.596765567,0.575067378,0.214856627,255.3449886,239.6238781,59.27395878,155.9089547,152.6365187,33.06583283,232.5831784,211.2317522,148.9880652,158.361486,80.2793819,316.722973,61.28509556,11.73908432,4.429413563,11.49342432,3.996066729,1.964703316,4.192556783,-0.529533069,0.963797032,-0.44090659,-0.512558287,0.568477706,-0.492930581,-0.001131909,0.293282101,-0.00541527,0.009572572,0.171321901,0.019334993,-0.076983377,0.140376259,-0.063950615,-0.006295151,0.086665211,0.002387456
bee,bee_05,15,2200,2229,0.129862855,0.147934621,0.157134435,0.113362343,0.131467976,0.10040014,0.069438121,0.045333816,0.023328347,0.039224372,0.042512973,0.502364894,0.244830319,0.21983763,2.28516335,0.919969247,0.926180482,0.046361712,0.675639356,0.703170435,0.19611301,277.5552659,275.17003,56.48177075,167.9871199,171.257633,30.34589914,222.5064175,212.5188925,168.8449182,184.755068,90.58601357,620.249156,58.28582491,10.56557776,3.999766195,10.30445254,3.316529256,1.828411209,3.192805796,-0.659212735,0.896949228,-0.539674949,-0.361983371,0.52069235,-0.385056625,-0.033543495,0.255680819,-0.038522182,-0.035126539,0.178158776,-0.043527061,-0.049718172,0.111361523,-0.034597707,-0.017277891,0.068106427,-0.014879601
bee,bee_05,15,2285,2314,0.135818335,0.151580251,0.158031453,0.112371318,0.128559576,0.096667868,0.06594339,0.042841389,0.022324079,0.039673918,0.046188423,0.495630216,0.240930895,0.216971199,2.284313399,0.89682844,0.891704171,0.047029257,0.585288278,0.563947561,0.184854561,255.2164322,246.6086778,47.35631253,150.5917786,147.7098193,27.47194501,221.3181308,198.6847357,173.1616255,184.755068,73.27461505,316.722973,49.88786732,13.29221625,3.05842648,13.19036748,4.084904412,1.668427394,4.259076328,-0.734332143,0.790545586,-0.74247155,-0.573717389,0.583582202,-0.547068385,0.030081239,0.276554777,0.021730408,0.001640653,0.198481198,0.015168202,-0.116461136,0.134526482,-0.095972428,0.012067209,0.078870744,0.019189237
bee,bee_05,15,2300,2329,0.14403755,0.155388675,0.15610141,0.107445444,0.119359791,0.087670848,0.059995249,0.040912626,0.023074791,0.045953357,0.060060258,0.470577493,0.226805236,0.229996282,2.04602217,0.916552454,0.920329113,0.05262194,0.677925163,0.694198872,0.198058366,273.7932821,271.0939879,62.78935618,169.2453519,170.0583226,31.22451165,239.9378058,219.7038133,154.7847862,171.558277,92.34784712,712.626689,64.1843904,12.00598321,3.47544243,11.66127119,3.306173071,1.741709512,3.253118639,-0.284914577,0.650885358,-0.235482187,-0.537629347,0.504177718,-0.471535184,-0.076985785,0.214953207,-0.068289969,0.047495563,0.138409131,0.028244866,-0.093541807,0.11455233,-0.080003121,-0.017390262,0.06785491,-0.015078643
bee,bee_05,15,2335,2364,0.094841447,0.117962208,0.138431211,0.109744685,0.140667303,0.120761627,0.092937266,0.065138677,0.033736454,0.050028964,0.035750159,0.509604826,0.250411988,0.27759152,1.835808337,0.907199242,0.907763467,0.045962531,0.608572665,0.605073258,0.204511469,272.2460317,265.7131351,54.74190195,155.5138449,156.3788895,31.23797531,218.1335183,208.4190361,182.9050502,184.755068,107.2504382,739.02027,60.58526572,14.73297677,4.761165686,13.74234327,3.721325583,1.904033217,3.574920447,-1.076155292,1.415112087,-0.800537419,-0.294199221,0.662208855,-0.322661158,-0.101615788,0.392753393,-0.054374042,-0.028476632,0.219508127,0.015359596,-0.068628881,0.136014124,-0.051455307,-0.00962658,0.093723872,0.002472043
bee,bee_05,15,2360,2389,0.112852739,0.131790058,0.145943802,0.110687125,0.136461568,0.112622175,0.083756667,0.057076977,0.029065746,0.043509346,0.036233797,0.50571467,0.247148693,0.249642534,2.025755239,0.904665403,0.907517963,0.04658518,0.611697497,0.641414947,0.200643514,265.6460954,261.2568317,51.29344389,158.3722604,162.8601379,30.67660325,239.1982485,199.4379406,182.0417088,184.755068,77.67178828,343.116554,48.48820778,14.9243809,5.159157682,13.81399226,3.848656176,1.989211212,3.543040506,-0.825734664,1.142812855,-0.672653489,-0.51474906,0.566908836,-0.472247472,-0.016288335,0.286998008,-0.048426275,-0.021548797,0.190067392,-0.002152059,-0.081807906,0.136917338,-0.071609536,-0.009149495,0.100415313,-0.006140211
bee,bee_05,15,2880,2909,0.120927461,0.137152037,0.146063337,0.106334498,0.125420235,0.098935093,0.072239296,0.051240309,0.028887341,0.054131088,0.058669305,0.476753162,0.231754733,0.26516734,1.797933192,0.903335684,0.905981916,0.058093875,0.616156302,0.626967707,0.222621623,263.0346539,254.6052351,63.74357018,155.5428494,161.2883978,31.97275909,216.8414032,209.9342004,166.2548939,171.558277,80.59101646,382.706926,61.08514417,14.39012699,5.27227504,14.36539138,3.831072883,2.110364761,3.695823162,-0.630845495,0.647563814,-0.717870674,-0.524378891,0.582077665,-0.341529146,-0.063355112,0.260770808,-0.059626769,0.04065455,0.159887235,0.027914275,-0.105590477,0.141646201,-0.077059502,-0.016159574,0.078883552,-0.00473699
bee,bee_05,15,2910,2939,0.11086968,0.131240965,0.146996301,0.112351508,0.139301818,0.115345187,0.085525739,0.057470526,0.028536976,0.040563302,0.031797996,0.513994815,0.251653327,0.24389454,2.107446993,0.901763411,0.90026691,0.046869012,0.55769505,0.56038716,0.227165544,270.9786742,260.8596112,51.691261,144.4753382,141.3245377,34.27060032,224.9563637,205.8641565,202.8852377,211.148649,84.80302323,356.313345,53.486992,17.26881866,4.328700439,18.30447423,4.22164589,2.27505843,3.981275951,-1.646275808,1.366226711,-1.680696373,-0.20736585,0.685809919,-0.218465267,0.039114014,0.32028342,0.016404579,-0.136817126,0.276562149,-0.117469816,-0.012027819,0.177481719,-0.029636517,-0.023487223,0.134285091,-0.009076284
bee,bee_05,15,2940,2969,0.147556427,0.157458352,0.157686502,0.109073272,0.122481963,0.09124081,0.062739347,0.041886884,0.022552709,0.041079135,0.046244599,0.480482547,0.231555236,0.214502674,2.239983954,0.900453824,0.901769324,0.052963911,0.603623935,0.622960307,0.210358135,255.5916935,247.7330921,53.15318109,155.899186,159.3680546,33.32665594,231.3115156,219.3960934,151.0847515,171.558277,75.75632983,329.919764,54.28679758,15.31584908,4.59280405,15.11739753,3.992716618,1.864986852,3.835683621,-0.547644051,0.754451343,-0.422520044,-0.489594518,0.615756356,-0.434307615,-0.006244561,0.248390158,-0.025321883,0.052029271,0.153809685,0.039138017,-0.118306493,0.129783519,-0.084012637,0.013934098,0.079512172,0.021040052
bee,bee_05,15,3000,3029,0.101942242,0.118723938,0.132740046,0.102780376,0.131097411,0.11425333,0.091097602,0.067108208,0.036472718,0.057368046,0.046416082,0.480871164,0.233877787,0.298462656,1.61116024,0.916467436,0.911315975,0.048996255,0.653609052,0.651751037,0.204137098,291.0997934,280.880834,64.71379302,160.1156557,161.4803008,32.72472818,235.0955848,211.920502,194.3751579,184.755068,102.2046584,369.510135,52.68718648,11.031572,4.264519641,11.24602428,3.104487124,2.074199713,3.264477193,-1.051013633,1.395481903,-0.758468534,-0.352300327,0.623891972,-0.387551217,-0.061791789,0.395396322,-0.025639902,-0.004114168,0.186760995,0.005196271,-0.084277883,0.122397875,-0.062394231,0.002555823,0.085626307,0.003566361
bee,bee_05,15,3045,3074,0.051899014,0.073430989,0.099636769,0.090272509,0.132868324,0.133522003,0.119589182,0.096186408,0.055172103,0.088836236,0.058586465,0.456299604,0.223140833,0.418370393,1.090659405,0.916008641,0.907948159,0.03310484,0.621089015,0.589272792,0.156263596,317.8818307,321.8246064,56.45622734,142.6152642,135.8720252,28.05661758,230.4523313,205.3191234,274.4192426,277.132601,87.39476368,448.690879,40.49015278,12.84667577,2.85051519,13.029919,2.5821775,1.92444996,2.58412434,-2.219954673,1.521485375,-2.419823773,-0.073842907,0.647031002,-0.037494591,-0.268380349,0.435016977,-0.21248319,-0.05151213,0.249103967,-0.034405909,-0.091422234,0.177828694,-0.082492975,-0.032876774,0.104782242,-0.028516515
bee,bee_05,15,3060,3089,0.073248491,0.098660309,0.125428577,0.106345854,0.145168897,0.132631664,0.106666076,0.075908608,0.038654505,0.05408155,0.043205469,0.509574993,0.251514751,0.318516208,1.599840072,0.912673624,0.909554675,0.030220964,0.623418639,0.612640288,0.135307874,296.6674953,298.5164239,45.33246888,145.7094679,141.7221765,23.49571791,212.8560177,193.2350487,249.1356719,250.73902,71.00029376,343.116554,32.89200067,11.70900247,2.18453553,11.90537368,3.135651284,1.450805117,3.10671999,-1.831596832,1.308981432,-1.737690271,-0.367737803,0.554650866,-0.397239723,-0.067760169,0.307430218,-0.001765984,-0.112183431,0.20244278,-0.123740611,-0.057905044,0.135933444,-0.05407161,-0.040445163,0.08172386,-0.032052746
bee,bee_05,15,3135,3164,0.062802964,0.08416146,0.105827147,0.089260516,0.123193293,0.117775083,0.104153031,0.08632491,0.052487003,0.094992987,0.079021607,0.436056039,0.212453809,0.416979538,1.045749248,0.942506142,0.945297565,0.037102421,0.74907464,0.76395514,0.166631356,371.5630682,381.6704698,75.15881086,162.6397994,157.4959214,28.97645914,218.3483878,211.9669836,326.3430633,316.722973,134.5182368,633.445946,60.98516845,8.853727054,3.166370557,8.141509167,0.939660434,2.387606009,0.625083658,-1.6653628,1.216360492,-1.79025876,0.010981744,0.623377862,0.098772635,-0.21085401,0.341612742,-0.260199688,-0.044622242,0.212945102,-0.032477017,-0.07617696,0.134901568,-0.077966532,-0.021402696,0.092127338,-0.012219554
bee,bee_05,15,3165,3194,0.08895017,0.108565907,0.125363168,0.098395005,0.125795014,0.109536332,0.088535195,0.06886139,0.041188289,0.078231185,0.066578345,0.459089519,0.224190019,0.343394404,1.336916132,0.918111352,0.922643948,0.047043907,0.655703556,0.679626654,0.195920666,320.2973792,295.7231305,102.3841413,157.5385768,154.1381219,32.6795817,229.3832377,214.0030232,253.6990481,211.148649,167.8104429,633.445946,52.58721083,12.45652456,4.4968154,11.85898542,2.131903897,3.085844739,2.705472285,-1.054616886,1.31439663,-0.947015374,-0.233109574,0.677648573,-0.263375474,-0.169963534,0.391446778,-0.155131914,0.007155632,0.212346827,0.006813793,-0.108373749,0.139223996,-0.086354184,0.004104566,0.092622391,0.007439113
bee,bee_05,15,3210,3239,0.102184203,0.125804774,0.144925354,0.112528364,0.141023473,0.118125138,0.089009405,0.061274731,0.031200977,0.044573301,0.02935028,0.516602329,0.253551837,0.255408694,2.022649746,0.901248568,0.8992019,0.045512835,0.581039928,0.58541499,0.205884576,261.3059057,260.8142991,47.63405647,151.7311375,150.0060243,34.50055331,224.0978348,214.1768677,163.4182006,171.558277,78.55570173,356.313345,49.58794022,16.35136214,5.394344031,16.13864578,4.08894499,1.892042862,3.978209401,-1.02108129,1.325657104,-0.90185207,-0.254994814,0.675694712,-0.24923857,-0.085966565,0.300921046,-0.072792718,-0.009855849,0.191960564,0.017830836,-0.084055655,0.148174841,-0.054570697,-0.005617761,0.100201587,0.005762855
bee,bee_05,15,3240,3269,0.133543599,0.148390708,0.156350697,0.113796767,0.134843575,0.106279251,0.07521789,0.048456003,0.023329702,0.032611519,0.027180289,0.51127029,0.248640342,0.206795403,2.472348427,0.888267748,0.87824851,0.049935448,0.531524893,0.489255587,0.207172156,252.7574457,251.040653,54.21553431,142.9268184,139.9165822,31.85597581,220.4655306,206.5095499,159.8415004,184.755068,91.27291105,395.903716,57.88592222,16.6660573,3.978855356,17.27828954,4.440909004,2.011194292,4.675050005,-1.120281339,1.415243967,-0.923624052,-0.207742319,0.723977971,-0.234728852,-0.008857645,0.351005027,-0.026772567,-0.088799475,0.271175518,-0.017167798,-0.026277147,0.175089249,-0.026678408,-0.0211144,0.124441595,-0.008846752
bee,bee_05,15,3255,3284,0.120199988,0.138755737,0.151875258,0.113917603,0.138497624,0.11180679,0.080582516,0.05268117,0.025718328,0.036742446,0.029222541,0.516097275,0.252415227,0.224947,2.294306098,0.896929661,0.887235145,0.054180621,0.552925281,0.512839076,0.237152911,263.8996264,252.0687364,62.13231001,144.9669081,137.6656724,35.26818826,227.995635,212.1558967,165.761556,184.755068,91.6945628,395.903716,61.58502262,16.28648502,5.233798409,16.97981629,4.269812971,2.357252541,4.456406062,-1.297555016,1.346161842,-1.030901924,-0.169043607,0.730543361,-0.140764648,0.001313511,0.360724609,-0.070556442,-0.090983563,0.292086786,-0.019242902,-0.037914328,0.189601197,-0.040322919,-0.015555758,0.123823329,0.006282832
bee,bee_05,16,2880,2909,0.108958689,0.123987453,0.134552839,0.101278615,0.125908098,0.107723142,0.086199877,0.065645901,0.037562175,0.063399698,0.044783514,0.469462693,0.227186712,0.297591165,1.577542442,0.902420851,0.90351691,0.052575223,0.590817575,0.581777839,0.218644656,285.7323937,275.3669932,80.5729779,148.4054443,148.3803936,32.06978447,224.1565291,204.1111025,206.5852725,197.951858,147.4873731,554.265203,50.1877944,14.88229662,5.097522464,16.21211464,3.30333169,2.75867013,3.281504598,-1.338202686,1.473607451,-1.213553533,-0.097638976,0.738432046,-0.087595516,-0.1204597,0.454314879,-0.095028741,0.003776126,0.241522846,0.023913553,-0.097329122,0.179477236,-0.07517776,0.018279135,0.117028637,0.02615239
bee,bee_05,16,2910,2939,0.166006512,0.172750095,0.166608126,0.110313686,0.117428075,0.081524059,0.052301477,0.033368249,0.017907725,0.034487735,0.047304262,0.475873946,0.227741761,0.185369448,2.567164934,0.918804607,0.91596202,0.049482765,0.688444467,0.699201101,0.190417014,271.8511494,259.7855888,60.35241639,175.3443168,176.3409023,31.38662375,232.6095992,220.076376,127.0345257,145.164696,131.3966158,739.02027,73.58210491,8.981067347,3.189841955,8.680977927,3.260228413,1.662872882,3.262867867,-0.108986715,0.638808731,-0.010429574,-0.406085524,0.495568454,-0.312121053,-0.098580291,0.242954086,-0.08330585,0.025453941,0.161630104,0.026613632,-0.042455926,0.069812423,-0.038615173,-0.029265097,0.074672274,-0.009907447
bee,bee_05,16,2925,2954,0.130099564,0.14703642,0.156474731,0.113847947,0.13349372,0.102888636,0.070966366,0.045362619,0.022640634,0.037056887,0.040132477,0.506705033,0.247341667,0.216158983,2.344131281,0.909986118,0.913982533,0.049773864,0.645126409,0.651398419,0.201330387,265.8156704,262.6933614,53.89164992,165.8378638,169.0383826,33.09103352,232.1244955,214.3436404,135.1746021,158.361486,79.5822168,329.919764,59.08563046,10.57231277,4.352867344,9.729562736,3.61721748,1.772074081,3.37668394,-0.418770176,0.909869674,-0.233095089,-0.421411418,0.506567861,-0.354960074,-0.056292068,0.282450119,-0.035664471,-0.009006635,0.190585425,0.031228418,-0.058420732,0.092272148,-0.043528721,-0.009429815,0.084264098,0.004203316
bee,bee_05,16,3000,3029,0.118316441,0.137543089,0.150328107,0.11205157,0.135354459,0.109183258,0.079811727,0.054019974,0.027605732,0.041731079,0.034054563,0.506917394,0.247406029,0.237223077,2.136880615,0.903571405,0.903639366,0.052475561,0.585172098,0.588299854,0.222800437,271.9864184,267.247253,59.70475171,148.9041532,145.6624388,33.80708608,225.9121693,210.0292614,185.9884125,197.951858,95.46038785,422.297297,59.18560611,14.11869931,4.342994983,14.64377347,3.927541502,2.171331164,3.951934146,-1.224082848,1.265570762,-1.073926019,-0.21544131,0.737596023,-0.265160749,-0.041159734,0.35038692,-0.045002783,-0.022157428,0.252277497,-0.013051281,-0.073065145,0.170563392,-0.059606437,-0.006802682,0.108056419,0.000864174
bee,bee_05,16,3015,3044,0.0910973,0.114726443,0.136753199,0.109975609,0.142796964,0.123911497,0.095719631,0.066738406,0.034152092,0.049566211,0.034562648,0.513437269,0.252772573,0.280738988,1.828877678,0.91159604,0.909369392,0.046252463,0.599277278,0.574863796,0.219198962,283.3076674,281.5040612,54.81623703,149.2068083,143.6635627,33.14380207,218.5048814,210.8066984,211.3953176,211.148649,94.197279,422.297297,58.28582491,15.31999027,5.060466415,15.61034587,3.719894095,2.172257362,3.651683956,-1.603838996,1.348225677,-1.516147438,-0.090924927,0.731377446,-0.114118012,-0.076149137,0.397489488,-0.030719708,-0.030267314,0.224123558,-0.023897246,-0.076125598,0.144505134,-0.061834862,0.00146741,0.108654843,0.007582286
bee,bee_05,16,3090,3119,0.162278604,0.167720586,0.162779176,0.109982735,0.121249218,0.088798085,0.05997936,0.038846428,0.019976831,0.033493923,0.034895055,0.482809214,0.231231953,0.187191597,2.579224824,0.886180124,0.875086925,0.053687452,0.551008646,0.540274915,0.214648829,241.6561554,226.4813742,53.91940189,151.1562453,153.5550001,33.16118314,222.9751729,201.8784865,120.9911357,145.164696,86.82807762,514.674831,60.48529011,13.16496728,5.254008773,12.74650536,4.437938297,2.047459533,4.363328841,-0.501470062,1.043273484,-0.422316643,-0.3804575,0.640466783,-0.302071314,0.013504764,0.327836542,0.013482849,-0.024399766,0.215971682,0.029266812,-0.052844888,0.135974629,-0.042932994,-0.000974058,0.090405085,0.014562369
bee,bee_05,16,3107,3136,0.144921959,0.158974433,0.163437129,0.115092872,0.130390264,0.096452425,0.063905858,0.03952412,0.019420619,0.032069537,0.035810783,0.505372691,0.245483137,0.190730917,2.649663196,0.895306944,0.885783098,0.051741348,0.58207177,0.555091909,0.212036757,250.3602456,238.4802797,54.45129523,155.0710179,155.6919294,32.33752029,222.5917365,211.1860449,136.161278,158.361486,85.56882604,501.478041,64.88422022,11.92019502,4.454671569,11.81039573,4.149560344,1.919305107,4.293902147,-0.553688126,1.086789725,-0.405949368,-0.383266909,0.630273894,-0.353387404,-0.022918664,0.283012903,0.008456692,-0.017893314,0.185213578,0.016580569,-0.059794077,0.129692527,-0.041659564,-0.010904037,0.101823003,0.006446435
bee,bee_05,16,3195,3224,0.099818,0.116848442,0.12968347,0.099187084,0.125397023,0.109954071,0.090741615,0.071266065,0.041538292,0.069673884,0.045892054,0.464221648,0.224584107,0.319111911,1.454729929,0.896140448,0.892241684,0.043588289,0.561101496,0.54454211,0.186262747,265.6527415,255.3770866,67.52507651,145.2207927,143.9957095,28.24852455,215.8312103,197.1201413,199.8018755,184.755068,114.052958,527.871622,51.28752689,13.46421053,3.69685388,13.5270825,3.786471713,2.279347254,4.013181314,-1.237413664,1.482681764,-1.01238345,-0.221663115,0.750558493,-0.289439483,-0.150382839,0.427727229,-0.120252878,0.006367867,0.250082323,0.002944489,-0.089684577,0.154331388,-0.0786834,-0.000100004,0.104339077,0.007399751
bee,bee_05,16,3210,3239,0.140516946,0.1496803,0.151349259,0.106818627,0.123734817,0.09637878,0.069229538,0.047306005,0.025214177,0.043494747,0.046276805,0.478281483,0.230553444,0.231521271,2.065820914,0.894102243,0.898387259,0.047157691,0.580520078,0.598186717,0.183196508,249.1804111,245.3535549,44.51268517,152.8252472,155.7294093,26.85576341,218.0922431,195.4407058,152.4414309,171.558277,74.61815515,316.722973,49.48796463,12.87836179,3.991304295,12.5198223,4.163711394,1.642772963,4.014214395,-0.559009258,0.821304749,-0.525974917,-0.50585311,0.619818273,-0.396451228,-0.018492931,0.288848424,-0.04036075,0.030039851,0.211763549,0.037015045,-0.093185445,0.107818213,-0.082660996,-0.011070843,0.086322966,0.015039753
bee,bee_05,16,3240,3269,0.097347477,0.12258169,0.145716252,0.116384833,0.148966781,0.125544556,0.092385695,0.059902921,0.028201484,0.036796454,0.026171855,0.536612423,0.265351614,0.24345841,2.204123585,0.902258128,0.901822003,0.045885056,0.569144178,0.587851635,0.208865761,269.3909945,269.0711005,50.47685903,145.5556994,143.7623848,30.52101161,215.5275237,198.5500218,196.7185132,197.951858,84.01090719,448.690879,52.08733241,15.23773082,3.918799934,15.1131402,4.100975677,2.049588856,4.020183916,-1.46588375,1.220918699,-1.283726548,-0.268229815,0.732637409,-0.319483948,0.055846927,0.316613972,0.056372831,-0.08767606,0.2504667,-0.038281328,-0.055958415,0.159959607,-0.046807301,-0.008411938,0.112188372,0.002259907
bee,bee_05,16,3270,3299,0.072185284,0.093107815,0.11481238,0.096191468,0.132149856,0.124814019,0.1072638,0.084426968,0.048050017,0.076718613,0.05027978,0.467967723,0.228341324,0.366739179,1.276023261,0.914307341,0.915379222,0.03744833,0.630957987,0.638402197,0.17029194,306.2068862,298.103676,72.65602715,151.8724935,149.5352305,29.69988864,226.7127831,206.7961693,237.0488918,224.345439,128.0650012,514.674831,53.88689477,14.8993048,3.702016024,15.16340152,2.572694003,2.33483179,2.892551044,-1.571104411,1.713309175,-1.404009519,-0.137263769,0.706031488,-0.15046023,-0.269524218,0.427572608,-0.195047759,0.019713977,0.223459077,0.053962996,-0.111708203,0.175496677,-0.079860501,-0.012204859,0.099779081,-0.004771491
bee,bee_05,16,3300,3329,0.10469313,0.127095196,0.144044335,0.110104676,0.135777797,0.11193985,0.083840135,0.058612471,0.03110866,0.049824758,0.042958993,0.501866658,0.245882473,0.266345016,1.884272756,0.916058399,0.916414656,0.042697992,0.634373702,0.646703187,0.181902104,289.0567226,293.9841564,50.26291955,152.4258619,148.7081444,27.44224454,223.9140355,201.3864243,222.0020838,237.54223,79.40101749,395.903716,52.3872595,12.00628964,3.157238214,12.52127955,3.380864249,1.711280572,3.366745367,-1.40260418,1.178898415,-1.162841117,-0.236856646,0.705328655,-0.254382158,-0.141420777,0.326364013,-0.129144675,-0.036714454,0.218186392,-0.02531751,-0.075976218,0.142907924,-0.080177749,-0.038058538,0.099479976,-0.030410947
bee,bee_05,16,3362,3391,0.133178099,0.157319433,0.170756264,0.123613987,0.141299162,0.103352611,0.065814464,0.037712187,0.01678694,0.024248484,0.025918368,0.539022025,0.264913149,0.170480443,3.161782172,0.894381812,0.883448553,0.049270526,0.565867799,0.546059916,0.206856684,255.8418098,246.2232607,58.76069435,147.2365673,141.1792773,31.53782909,229.7571095,209.916284,168.4749147,184.755068,84.23678395,409.100507,49.98784301,10.69909768,3.676835607,10.65439016,4.158892757,1.94711223,4.306724781,-0.965152314,1.255609005,-0.708245336,-0.447532809,0.487118775,-0.405825794,-0.011763643,0.29431628,-0.014174126,-0.09592748,0.246680961,-0.037705935,-0.036647202,0.1256565,-0.031068885,-0.029650828,0.083910005,-0.024344984
bee,bee_05,6,1585,1614,0.110636313,0.138481471,0.158469499,0.119925077,0.143722359,0.112097082,0.077433937,0.048991751,0.023798127,0.035461695,0.030982688,0.534214018,0.263647436,0.216668198,2.465585732,0.907672026,0.907063793,0.045719248,0.599267653,0.589481591,0.207703905,279.640856,278.8643851,55.06232173,149.0129734,141.6711977,31.76952087,220.9050217,205.4300508,211.1486487,197.951858,78.52411218,395.903716,42.38969095,12.04195447,3.687505957,12.09643461,3.727643318,2.044007099,3.226144485,-1.419306234,1.305661387,-1.243969399,-0.356344911,0.574451704,-0.331021219,-0.084864101,0.355828518,-0.068732008,-0.081047103,0.216642207,-0.07529089,-0.068249931,0.136844996,-0.06049531,-0.028869274,0.109932134,-0.009492645
bee,bee_05,6,1945,1974,0.091202782,0.112309259,0.131305808,0.104380679,0.134959402,0.117768027,0.092698661,0.066835641,0.035732674,0.057168357,0.05563871,0.488413917,0.239340081,0.308074043,1.585378347,0.929595107,0.929166095,0.03789676,0.705705561,0.708470703,0.161789302,304.4240763,303.4557969,52.87686268,164.6274532,161.6923109,28.0567356,223.2215456,210.5444674,217.6853767,224.345439,97.87650637,475.08446,47.78837794,10.08387129,2.851934737,9.708539199,2.707053346,1.614353018,2.675759876,-1.169050918,1.131757277,-1.113120307,-0.34665566,0.596613898,-0.51782176,-0.025203274,0.251896245,-0.047291304,-0.083404009,0.169364232,-0.071269515,-0.068007462,0.090924172,-0.063096343,-0.012192016,0.063298544,-0.007274274
bee,bee_05,6,1990,2019,0.144131915,0.156639959,0.158982297,0.110571871,0.124006457,0.091548476,0.061985852,0.040752842,0.021830112,0.040427004,0.049123214,0.485109101,0.234578328,0.214119024,2.265604855,0.919969822,0.935180028,0.053132077,0.680449148,0.730283607,0.214409847,278.0873272,278.6769736,65.5675689,169.0317798,172.4755718,33.13096828,228.0165981,215.3717785,162.5548592,184.755068,107.8485799,739.02027,66.7837583,12.76506226,4.167968563,12.78035016,3.298932235,2.0079567,2.992315732,-0.492733327,0.623348851,-0.543663108,-0.459368176,0.53279437,-0.332408695,-0.0466868,0.243032599,-0.05898202,0.010618052,0.124385517,0.019949735,-0.089368872,0.121528864,-0.055982638,-0.004593052,0.077971877,-0.001608204
bee,bee_05,6,2110,2139,0.106956992,0.130546793,0.149379738,0.115353561,0.143470872,0.118388773,0.086862469,0.057340027,0.027828458,0.037709286,0.026163032,0.526592943,0.258824433,0.235903273,2.23224094,0.898282811,0.894462867,0.042591811,0.533599222,0.502401031,0.200491556,270.9743714,265.4392227,52.7563015,137.3925916,134.7842367,27.95544243,209.3997245,193.1579161,225.5787841,224.345439,100.4308534,461.887669,64.28436607,17.64800954,3.469565008,18.02187854,4.244677166,2.181772876,4.489730996,-1.92856413,1.181910953,-1.930158817,0.008275879,0.742108711,-0.008367808,0.037622011,0.309961607,0.045128489,-0.136243176,0.236346358,-0.130843863,-0.018666259,0.17201468,-0.017789358,-0.012434662,0.120441556,0.001549853
bee,bee_05,6,2140,2169,0.067631824,0.084582296,0.101975254,0.08493982,0.118364241,0.116778659,0.107906802,0.093185728,0.057865088,0.102078078,0.064692209,0.422057974,0.203304061,0.425727906,0.991379631,0.909005053,0.907465286,0.04286908,0.60906924,0.594660884,0.18197019,298.1167135,293.2623941,75.89854504,149.6347782,145.8644624,29.93064241,223.8822964,204.5740531,228.5388119,211.148649,133.3327499,514.674831,63.98443902,14.07799057,4.003428898,14.56695855,2.844402006,2.39007484,2.960596443,-1.503698421,1.667114699,-1.199990069,-0.042934866,0.793699623,-0.085869626,-0.266065798,0.479775451,-0.15266044,0.032012205,0.214580189,0.039704495,-0.130953284,0.184505748,-0.104663701,0.015417931,0.099062652,0.024553938
bee,bee_05,6,2170,2199,0.134234183,0.155383723,0.167070579,0.121184268,0.140195095,0.105166761,0.06943741,0.041344244,0.018725344,0.025554031,0.021704362,0.533616702,0.261379363,0.176765391,3.018784952,0.867471854,0.858481035,0.038007893,0.418161213,0.356457226,0.18159483,232.5060906,226.7558093,37.88547572,125.238123,118.357186,27.8660206,208.1999231,186.9579429,174.8883083,184.755068,77.24662429,356.313345,43.18949632,16.23944861,3.078342399,16.64254622,5.631949909,1.967547472,5.999280606,-1.611048475,1.30503349,-1.721357816,-0.335367997,0.692924562,-0.355462543,0.16441045,0.391796346,0.136732111,-0.189773175,0.309743797,-0.162899298,-0.01852319,0.167558503,-0.012043009,0.008182228,0.128385591,0.015244733
bee,bee_05,6,2200,2229,0.133988213,0.152518128,0.162529542,0.117835134,0.137189535,0.104486697,0.070750113,0.043741072,0.020707124,0.030051329,0.026203112,0.522040908,0.255024669,0.191452751,2.726734954,0.883848932,0.874439094,0.05014993,0.498169205,0.475426933,0.224499189,247.770107,239.7533638,47.6107795,137.2667972,133.9977319,30.54190047,206.6197964,183.0783217,180.5616949,184.755068,68.38973411,277.132602,45.48893714,15.90259852,4.34879745,15.5008425,4.950612436,2.288998981,5.001325065,-1.393945745,1.161147144,-1.240682637,-0.418668923,0.692035441,-0.322256887,0.021973978,0.362265309,3.22E-05,-0.066198858,0.247344751,-0.038256012,-0.091610209,0.168718476,-0.067772743,0.005188142,0.118945992,0.008411194
bee,bee_05,6,2215,2244,0.12752451,0.151007111,0.165492794,0.121555866,0.141805541,0.106944197,0.070797581,0.042411732,0.019542244,0.02803154,0.024886885,0.535798396,0.263361406,0.185669982,2.885756717,0.878340161,0.873607031,0.04543615,0.489466875,0.475806577,0.193934009,241.2854328,236.1685091,42.33760241,136.7048551,134.6592351,28.75489942,211.9803765,186.2069123,164.281542,184.755068,74.39774737,277.132602,43.68937477,15.57022197,4.101082567,15.10701769,4.928907006,1.950721533,4.863825838,-1.15980593,1.322481005,-0.9894639,-0.398880147,0.686708144,-0.328387139,-0.037949817,0.353993745,-0.057049746,-0.018742873,0.281185054,0.015963758,-0.094960333,0.190010837,-0.084209039,-0.005262414,0.114499086,0.009478893
bee,bee_05,6,2445,2474,0.105486448,0.125464448,0.139455153,0.105052369,0.128346396,0.106077025,0.081787451,0.061078861,0.035248441,0.062498085,0.049505324,0.478930942,0.233398765,0.290118161,1.650813379,0.912244368,0.91617012,0.043762945,0.628590546,0.642406398,0.189156715,301.0959036,295.8105688,79.06217369,150.3302904,147.9942862,31.66209063,231.4084722,216.5543488,237.9122332,224.345439,125.4096233,501.478041,45.5889128,12.49617236,3.485515164,12.2044874,2.682383084,2.701013457,2.8360081,-1.419229688,1.423994913,-1.410460439,-0.194614479,0.636414342,-0.27469587,-0.148757199,0.388685567,-0.097226635,-0.034720961,0.231001252,-0.036366728,-0.085051939,0.140650878,-0.063390158,0.011635541,0.095342405,0.006897851
bee,bee_05,6,2465,2494,0.126479397,0.148558414,0.161828004,0.118459512,0.137966055,0.104122897,0.069377479,0.042423909,0.020387576,0.032803698,0.03759306,0.522376467,0.256425566,0.202585722,2.578545324,0.904787654,0.897895328,0.047260825,0.606590115,0.587602993,0.204986674,265.5911199,254.7332853,50.15195936,154.449189,155.3298166,34.15888528,232.4830069,217.8555482,172.9149564,184.755068,78.46892533,303.526183,48.28825633,12.70473036,3.456848835,13.17993714,3.870095055,1.803353955,3.983760213,-0.890847917,1.167339201,-0.741267608,-0.433961019,0.51977933,-0.328210021,0.015584758,0.278050391,0.021886396,-0.082520884,0.209625577,-0.023792411,-0.05393299,0.128588046,-0.050640673,-0.003025271,0.082387405,0.002034853
bee,bee_05,6,2480,2509,0.130801337,0.147583677,0.156410784,0.113225852,0.132045771,0.101243359,0.069684379,0.044714243,0.022558513,0.037990507,0.043741578,0.502925766,0.245271623,0.218689221,2.299728192,0.91479942,0.91674088,0.05107496,0.648772846,0.66808909,0.21577366,279.2485775,267.5632886,60.88799106,161.4517105,166.3254449,36.03976994,236.0456434,221.5838819,175.9983187,184.755068,103.96714,739.02027,61.18511976,11.8318295,4.112957836,12.91939016,3.458948118,1.959784871,3.27707672,-0.823424745,1.127329333,-0.714904843,-0.419531333,0.564295855,-0.390510719,0.005419078,0.269252858,-0.013219314,-0.077154338,0.197594265,-0.045385451,-0.062263628,0.131098029,-0.044702733,-0.004016682,0.084221281,0.002445051
bee,bee_06,20,280,309,0.095605433,0.11674128,0.136814599,0.109705289,0.143318936,0.125934275,0.098390753,0.068512875,0.034246234,0.045332796,0.025397531,0.515773098,0.253024225,0.271880189,1.897060246,0.890034933,0.886447975,0.041851442,0.511604407,0.474034311,0.196986288,257.2357223,253.8575887,49.41493777,137.1437267,130.8547412,28.71855521,210.2626337,193.9314201,187.7150953,197.951858,93.67133468,382.706926,49.18803751,15.39306915,4.430641789,15.03998922,4.557875871,2.106421149,4.603343868,-1.643129377,1.343477154,-1.460336481,-0.197571439,0.804232888,-0.223491,0.040099472,0.382869378,0.042612312,-0.06764169,0.270045871,-0.037460305,-0.071470113,0.18616543,-0.045359535,0.015165029,0.122778384,0.018085863
bee,bee_06,20,310,339,0.086320207,0.105259206,0.120656568,0.093891496,0.119233976,0.103637987,0.084334592,0.066644245,0.040809915,0.083387178,0.095824631,0.437420026,0.213125472,0.371000561,1.179027939,0.904524601,0.904699236,0.043134102,0.589698974,0.623918525,0.187066451,318.3111779,285.8706921,130.6639824,149.8384829,149.0561203,29.58455633,225.7411894,202.3197791,278.7359498,237.54223,208.1223111,739.02027,54.58672455,12.79106075,4.082316493,13.0925308,2.206816063,3.601555264,3.105425634,-1.067173623,1.532151549,-1.136187796,-0.076027664,0.765355724,-0.111296216,-0.142874774,0.406830044,-0.121380242,-0.035417549,0.234165077,-0.015505711,-0.066496277,0.146065667,-0.054967583,-0.018778859,0.112104094,-0.004672264
bee,bee_06,20,530,559,0.094831119,0.12087521,0.144543852,0.115639691,0.148141589,0.125250695,0.092996841,0.061372242,0.029569996,0.039668103,0.027110662,0.533575827,0.263781281,0.250717844,2.128192465,0.892371977,0.887246885,0.042831122,0.509457617,0.473063502,0.201129728,269.0879637,265.6786149,49.40204509,133.9279667,129.2986293,28.04115834,219.0389202,192.8905191,220.768739,224.345439,78.94002656,356.313345,44.98905871,15.68361866,3.213141971,15.96253914,4.452711179,2.151668886,4.382279363,-2.003599663,1.399386812,-1.850116986,-0.247098831,0.688983244,-0.239869521,-0.026421294,0.441199604,-0.000315073,-0.11329716,0.321081803,-0.058720432,-0.057899888,0.181195879,-0.03996143,-0.023014634,0.124473005,-0.009270558
bee,bee_06,20,545,574,0.038261913,0.05522692,0.074940828,0.067632478,0.100150017,0.10402472,0.100498931,0.092051034,0.062145341,0.137546983,0.167520834,0.346748044,0.167782495,0.559763123,0.619454961,0.890095701,0.889938762,0.038704708,0.498190327,0.489626007,0.167889019,363.375279,330.2421688,138.0611848,127.8498278,125.2119776,23.05546731,223.6633775,173.0452984,347.8032647,303.526182,178.446172,739.02027,40.59012853,17.61422663,3.324341071,17.63648793,1.144816555,4.458368753,2.24097653,-1.985739162,2.032682085,-2.199214625,0.219372087,0.78329291,0.230163166,-0.337453509,0.463681039,-0.35294474,-0.007055005,0.310240582,0.001578562,-0.104110661,0.224182725,-0.08889905,-0.010958016,0.138368048,0.005306915
bee,bee_06,20,575,604,0.048112697,0.0609254,0.073793449,0.06126693,0.084787376,0.083690994,0.080006472,0.076237257,0.05531488,0.141462378,0.234402168,0.303538749,0.146054306,0.587423155,0.516729289,0.925821846,0.940416913,0.049776853,0.713682348,0.746085229,0.175694313,494.5207105,517.8783355,119.1047139,176.4112598,177.2111966,33.40913164,232.6626617,221.3841733,592.4988948,646.642736,241.734727,739.02027,52.98711347,10.0205992,4.742062828,8.715166389,-1.175347552,2.664243083,-1.676481228,-0.226030111,1.530237635,0.095130923,-0.19995793,0.733660671,-0.242767859,-0.126891257,0.397860661,-0.098477778,-0.035456444,0.226869415,-0.038637959,-0.054246079,0.159646512,-0.05945264,-0.012154715,0.107805915,-0.007146937
bee,bee_06,20,1875,1904,0.071715389,0.094775455,0.117626064,0.098224209,0.134282036,0.126622289,0.109259678,0.086418887,0.049021172,0.074833231,0.03722159,0.476754598,0.232506245,0.356754558,1.33636582,0.893827042,0.896184829,0.037023881,0.536282183,0.533339452,0.165713176,296.9252278,292.216041,77.52417152,136.5049725,131.77166,27.105736,223.0510841,195.214895,246.1756441,237.54223,129.2575942,488.28125,40.99003125,17.46849409,5.181088421,18.22986427,2.998264514,2.803802105,3.109234386,-2.139765818,1.917354824,-2.241502369,0.009110788,0.741736266,0.066762922,-0.297492825,0.525818759,-0.266683007,-0.018473433,0.281310257,0.008721569,-0.109174008,0.209849773,-0.086207692,-0.000607529,0.12566106,-0.003494622
bee,bee_06,20,1890,1919,0.117029709,0.140317295,0.156564911,0.117577161,0.141510999,0.112115649,0.079194923,0.050987456,0.02467936,0.034512912,0.025509626,0.52776872,0.25908816,0.214884277,2.456060201,0.884263092,0.875385215,0.049574988,0.513697545,0.487617757,0.213816616,247.5069724,244.239078,50.45726563,142.6513401,140.7620673,33.36953777,221.1753029,201.1008122,161.6915177,171.558277,84.18300302,369.510135,57.28606802,16.27246494,5.706091033,16.50209998,4.675804818,2.106214635,4.65918651,-1.066690386,1.509894617,-0.882936262,-0.303014309,0.777012106,-0.277441267,-0.037631588,0.409613446,-0.064225714,-0.038835865,0.240995896,-0.000644473,-0.065801192,0.187452796,-0.068804134,-0.013362197,0.133545888,0.004482138
bee,bee_06,20,1920,1949,0.082575335,0.103281487,0.122829708,0.099701589,0.133203183,0.122796035,0.103825784,0.080604302,0.04506471,0.068194291,0.037923576,0.478530515,0.232904772,0.335612663,1.425841652,0.895175679,0.893947266,0.042717257,0.541920934,0.542029428,0.190408136,263.7970853,257.9888626,56.26884482,143.0881896,142.7688349,28.09365693,228.4011153,197.3538011,198.5685306,197.951858,99.34288739,422.297297,58.285825,16.75556503,5.235574883,16.7000317,4.162656674,2.09607104,4.269746616,-1.426137749,1.478853052,-1.273447692,-0.142551541,0.894045933,-0.248828395,-0.093386747,0.442322624,-0.013535715,-0.013419287,0.247144636,-0.005874909,-0.093595314,0.174413237,-0.070031617,-0.005671957,0.111208845,0.014610197
bee,bee_06,20,1950,1979,0.151766198,0.16935677,0.174009703,0.120460325,0.13218456,0.092887408,0.057825768,0.033612926,0.015841039,0.025386569,0.026668735,0.519541996,0.252644885,0.159335036,3.260688977,0.886559116,0.878855527,0.056632836,0.547873127,0.521029964,0.226809784,242.2146781,232.0152318,60.35573702,147.5706714,145.1326867,33.93421158,215.3937843,207.1216506,136.7779505,158.361486,87.80084049,541.068412,60.48529004,14.66814856,4.801038492,14.1962813,4.480414727,2.166869127,4.636071978,-0.579548602,0.900211957,-0.449070838,-0.49782494,0.560289837,-0.440177665,-0.014625812,0.279031628,-0.00529731,0.023319437,0.200132313,0.028039657,-0.0958736,0.124208602,-0.070768601,0.001016588,0.098038117,0.018240548
bee,bee_06,20,1980,2009,0.109958425,0.124505908,0.135158817,0.102472696,0.129266389,0.112936072,0.09163684,0.069048713,0.037904879,0.05670871,0.030402551,0.479833975,0.231739085,0.285701692,1.679492942,0.899070548,0.89529834,0.052225878,0.574315458,0.567493193,0.224798385,271.2382662,251.6272038,73.48419986,149.1422307,145.3671863,33.59365814,227.1334135,208.391039,175.3816463,184.755068,126.8010373,541.068412,57.68597089,15.14685505,5.719750217,15.21889756,3.725652227,2.582604551,3.942519836,-1.22141427,1.599630097,-0.738837775,-0.153550876,0.674621569,-0.129415947,-0.14859161,0.454090029,-0.13874715,0.003443602,0.240011339,0.029749959,-0.081666882,0.195943461,-0.05480453,0.012793628,0.140028821,0.012789262
bee,bee_06,20,2010,2039,0.099840983,0.121548027,0.138004974,0.105938185,0.132235182,0.112216227,0.088175279,0.065408681,0.036321736,0.058379897,0.04193083,0.488394567,0.238173367,0.290216423,1.682863299,0.88611157,0.882012723,0.050117951,0.529987911,0.506334459,0.205188644,259.6802098,243.9336808,69.89051148,140.7112756,135.9632685,29.86195406,238.949874,192.953389,187.4684264,184.755068,101.0739407,369.510135,45.68888853,14.92581591,4.868107371,14.40437173,4.086821138,2.540970494,4.529722191,-1.2198966,1.496166338,-1.079478219,-0.462758426,0.696085059,-0.524872347,-0.057546736,0.450498885,0.004089468,0.003348858,0.231722756,0.007906674,-0.127510485,0.171330344,-0.096477254,0.015472443,0.108685852,0.016623098
bee,bee_06,20,2040,2069,0.101088366,0.117437613,0.130757703,0.101116519,0.129689985,0.115007361,0.094367029,0.071854802,0.039945662,0.061741589,0.036993371,0.476571568,0.230806504,0.304902453,1.563029631,0.898948762,0.90149929,0.054031784,0.57075613,0.591063667,0.233151109,275.803264,264.1833408,75.9080534,148.6525328,151.5434891,36.31997032,229.3367197,216.8475984,175.2583117,184.755068,117.2794812,435.494088,55.4865058,16.52098125,6.169211823,17.2491208,3.680910904,2.825614609,3.644483071,-1.251639486,1.566121285,-0.846351218,-0.209156198,0.820433963,-0.204522935,-0.098512941,0.486765969,-0.068971051,0.013450882,0.264657985,0.00797226,-0.111139727,0.202055572,-0.054974619,0.017087998,0.134928108,0.014636813
bee,bee_06,20,2055,2084,0.055193291,0.071492601,0.090559335,0.079376835,0.11670341,0.121657633,0.117176441,0.103784833,0.065149056,0.114730317,0.064176249,0.408297212,0.196080245,0.465016896,0.878026618,0.901504373,0.899255553,0.038175411,0.548562872,0.541225472,0.180988858,323.701554,316.6182986,92.1209653,138.1144452,131.2552638,28.67938405,212.8577715,200.778786,277.0092668,277.132601,147.8824959,659.839527,52.58721089,18.1310932,5.043474959,18.36545322,2.261459877,3.323327699,2.74598877,-2.29430165,1.835398006,-2.540615763,0.150734141,0.839347978,0.194273792,-0.362875113,0.597797992,-0.329533433,0.047779601,0.308686485,0.038129956,-0.139142573,0.270105687,-0.118939655,0.017750084,0.1589297,0.023954113
bee,bee_06,20,2120,2149,0.13079844,0.148290622,0.158355335,0.115660733,0.136352547,0.105939115,0.073606142,0.046911989,0.022818455,0.033628564,0.027638058,0.516307731,0.25201328,0.204603207,2.52345864,0.886678781,0.874351215,0.054425229,0.513297461,0.455837145,0.233941937,252.1466652,241.0323336,58.93243797,138.7026107,131.3342239,35.78378699,241.0140155,206.6083914,173.6549634,184.755068,117.5258621,739.02027,59.88543593,14.43254938,4.210599184,14.87953979,4.701052922,2.364947346,5.179066011,-1.278747209,1.296881681,-1.19668119,-0.304005889,0.748496311,-0.356966257,0.034862061,0.357927953,0.032515478,-0.061573833,0.269002641,-0.027125556,-0.074309578,0.162046165,-0.054100109,-0.000433797,0.125784046,0.018489697
bee,bee_06,20,2150,2179,0.076491222,0.101663856,0.127866552,0.107623208,0.146075999,0.132826015,0.106528891,0.075754799,0.038573461,0.053229902,0.033366096,0.514391773,0.253699207,0.307453149,1.673073688,0.904529227,0.899686703,0.049496903,0.589374338,0.568788492,0.220877876,269.5997268,265.9893379,57.52749185,149.9055686,149.3231473,35.35926741,238.6189184,210.7252497,182.7817157,184.755068,92.53891165,448.690879,62.78473083,13.64836279,5.247899669,13.86364711,3.930513061,2.110178633,3.958267941,-1.158265293,1.199031889,-1.117535284,-0.347098035,0.721913397,-0.335976144,-0.017299567,0.41330388,0.000821477,-0.062510215,0.234635595,-0.044911573,-0.099757143,0.153881226,-0.077122837,0.017471511,0.124836446,0.008471917
bee,bee_06,20,2180,2209,0.131356385,0.152446672,0.163123542,0.117104383,0.133559846,0.098726211,0.065373919,0.040993849,0.020791512,0.03598371,0.04053997,0.512513983,0.25066423,0.20368296,2.516233973,0.915021518,0.917745325,0.050220911,0.663595333,0.686603398,0.198288803,272.1795891,264.4464475,54.50751425,166.7597986,166.7131127,31.39900301,229.9144572,215.3294808,158.1148175,171.558277,80.19766259,422.297297,63.38458495,10.91763813,5.232213623,10.07544863,3.474872957,1.782456021,3.346437239,-0.496766417,0.829508836,-0.622083847,-0.451250025,0.496160899,-0.32460345,-0.068440034,0.256755685,-0.044174886,0.002307217,0.195769599,-0.006595524,-0.064531815,0.131463723,-0.056076873,-0.030001024,0.083992546,-0.008155287
bee,bee_06,20,2210,2239,0.129704333,0.144268316,0.152292022,0.111186312,0.132537764,0.105821339,0.076718523,0.051467362,0.026081419,0.039177854,0.030744755,0.501837437,0.243724076,0.224189914,2.238447881,0.90049764,0.907131144,0.054534877,0.577928522,0.607024421,0.241388172,263.9496665,261.7929933,59.60526583,151.2657962,153.1189422,35.5723525,217.5878186,206.3164233,165.8848905,184.755068,103.400633,514.674831,60.5852657,15.23677204,6.357784894,16.71991917,4.141446208,2.42442579,3.719243319,-1.132946066,1.348047178,-0.746459168,-0.272485873,0.655914177,-0.234580435,-0.050190888,0.351508465,-0.056659481,-0.034838397,0.244697636,0.015359214,-0.087281836,0.172801747,-0.065413506,0.011467992,0.129993598,0.014878353
bee,bee_06,20,2235,2264,0.128469354,0.143055552,0.151465292,0.11106412,0.133152846,0.107062127,0.078004326,0.052271749,0.02625586,0.038598069,0.030600706,0.502744385,0.244216966,0.225730709,2.227186484,0.881760192,0.877978725,0.050826727,0.493844638,0.471697426,0.219456134,248.6865346,241.2048728,55.17736178,136.6413481,132.7447887,30.09153164,197.4672532,182.8319548,184.878402,184.755068,96.81577038,382.706926,53.88689477,15.92287125,4.434561791,16.50547501,4.832261506,2.393087028,4.808774252,-1.415438353,1.359483533,-1.356313331,-0.276433877,0.747765009,-0.298412985,0.037716596,0.382126388,-0.003938324,-0.026326978,0.284713942,0.019340768,-0.066771664,0.192181259,-0.061261199,-0.000120353,0.136662753,0.027583544
bee,bee_06,20,2330,2359,0.128331748,0.151289343,0.164634828,0.119937423,0.138593054,0.1034487,0.068231602,0.041527353,0.019978792,0.031701762,0.032325394,0.526614005,0.258530477,0.193764904,2.717798708,0.907650893,0.916540783,0.051582951,0.620633157,0.671651609,0.219006485,266.578462,266.1904988,49.88527901,158.9357721,161.5993729,34.55995741,225.5642076,213.3359415,157.8681485,184.755068,78.32462905,329.919764,61.38507121,11.72159941,4.80172074,11.1354044,3.865019527,2.022506747,3.349406496,-0.75598883,1.004943487,-0.696256935,-0.405543885,0.578861004,-0.335818595,-0.031502313,0.327437209,-0.059210034,-0.017821988,0.225400972,0.009094678,-0.075917683,0.131044572,-0.050702549,-0.000221183,0.100819257,0.009252904
bee,bee_06,20,2360,2389,0.110965461,0.129311383,0.143080948,0.108732678,0.134923687,0.112945454,0.085865257,0.06012776,0.031329286,0.04728346,0.035434626,0.499682766,0.243656365,0.26004039,1.921558284,0.887370683,0.887569427,0.04719796,0.519265476,0.492199466,0.187529006,260.9881231,258.662514,58.19441215,136.3418198,135.0155174,26.82203329,215.0781721,193.8717839,198.3218616,197.951858,109.1668623,739.02027,63.4845606,14.47262276,3.566410159,14.49989018,4.317612031,1.976671545,4.287571042,-1.499249803,1.464680202,-1.30661225,-0.267687725,0.716878014,-0.248111834,-0.071144307,0.381691424,-0.084088928,-0.052029801,0.256146714,-0.023069675,-0.07267436,0.183281343,-0.06247251,-0.015906603,0.128778999,-0.004288063
bee,bee_06,20,2390,2419,0.049603444,0.067082316,0.089694374,0.082369972,0.125710544,0.133981117,0.128285184,0.109514296,0.064885766,0.101360547,0.047512442,0.431756006,0.208080516,0.451558234,0.956146901,0.898053596,0.894001145,0.04370428,0.532922598,0.480185944,0.194842606,303.8552257,302.8444591,75.38131968,135.4683368,128.4349045,26.86325118,214.1464209,185.6450571,268.499187,263.935811,119.5411483,527.871622,53.0870892,18.39437031,4.96515686,19.48339344,3.17205181,2.700729696,3.272102373,-2.374776072,1.837973023,-2.174609563,0.137112199,0.880876674,0.155153718,-0.359701542,0.593557339,-0.258745212,0.045350998,0.310568121,0.031026186,-0.167549146,0.241267115,-0.134483262,0.026961044,0.149897241,0.028655558
bee,bee_06,20,2450,2479,0.094805512,0.109381096,0.1223288,0.095964595,0.126042893,0.115832391,0.099088611,0.078781843,0.045360287,0.072082454,0.040331517,0.460168679,0.222007488,0.335644713,1.370999337,0.894320427,0.891721016,0.045891564,0.565241664,0.560785594,0.180745265,270.2700058,255.4317807,71.31318758,147.039011,144.5816014,28.5349715,224.7179195,204.3879557,184.6317331,184.755068,131.181694,501.478041,63.68451201,12.90467178,4.738216018,12.61750413,3.608498138,2.19560976,3.961148456,-1.171838987,1.715865948,-0.68095028,-0.071021377,0.719352669,-0.014609149,-0.199361901,0.420972179,-0.138136872,-0.026083088,0.23022778,-0.007626383,-0.043727735,0.178537463,-0.03823176,-0.013257938,0.120300358,-0.011441215
bee,bee_06,15,1770,1799,0.084418851,0.10840879,0.131520113,0.107533072,0.142589213,0.127563681,0.102101407,0.073547981,0.038216158,0.053564409,0.030536325,0.509206078,0.250122285,0.29796628,1.708938602,0.900118953,0.89918583,0.04044245,0.570429664,0.542061176,0.17973936,282.9868823,271.9108133,73.24900012,145.7836771,145.003785,27.09080247,208.4273644,194.6500444,217.9320457,197.951858,128.663483,527.871622,54.28679755,13.90723498,5.621337072,13.16100089,3.354155718,2.388783144,3.66914551,-1.587722886,1.786540072,-1.235720973,-0.009067648,0.736662298,-0.031162528,-0.238664219,0.464224646,-0.164932168,-0.003568458,0.248878377,0.013067007,-0.075082492,0.178429164,-0.05465281,-0.013799113,0.119321453,0.00069714
bee,bee_06,15,1885,1914,0.110182288,0.132598504,0.150338622,0.115455399,0.142780918,0.11675807,0.084624266,0.055184278,0.026664169,0.036993137,0.028420348,0.525333009,0.258236317,0.231886198,2.265477691,0.884011179,0.885746663,0.043419694,0.502713888,0.486001353,0.18685021,252.7225398,249.7686272,46.6286912,137.7869785,135.5198968,26.28271424,213.8891464,180.991365,187.2217574,197.951858,86.21634017,382.706926,54.38677312,14.80012509,4.294056807,15.11609056,4.667677158,1.880857236,4.659103764,-1.435805209,1.497402868,-1.205798593,-0.316822037,0.718595145,-0.224417696,-0.054477929,0.360431849,-0.036192453,-0.068556202,0.257273541,-0.029639236,-0.059069073,0.170229619,-0.057626617,-0.029493349,0.11707384,-0.001336623
bee,bee_06,15,1915,1944,0.074860869,0.099096801,0.123216938,0.102626578,0.138779258,0.127782261,0.106595218,0.081290264,0.044867788,0.06723476,0.033649265,0.492405035,0.241405835,0.333637296,1.475869278,0.919916125,0.926697845,0.047821427,0.651852838,0.677065802,0.219156937,293.4406231,280.372804,63.34366071,159.946393,160.9010454,34.53118021,232.0357425,220.5353214,188.8251058,197.951858,99.42649706,382.706926,56.18633555,13.02232075,6.765002134,11.73501301,3.153849104,2.303616316,3.030188683,-1.22800491,1.466034335,-0.832444068,-0.210770975,0.691707331,-0.19858415,-0.089673277,0.328691472,-0.048192082,-0.029917083,0.25542129,-0.013578124,-0.056342746,0.192622646,-0.044266135,-0.027883639,0.129935092,-0.001294575
bee,bee_06,15,3015,3044,0.109219903,0.126278146,0.139901564,0.107269214,0.135117862,0.115537675,0.08973951,0.063779291,0.033236394,0.048153099,0.031767342,0.497826315,0.242387076,0.266675636,1.866785894,0.891036008,0.892988351,0.045907904,0.535713252,0.512179536,0.191807148,261.885963,254.8725718,59.07275203,140.8437469,139.0597405,27.70885062,209.6741099,191.2349755,188.4551023,197.951858,104.894165,501.478041,50.38774578,15.29389528,4.332141075,15.2845543,4.173186914,2.139677939,4.121841082,-1.446482646,1.436599108,-1.177121337,-0.258538564,0.726779184,-0.202313062,-0.059576816,0.475705933,-0.009603203,-0.057817092,0.248554421,-0.033735402,-0.076057326,0.180384272,-0.05573514,0.008306216,0.123548822,0.017640628
bee,bee_06,15,3040,3069,0.02031285,0.032859286,0.051549297,0.053293158,0.09047461,0.108212114,0.117535879,0.11727763,0.08274218,0.179702819,0.146040178,0.303529179,0.143767768,0.643298685,0.471832425,0.904510395,0.898250987,0.027839418,0.54515441,0.520711522,0.150893365,395.660028,391.5359219,103.7724403,131.6590231,125.1779824,24.80580467,222.0341125,185.2912847,390.3536642,382.706926,149.7580931,659.839527,42.38969079,18.80995282,3.809067422,19.2185983,-0.103840869,3.855278659,0.249980143,-2.684727193,1.753915327,-2.879078122,0.486153873,0.863799719,0.612795372,-0.475803264,0.542843971,-0.462140329,0.167396464,0.314203905,0.148398656,-0.206070829,0.232833513,-0.216959012,0.049512892,0.170935456,0.052281652
bee,bee_06,15,3325,3354,0.101049168,0.119244493,0.132879384,0.101628559,0.128036058,0.111275766,0.090308271,0.068996984,0.038895777,0.062306934,0.045378605,0.473819768,0.229664617,0.305886571,1.549004803,0.916549136,0.924892793,0.042865735,0.649332939,0.67135938,0.184119414,282.4932463,278.0938598,56.76945476,161.0296192,159.4543358,31.35936748,241.2805251,213.5295121,179.081681,184.755068,103.9732005,488.28125,57.38604376,14.41362079,4.747495029,14.20500555,3.29836337,1.777701977,3.175102034,-0.931466917,1.356265943,-0.690953618,-0.129298879,0.686086523,-0.177893945,-0.152773235,0.336454252,-0.143699144,-0.032572028,0.194335524,-0.000459594,-0.035263248,0.128960174,-0.046726721,-0.032986577,0.105970383,-0.020396518
bee,bee_06,15,3335,3364,0.148282262,0.158854534,0.159390226,0.110234358,0.123596689,0.0917817,0.062738959,0.041377686,0.021865276,0.038511101,0.043367209,0.485002972,0.233831047,0.207860231,2.333312962,0.912399524,0.912639435,0.048056905,0.654586302,0.678787422,0.19318663,268.6352994,258.6323305,57.2737643,166.01991,166.3053947,31.77953579,240.4143386,212.5885809,145.9047028,158.361486,85.7446845,329.919764,57.78594653,12.7091356,4.048415782,12.20801005,3.454730925,1.779934387,3.365435654,-0.471946667,0.933848919,-0.42909836,-0.363189203,0.531826649,-0.321021616,-0.054619516,0.286262804,-0.055889053,-0.009196483,0.18184415,0.014235163,-0.052313177,0.130378241,-0.048151238,-0.005020974,0.074858898,-0.002488749
bee,bee_06,15,3365,3394,0.111450631,0.132146325,0.148649993,0.114080256,0.141686895,0.11686825,0.085537035,0.056148706,0.027116902,0.037244759,0.029070248,0.521285394,0.255767151,0.235117651,2.21712573,0.913148749,0.917558206,0.052086861,0.613778204,0.651940729,0.242798554,283.754892,273.9714686,57.79668749,154.5646155,157.992163,36.53451893,224.9752031,211.0539648,193.7584854,197.951858,99.10663694,475.08446,67.48358805,15.26053243,5.827384086,16.6372022,3.749090509,2.391783265,3.210591784,-1.403969242,1.32325113,-1.140939683,-0.154895469,0.65264564,-0.111324108,0.00523035,0.348470112,-0.02159349,-0.101250503,0.257449969,-0.075725237,-0.017904578,0.158615686,-0.027105353,-0.025005355,0.120406254,-0.004886211
bee,bee_06,15,3395,3424,0.122530062,0.14053991,0.151611902,0.111688318,0.13312013,0.105515159,0.075888348,0.05113655,0.026602878,0.04319451,0.038172234,0.501935509,0.244808448,0.234994519,2.1359456,0.894617863,0.896164177,0.052206436,0.560074666,0.560758254,0.216385686,259.4614309,255.0079746,57.5497154,146.7281178,142.9793992,32.98832474,224.3525094,205.6675553,164.2815421,184.755068,88.16976897,369.510135,54.78667592,17.24655236,4.455752852,17.44179111,4.190960337,2.150973297,4.042763321,-1.050291961,1.220248952,-0.800765616,-0.38412308,0.68593329,-0.37538307,-0.047300168,0.381102762,-0.016292964,0.000185681,0.234878195,0.005067398,-0.113217638,0.170842942,-0.088417115,0.009669515,0.08734697,0.011581229
bee,bee_06,15,3425,3454,0.122516391,0.140937435,0.153190847,0.114088879,0.137932093,0.111083677,0.080256448,0.052661252,0.025639992,0.035523813,0.026169172,0.516295497,0.252020972,0.220250677,2.344126714,0.890245269,0.883257389,0.048008531,0.532815457,0.516914071,0.215489262,253.9903607,252.0082649,50.33607321,145.4049942,143.2470309,34.00550618,223.6885965,202.5917918,162.1848557,171.558277,87.01078281,356.313345,51.48747832,15.81239377,6.127734606,16.56239421,4.504480548,2.118795005,4.359532807,-1.172147983,1.509339207,-1.029902595,-0.28883265,0.656542204,-0.227712505,0.008733643,0.382335594,0.028795538,-0.074540598,0.254768607,-0.036491245,-0.017341468,0.153878431,-0.029358896,-0.01462494,0.110313788,-0.006496875
bee,bee_06,15,3455,3484,0.147350235,0.163833445,0.168463266,0.117247296,0.130098147,0.093490939,0.060455055,0.037210298,0.018602491,0.031297927,0.0319509,0.509299648,0.247345443,0.179516672,2.83706044,0.901235608,0.899887753,0.060524985,0.589906117,0.583999666,0.254849642,262.4730642,249.6648892,64.93895017,152.2052276,152.5751117,37.82962325,232.7724135,212.3119561,165.514887,184.755068,94.19299365,580.658784,64.18439042,14.22324343,5.593339062,15.07671446,4.169708082,2.512047634,4.053058546,-0.863809868,0.931548092,-0.740000054,-0.429271807,0.561772184,-0.314388705,-0.047126853,0.35416723,-0.042626126,0.003904241,0.239797974,0.003603377,-0.096972649,0.159764896,-0.073106136,0.000168713,0.109121847,0.00067007
bee,bee_06,15,3485,3514,0.13416516,0.146390509,0.151328742,0.108529178,0.127362529,0.100412006,0.072718462,0.049768662,0.026329701,0.043739648,0.039255403,0.487632455,0.235891707,0.231811876,2.103569773,0.88256066,0.88597634,0.051988993,0.510497234,0.511692629,0.20821507,244.1064966,241.7608731,51.84521478,139.0940334,137.7826753,30.39932254,214.4612583,196.6059715,158.8548244,184.755068,82.76232427,369.510135,57.48601943,16.06330849,4.898615826,15.36625067,4.740226557,2.134102258,4.560193318,-1.058774084,1.112439496,-1.069848702,-0.350187389,0.779037739,-0.310079023,0.054095707,0.327018591,0.050466062,-0.011698027,0.265795873,-0.022460292,-0.108970293,0.187564418,-0.066771127,0.025761919,0.122944523,0.02650823
bee,bee_06,15,3515,3544,0.17306509,0.177764321,0.169248668,0.110939814,0.117103778,0.080669296,0.051483509,0.032714662,0.017419561,0.032236424,0.037354875,0.477961557,0.228043592,0.171209031,2.791684259,0.884828236,0.88501369,0.049008113,0.55376267,0.535163096,0.186353983,236.7949605,228.8812938,46.15149051,150.4624563,148.361867,30.04172815,219.0937014,199.1634924,122.7178185,145.164696,67.86326071,303.526183,51.38750271,12.25915558,3.473524179,12.03176695,4.405156554,1.632183946,4.51753039,-0.334708796,0.666480319,-0.383213812,-0.467817253,0.624299686,-0.376453839,-0.089772075,0.247039995,-0.065166902,0.070968382,0.139202543,0.054369095,-0.083880741,0.126301044,-0.061935311,-0.023345326,0.103208888,0.005914987
bee,bee_06,15,3545,3574,0.160708505,0.168364628,0.164833295,0.111401074,0.121716916,0.087223938,0.057142882,0.036095455,0.018579409,0.03305624,0.040877658,0.485175223,0.233117989,0.185751644,2.611956543,0.900786063,0.900660899,0.052208512,0.618714905,0.612674253,0.194360755,259.0442323,247.7616985,59.93174012,159.6655067,157.7234025,28.82623556,227.7747263,209.9114169,147.8780548,171.558277,109.5505637,739.02027,57.3860438,10.89978712,3.413857835,10.1897341,3.746278649,1.763119276,3.781519674,-0.402878615,0.982952643,-0.304278269,-0.488704582,0.485879502,-0.415435017,-0.082181646,0.313841777,-0.106242729,0.003760548,0.190011676,0.004048742,-0.060049304,0.116583657,-0.054326498,-0.024077629,0.086497248,-0.013916783
bee,bee_06,15,3575,3604,0.099758316,0.11881053,0.134997617,0.105170777,0.133782526,0.115120689,0.089988872,0.065057382,0.035117444,0.056289411,0.045906437,0.489071609,0.238953303,0.292359545,1.672842967,0.914033249,0.916526144,0.045594888,0.648192393,0.669147197,0.184408043,286.4794756,277.4115068,66.92449258,159.0431535,161.1850472,29.24337783,225.9627874,206.8880547,193.0184785,184.755068,116.5803757,501.478041,51.58745402,14.69363549,4.302434261,14.84717591,3.052782392,2.089457344,3.114886771,-0.982436788,1.419187591,-0.720315048,-0.24303314,0.684575694,-0.216386428,-0.191302638,0.327947455,-0.152473321,0.040053728,0.187661735,0.0444898,-0.088637499,0.153185789,-0.075600181,-0.021663719,0.096384647,0.003977426
bee,bee_06,15,3605,3634,0.178347442,0.177140767,0.164114261,0.106229246,0.112350328,0.07900114,0.052351907,0.034614421,0.018818715,0.035105846,0.041925926,0.461694975,0.218579574,0.182816816,2.525451356,0.902564775,0.901433913,0.053665846,0.620910399,0.64228644,0.210465244,254.4388293,248.4322287,56.69164783,161.7671862,167.0049231,32.84549131,230.9972722,211.9401595,127.6511982,158.361486,77.80704644,329.919764,65.08417164,13.73565961,4.297616503,13.74923922,3.85707704,1.831296614,3.548675646,-0.342539292,0.602340305,-0.433155952,-0.451254196,0.644837247,-0.34368301,0.024821485,0.239208295,0.017135927,0.008889042,0.130772707,0.01233225,-0.088859823,0.147506058,-0.036575939,0.012843819,0.074370124,0.017601752
bee,bee_06,12,655,684,0.128074645,0.151680678,0.166230777,0.122083374,0.142364464,0.107213329,0.070690993,0.041962559,0.019073822,0.02686816,0.023757198,0.537891944,0.264447838,0.182352733,2.949733392,0.89314634,0.892779197,0.048020768,0.550487872,0.529283008,0.216642696,252.1002029,243.4836265,46.43226518,149.446026,143.7214923,32.4880209,215.9371987,196.2394821,152.6880999,184.755068,77.55178399,316.722973,49.0880619,16.97747058,5.726028446,15.82872688,4.472324859,2.115139224,4.542697161,-1.028202885,1.271383317,-0.831972019,-0.35443686,0.65356942,-0.305435467,0.047852169,0.319253593,0.008897871,-0.074820926,0.268933224,-0.030912853,-0.053079053,0.172215849,-0.048839061,0.001700915,0.125070612,0.009890394
bee,bee_06,12,680,709,0.121037324,0.145456281,0.162233576,0.121339968,0.144600591,0.112106177,0.07626205,0.046414852,0.021160071,0.028096215,0.021292896,0.540280311,0.265940559,0.193226084,2.796104444,0.873471796,0.866057996,0.051343673,0.466081679,0.445053215,0.211179093,240.2601704,233.1951554,50.20628211,133.0498229,132.3187589,28.54361461,207.0120265,177.6204071,167.9815768,184.755068,84.00047647,329.919764,49.38798895,18.59583769,5.208519136,18.41434223,5.160318842,2.251560124,5.092427538,-1.334001705,1.420861047,-1.109457886,-0.355799713,0.724759703,-0.272221465,0.000140808,0.38182159,-6.57E-05,-0.030948518,0.282499244,0.004304703,-0.078135667,0.209833121,-0.0727206,0.007238968,0.147930665,0.023654056
bee,bee_06,12,710,739,0.139408721,0.154905853,0.160654865,0.113700868,0.129538147,0.097026146,0.06591545,0.042383428,0.021577742,0.035908779,0.038980002,0.500920025,0.243239014,0.204765401,2.446311837,0.89757394,0.898541265,0.047209402,0.600614498,0.624282878,0.189042833,252.1110283,249.1097745,49.68859393,159.7504903,163.4192649,32.01643986,230.162014,210.9242786,129.871219,158.361486,81.72732505,369.510135,61.58502262,12.31558181,4.318179057,12.21065182,3.946466931,1.692586091,3.641622514,-0.411297624,1.05570677,-0.275065217,-0.397582176,0.566424797,-0.398204098,-0.03130748,0.295663974,-0.046795405,-0.03419064,0.176429232,-0.020781479,-0.051525187,0.129377441,-0.036428541,-0.01168658,0.089917512,-0.001200333
bee,bee_06,12,740,769,0.146176211,0.157838049,0.159792307,0.111415816,0.125923687,0.09429068,0.064795066,0.042648677,0.02226641,0.037643879,0.037209219,0.49142249,0.237339503,0.204563251,2.402300938,0.903503957,0.905256762,0.050810446,0.596291013,0.609702858,0.212848822,263.8677136,260.3640579,52.207064,151.6685182,156.1531726,32.33713991,241.824151,203.6805803,176.9849947,184.755068,76.31079548,395.903716,54.68670026,15.88320672,5.202486267,15.97507898,4.013899206,2.025052882,3.735599855,-0.99848015,0.925172477,-0.945569823,-0.373323684,0.612720577,-0.262627394,-0.032873612,0.307178854,-0.048512853,-0.004535019,0.210793563,0.009279357,-0.093699215,0.187145015,-0.0704222,-0.004847522,0.107516477,0.006619711
bee,bee_06,12,770,799,0.082876386,0.101457429,0.11861898,0.09554202,0.127943989,0.119866423,0.104416829,0.084273099,0.048865762,0.076856399,0.039282685,0.461971412,0.223486008,0.353694774,1.306130162,0.90151216,0.898899137,0.046875687,0.567691325,0.555888938,0.207997805,290.9111295,271.2536268,80.54548443,143.2144909,139.6876406,31.98949308,234.6191729,204.36931,217.1920387,197.951858,128.7476281,580.658784,67.58356371,16.2898495,4.890880388,16.70676168,3.160839272,2.933854015,3.489087347,-1.667139926,1.67957031,-1.164064517,-0.149027665,0.771094902,-0.180461996,-0.185638868,0.509033489,-0.085024027,0.034153121,0.273075554,0.03279821,-0.126749995,0.193167326,-0.0919443,0.020219751,0.132754186,0.014594968
bee,bee_06,12,830,859,0.133797237,0.139648282,0.136767998,0.09362328,0.106717212,0.085656871,0.069375267,0.058490467,0.038377223,0.078312396,0.059233767,0.422765361,0.200340492,0.30378912,1.391640892,0.888793777,0.895413278,0.052815095,0.531880498,0.520563073,0.209446963,283.7608051,276.6666373,99.15930254,137.5349109,134.7503283,28.48825712,226.8249757,183.9501149,227.4288015,184.755068,146.4932571,541.068412,54.28679752,15.92222076,3.616026351,16.13187163,3.24228145,3.605436605,3.537864467,-1.510526956,1.379498803,-1.16871387,-0.198357394,0.849850625,-0.145255416,-0.094544001,0.461340401,-0.051586663,0.039737351,0.274035827,0.036886106,-0.120864627,0.189004816,-0.117304856,0.031352714,0.130229297,0.033023362
bee,bee_06,12,860,889,0.113685513,0.132522172,0.146086673,0.110284299,0.135603889,0.112178562,0.084318754,0.05848167,0.030221654,0.044668615,0.031948199,0.504153424,0.245888188,0.249638891,2.019530778,0.888277457,0.886494515,0.042588063,0.506091163,0.464948709,0.191141144,258.0489495,253.2979562,48.87189121,136.0845111,129.3614808,30.10256279,214.8395015,197.8286724,189.1951093,197.951858,89.17636991,369.510135,53.48699205,17.47407967,3.233255605,17.17793668,4.554016482,1.988612655,4.710303353,-1.656625109,1.413166433,-1.596896436,-0.161208936,0.712978425,-0.127887802,-0.031658346,0.428370684,0.029320876,-0.091650765,0.242966349,-0.077892934,-0.054914752,0.165234683,-0.054018473,0.000818442,0.121215109,0.018999957
bee,bee_06,12,890,919,0.109377504,0.128705538,0.142022225,0.106892409,0.13141947,0.110150328,0.085931228,0.063483254,0.03506231,0.054708771,0.032246962,0.490484432,0.238311879,0.271432526,1.807021582,0.887200749,0.889835473,0.048902829,0.504532425,0.514110757,0.209971778,266.8313583,253.1223945,68.75490015,135.3132068,131.308945,29.33136115,220.5815457,189.6536863,202.7619032,197.951858,104.9954853,448.690879,52.78716227,19.62479852,4.503997788,20.22792408,4.260096491,2.717109713,4.252712608,-1.759532692,1.54245033,-1.49985377,-0.100011563,0.848495573,-0.191420718,-0.158344591,0.482374002,-0.103979758,-0.005533211,0.274737403,-0.007196065,-0.117444676,0.209391111,-0.08356585,0.011070103,0.135653,0.011030467
bee,bee_06,12,920,949,0.120465904,0.137434179,0.148802168,0.110817385,0.134261681,0.108609042,0.079165667,0.053018243,0.026815002,0.041371144,0.039239583,0.502490276,0.245079067,0.23960964,2.097120448,0.896564779,0.896811838,0.048004007,0.591818376,0.608257796,0.177119745,258.7389029,260.6512309,52.41539038,152.579305,150.8958358,25.77868961,234.46283,194.8781237,164.8982145,184.755068,90.06587237,316.722973,62.1848767,13.05642348,3.52802822,12.35618352,3.880638996,1.605960946,3.8480954,-0.740466291,1.242194503,-0.652835199,-0.414919953,0.572975127,-0.337406952,-0.081008022,0.300256252,-0.079376067,-0.002971827,0.212818252,0.025493346,-0.058831985,0.146868343,-0.051275474,-0.020255562,0.093292148,-0.005618739
bee,bee_06,12,950,979,0.094200945,0.113604469,0.130368915,0.102697569,0.133224162,0.118874953,0.09755762,0.073914251,0.040707404,0.061195819,0.033653894,0.485165599,0.235921731,0.307028987,1.580194768,0.90538231,0.902492524,0.044873443,0.574078831,0.56631048,0.215197266,282.4215683,274.1309747,64.59552643,146.2471672,147.0329436,29.99927614,212.3456436,196.9376009,219.6587285,224.345439,107.7754325,435.494088,54.38677314,16.90904697,5.950612661,18.14181913,3.697465153,2.395963149,3.716362388,-1.742352588,1.492437087,-1.45822558,-0.008371601,0.83009679,-0.070278002,-0.142605944,0.477980587,-0.083095388,-0.036066831,0.261548802,-0.020822274,-0.093287888,0.207678144,-0.065355638,-0.00311512,0.120741431,0.009772963
bee,bee_06,12,1100,1129,0.15045274,0.15933417,0.159413369,0.111085281,0.126721524,0.096641967,0.067436394,0.04398799,0.021968152,0.033272449,0.029685964,0.493862141,0.237806805,0.196350949,2.515201186,0.887208513,0.879699109,0.050394204,0.529807558,0.50694456,0.218878179,244.8578335,235.5004392,49.89606696,144.2439989,140.9799746,32.5180363,219.3485417,195.4072449,153.1814379,171.558277,79.00946508,329.919764,53.98687048,16.20994969,4.796274673,16.58832209,4.636630463,2.113183364,4.7179272,-1.010449489,1.130406747,-0.896506416,-0.342644235,0.669848864,-0.290745689,0.031711024,0.317431988,0.032653239,-0.038659119,0.255121048,-0.005812576,-0.070232698,0.172565263,-0.058706683,0.001235462,0.103630777,0.005430515
bee,bee_06,12,1130,1159,0.136333952,0.154293797,0.162714977,0.116634481,0.134355966,0.101627077,0.069160756,0.043716307,0.021367974,0.032096666,0.027698048,0.515332501,0.250990447,0.19403975,2.655808934,0.879447591,0.875185267,0.048906865,0.484258691,0.472939322,0.218097549,240.6443442,233.2434972,45.79585382,136.6164349,135.7821124,31.48899396,213.0402759,195.2862319,162.1848557,184.755068,78.52423755,395.903716,53.38701639,19.13323325,4.932242631,20.16756711,5.097722151,2.303898931,4.97262411,-1.253846081,1.241811742,-1.213151027,-0.347718215,0.762943008,-0.273378032,0.079708581,0.388696665,0.050422857,-0.100369691,0.278597102,-0.040314349,-0.065226023,0.186655291,-0.055412409,0.009267994,0.139492005,0.014156364
bee,bee_06,12,1160,1189,0.065596087,0.091584597,0.121321446,0.106653711,0.150636213,0.142310404,0.117309064,0.084335752,0.042405589,0.053539204,0.024307933,0.520921774,0.257289924,0.321897541,1.618284414,0.899928703,0.893628814,0.041506685,0.54277124,0.503584325,0.197945813,289.0530771,290.0372352,59.39820788,136.6932774,128.4521716,30.69936238,225.9592247,205.3043065,231.8688432,224.345439,101.6258083,382.706926,47.98832927,16.02403242,4.863239287,16.31244386,3.67079118,2.240411619,3.922096234,-2.213040128,1.742119086,-2.213611458,0.002517023,0.674842832,-0.03379061,-0.1975973,0.478619146,-0.085263274,-0.055943213,0.262943652,-0.025720245,-0.055280787,0.192218576,-0.048352815,-0.01812044,0.110472066,-0.001216894
bee,bee_06,12,1190,1219,0.088749002,0.106690258,0.124418027,0.100582208,0.13441611,0.123385108,0.102696113,0.077576163,0.042179034,0.062605676,0.036702302,0.482801453,0.234998318,0.321759288,1.5005051,0.909428741,0.905838294,0.044130695,0.607316274,0.610775862,0.200823726,294.3341077,284.1759129,73.92890792,152.0162113,151.4612034,31.87198508,236.8355842,203.4905756,213.8620074,197.951858,135.661874,527.871622,53.6869434,17.29330854,5.748414399,16.93635042,3.056948874,2.514703113,3.345505669,-1.510754748,1.700519649,-0.974228498,0.013637624,0.724229281,0.006024254,-0.195123055,0.421930317,-0.166061384,-0.029027142,0.218698623,0.005914332,-0.065288193,0.167132653,-0.051510721,-0.011821894,0.115303631,0.011984948
bee,bee_06,12,1220,1249,0.105336618,0.122031386,0.136011286,0.105383953,0.134965295,0.118256471,0.094157357,0.068006213,0.035424995,0.049684029,0.030742398,0.494617005,0.240349248,0.278014991,1.779101921,0.896338341,0.890562786,0.045141482,0.553076666,0.557502911,0.203724762,261.9991066,251.0141509,56.38495279,146.2143546,143.9591912,30.88833805,208.9313284,199.239581,173.9016324,184.755068,106.1043644,422.297297,56.78618967,17.02102431,4.913872448,16.9453499,4.123923962,2.085103067,4.119781212,-1.334779275,1.509997377,-1.005031801,-0.072186837,0.769669577,-0.112595232,-0.087615933,0.336829428,-0.076514573,0.003992555,0.249421758,0.005114093,-0.063526503,0.152155423,-0.041358296,-0.016005214,0.113858022,0.008964265
bee,bee_06,12,1250,1279,0.084152512,0.109890345,0.135245944,0.111410902,0.147700993,0.130633809,0.101979189,0.070729645,0.035252894,0.046739483,0.026264286,0.524991646,0.259111894,0.280965496,1.868527114,0.885873815,0.883546515,0.047588245,0.509933208,0.474758771,0.207694934,251.3321356,245.7827888,51.88344794,138.1657676,133.0079137,29.60342218,212.5360075,195.1446932,178.2183396,184.755068,85.45841395,356.313345,49.38798893,16.93753948,5.789176988,16.12951553,4.641067106,2.109265792,4.653091299,-1.367404299,1.388630832,-1.18721523,-0.322068948,0.755231502,-0.31472351,-0.018228855,0.454630708,0.011300159,-0.034305229,0.263492269,-0.030453062,-0.097071615,0.166057678,-0.085468084,0.015420873,0.122759805,0.022645673
bee,bee_06,12,1280,1309,0.124696901,0.14220847,0.154044463,0.114777991,0.138925968,0.111724044,0.080093309,0.051723158,0.024690835,0.033336161,0.0237787,0.519472466,0.253703959,0.213622163,2.431734881,0.883270061,0.885234997,0.051453243,0.501982384,0.492799178,0.217095613,250.6781212,245.4091568,50.38533469,136.6968284,135.7006314,29.12922546,205.0410583,182.8525977,186.4817504,184.755068,76.47254058,329.919764,55.68645711,14.92510729,4.456826182,14.69370762,4.837417785,2.215005087,4.6576844,-1.36653104,1.174619822,-1.241823587,-0.470716525,0.700857949,-0.474103748,0.024296751,0.34467577,0.039606908,-0.016712519,0.235427666,-0.01308573,-0.128411467,0.161544494,-0.104265988,0.022889588,0.131143554,0.023050443
bee,bee_07,20,60,89,0.124580189,0.136902097,0.143336839,0.104590788,0.125868353,0.103276026,0.078718798,0.056847333,0.031142128,0.05138211,0.043355338,0.477072006,0.230459141,0.261445708,1.824745986,0.892038687,0.887842465,0.051581229,0.557091176,0.564848955,0.209038407,253.3626266,241.5344738,56.32307381,147.8856903,149.9829029,30.79992932,225.0208163,195.9767213,156.8814726,171.558277,94.95595787,382.706926,56.58623831,14.57497205,5.147893918,14.72990468,4.237993422,2.061872927,4.219925967,-0.942863097,1.275356927,-0.679006115,-0.271094802,0.695806454,-0.305291793,-0.071033578,0.332234063,-0.030408849,0.012873868,0.230369684,0.017441028,-0.069095572,0.164846622,-0.056384524,-0.015678463,0.115122636,0.011293269
bee,bee_07,20,90,119,0.167816741,0.178922285,0.175667857,0.117046988,0.123828064,0.083675064,0.050727094,0.029712688,0.014722897,0.026229934,0.031650387,0.500217973,0.240875052,0.153043001,3.268479915,0.894527015,0.886677048,0.055289952,0.580145351,0.54267044,0.222345288,248.8629364,236.725069,59.17390694,152.7842933,148.9361455,35.60316787,229.672787,219.9610927,144.7946925,158.361486,69.38219258,422.297297,58.68572776,12.12554406,4.321244236,12.18566713,4.215294395,1.99485709,4.489155123,-0.487087876,0.733724237,-0.473152353,-0.591875862,0.584306391,-0.436287154,0.027580648,0.270756174,0.010566435,0.006549182,0.18091244,0.013626304,-0.098112922,0.145566047,-0.065999975,-0.001404172,0.082289864,-0.00036829
bee,bee_07,20,120,149,0.104797343,0.11259728,0.11725589,0.087307385,0.110897822,0.101254329,0.089792259,0.077140391,0.04880851,0.090480006,0.059668785,0.416715426,0.198205207,0.365889951,1.138909185,0.88775436,0.895031591,0.058646505,0.525242138,0.521105761,0.237312966,274.0848286,260.1606115,85.45438157,139.0886854,138.0812503,34.11457875,220.8093001,194.397302,193.7584854,171.558277,134.1969879,514.674831,63.4845606,17.34001412,4.843222537,17.70039,3.832707146,3.276098788,3.850897795,-1.459949619,1.515242252,-1.096236557,-0.282618488,0.846532211,-0.169372337,-0.100646137,0.559877653,-0.013684338,0.042148614,0.250181478,0.062814233,-0.167478447,0.210134579,-0.131852752,0.058294092,0.120934338,0.048811337
bee,bee_07,20,330,359,0.081120968,0.103781194,0.128123614,0.107533807,0.146645596,0.134350789,0.108077066,0.076132069,0.037775074,0.048408456,0.028051365,0.516653807,0.254179404,0.298444031,1.731158115,0.914590782,0.912777857,0.045913912,0.612376353,0.625851976,0.222840548,297.8273745,293.7079528,61.11905633,150.9725718,150.1600143,33.58545935,222.6157352,212.5128914,240.0089196,237.54223,97.38246897,488.28125,52.58721083,14.10142049,4.841850866,14.75959344,3.338278733,2.29260758,3.08043312,-1.762392257,1.689002164,-1.424349638,-0.072824859,0.721460166,-0.097429766,-0.144352517,0.367671831,-0.129806724,-0.058775591,0.257394474,-0.014916618,-0.013633397,0.174277864,-0.029942729,-0.067594452,0.135119166,-0.031021382
bee,bee_07,20,360,389,0.161741469,0.17170622,0.169314738,0.114381691,0.124162784,0.087847049,0.056648917,0.035198432,0.017796567,0.030031623,0.031170509,0.495706263,0.238544475,0.170846048,2.901479253,0.896541142,0.892223487,0.055382436,0.584533117,0.577088101,0.223101331,255.895223,248.3993441,57.80805133,154.5714291,156.270656,36.74695211,232.3313233,213.9396535,143.3146786,171.558277,87.56077124,488.28125,60.18536301,13.50641137,4.488150628,14.33004066,4.112587111,2.059209726,3.965177245,-0.592800393,1.045930357,-0.477024051,-0.405286046,0.615233225,-0.358225345,-0.032772269,0.300924307,-0.031649869,-0.000250068,0.205853249,-0.004041285,-0.072558955,0.136386533,-0.051165227,-0.008784415,0.094058478,-0.001767093
bee,bee_07,20,390,419,0.099310041,0.11632088,0.130573213,0.101461763,0.130211543,0.114910096,0.093462689,0.070680503,0.039366985,0.062647662,0.041054626,0.477156614,0.231673306,0.307212465,1.553181164,0.895972515,0.893144166,0.045095045,0.544007026,0.523696978,0.196297302,287.4084134,285.3943773,80.91586315,138.9418103,134.8515,28.29018731,208.0613262,189.6555589,236.0622159,224.345439,132.3859238,607.052365,53.68694339,17.429709,3.779216633,17.70940959,3.392289139,2.727471825,3.476228531,-1.870097775,1.678290671,-1.546450339,-0.082819149,0.853503902,-0.089140432,-0.194478236,0.537506615,-0.08545989,-0.002067399,0.261593949,-0.010059619,-0.144808198,0.167663194,-0.125364637,0.035800642,0.138351806,0.031170382
bee,bee_07,20,420,449,0.113724912,0.131833413,0.143548129,0.106854385,0.129778145,0.107006965,0.082120659,0.060190206,0.033551944,0.055209833,0.036181408,0.487187624,0.23663253,0.267254051,1.822938223,0.88301384,0.875196216,0.044976981,0.50194178,0.490759302,0.195657576,246.8429278,235.1271629,52.50146238,137.9398233,134.0913264,28.62582138,205.9874643,189.3054022,176.8616601,184.755068,85.73986179,395.903716,49.68791599,16.56920995,4.220388869,17.05970638,4.639204922,2.156494901,4.700852255,-1.269524897,1.350701524,-1.098821487,-0.340707237,0.701505171,-0.255742028,-0.076026114,0.433953546,-0.024255035,-0.01200727,0.279081356,0.003948674,-0.108549868,0.19832871,-0.084313614,0.009557004,0.121079663,0.006883255
bee,bee_07,20,450,479,0.097107505,0.120948966,0.142719281,0.113755931,0.146066962,0.124395243,0.093240377,0.062039313,0.03000889,0.040437694,0.029279838,0.526937417,0.259822893,0.255006112,2.066371717,0.89685453,0.894311695,0.043331781,0.536436637,0.521022899,0.203783929,274.515675,263.666895,55.74402708,137.1396389,135.8362453,27.94183524,232.0897489,195.4463491,223.6054322,224.345439,88.23629568,369.510135,46.78862106,15.72933635,3.556811505,16.48389014,4.135352718,2.315021552,4.298629242,-1.923452614,1.319364847,-2.027431497,-0.203366308,0.672892155,-0.172975142,0.007318761,0.344727623,-0.01997069,-0.109573404,0.284060077,-0.058861761,-0.032477144,0.176927126,-0.036018096,-0.024201663,0.124187398,-0.018185548
bee,bee_07,20,1092,1121,0.141171514,0.157436143,0.163073739,0.114739199,0.129414823,0.095545451,0.064110942,0.041168012,0.021222274,0.036042111,0.036075793,0.502773212,0.244154021,0.198619132,2.531343318,0.901445114,0.901479115,0.053901662,0.605558636,0.632968548,0.21780361,256.9109544,250.3587085,54.42696059,157.6466741,156.9210654,34.23085189,235.0709524,205.4731474,148.2480582,158.361486,70.90316043,316.722973,55.38653005,13.75008805,4.847350875,13.30817792,3.98134318,1.962048078,3.730879103,-0.554036858,0.87878317,-0.544543678,-0.427367526,0.559864494,-0.304131424,-0.068507154,0.303712561,-0.056928807,0.045561054,0.177025436,0.040160884,-0.096125954,0.144633441,-0.074096455,-0.000534623,0.090569273,0.009450198
bee,bee_07,20,1122,1151,0.119103681,0.141577146,0.157631964,0.118640434,0.143246442,0.11350055,0.079363273,0.049735779,0.023159688,0.030884884,0.023156159,0.53301939,0.261886876,0.206299783,2.583712795,0.895969368,0.897446488,0.047439407,0.564575288,0.577088021,0.212930952,253.2353733,249.3725763,49.0881994,151.1145045,148.678856,33.5956915,236.6928247,205.9312388,153.0581034,171.558277,74.5958533,343.116554,47.78837797,14.226959,6.131713356,13.06242357,4.322057347,2.008324831,4.11196057,-0.908131345,1.325899662,-0.567596171,-0.364090412,0.608290328,-0.371051837,-0.031010814,0.300828118,-0.008442754,-0.032887165,0.23131158,0.005080046,-0.051377368,0.166236708,-0.054779601,-0.024698147,0.116240239,-0.009568728
bee,bee_07,20,1152,1181,0.124395577,0.141785947,0.153275496,0.113815089,0.137040282,0.109365339,0.077834528,0.050238562,0.024354097,0.035534991,0.032360091,0.513496207,0.250855371,0.220322269,2.330659579,0.911979191,0.906780173,0.047302801,0.6391796,0.666198485,0.201765258,271.0315197,261.9535966,51.09244416,162.1432688,164.9454355,31.90184732,225.7727795,211.6392621,156.7581381,184.755068,90.5924258,527.871622,64.48431745,11.24963055,3.89632874,10.87028851,3.612561028,1.803398165,3.397329181,-0.772346568,1.188901956,-0.799387044,-0.22389127,0.584557749,-0.200349479,-0.096053384,0.239506217,-0.103577764,-0.024993625,0.191697259,-0.010887655,-0.058088117,0.142102064,-0.034832071,-0.011256154,0.091873243,-0.00169883
bee,bee_07,20,1182,1211,0.074463445,0.089354284,0.104727208,0.085982238,0.118745281,0.116130963,0.106265567,0.090826724,0.055956728,0.097931856,0.059615706,0.42558569,0.204727519,0.410596581,1.036505683,0.913844837,0.907673603,0.039516084,0.600046603,0.569280179,0.19455347,318.5264251,314.2085025,76.13566084,145.5981066,136.959681,32.51850865,222.4031757,207.2909749,251.9723652,250.73902,131.5054424,554.265203,61.28509547,16.85728828,3.070583835,17.44490861,2.317062592,3.002881708,2.48662612,-2.119023022,1.631264753,-1.831441114,0.228838468,0.764225963,0.287875643,-0.308400798,0.481440561,-0.266564931,0.024316351,0.271658399,0.022269701,-0.113010213,0.174637365,-0.086688228,0.033176975,0.145390341,0.025586452
bee,bee_07,20,1212,1241,0.048793886,0.060580343,0.074649347,0.064645351,0.094724361,0.099364905,0.098100425,0.092239176,0.063817569,0.145141911,0.157942725,0.333383964,0.159369712,0.557241807,0.598275218,0.910956812,0.907587331,0.039764262,0.606385134,0.599197175,0.181649842,340.2103561,324.8361962,119.0980757,147.0463609,142.1743921,29.46591571,219.6280471,203.5854681,278.8592842,263.935811,187.9605134,659.839527,55.58648142,14.3564922,4.212217021,14.41514207,1.344524713,3.644735658,2.01192341,-1.490045653,1.635001494,-1.159834867,0.100034414,0.754011185,0.194558267,-0.273830627,0.455928141,-0.230589633,0.055792317,0.255055631,0.045937353,-0.117482589,0.205524584,-0.069368878,0.032090401,0.125372188,0.027036822
bee,bee_07,20,1279,1308,0.020095646,0.027375358,0.036952544,0.034804942,0.056649756,0.069298525,0.082619312,0.09502489,0.077347113,0.210649432,0.289182483,0.197705767,0.091454698,0.754823229,0.261923268,0.909802344,0.908972747,0.053575986,0.611894464,0.584931206,0.203930146,438.912418,415.7348788,122.35567,144.7576621,136.6976234,33.36913214,228.570837,210.7907367,436.1107603,435.494088,188.9483737,739.02027,59.08563035,15.92090944,3.261684141,16.56227065,-1.103461768,3.40417199,-0.664182645,-1.392847174,2.188110298,-1.362582069,0.185283301,0.743657722,0.358525952,-0.502482657,0.435720371,-0.567107369,0.131758217,0.263770577,0.112055502,-0.156973982,0.166478129,-0.160393356,0.046082587,0.122942708,0.043666868
bee,bee_07,20,1362,1391,0.084568862,0.101522338,0.118566814,0.096330812,0.130050781,0.121698063,0.104276628,0.081895464,0.046368813,0.072510766,0.042210659,0.46664647,0.226381593,0.34726233,1.343786613,0.895147185,0.894465839,0.042659154,0.539519143,0.502114463,0.175240545,281.5702103,273.4360536,74.35989333,137.0853588,134.0130429,26.49478043,224.5192126,185.5670324,222.0020839,224.345439,119.1148344,461.887669,42.68961793,16.49276183,3.010588242,16.42731438,3.44883691,2.677248668,3.684902656,-1.900777861,1.548763811,-1.568325364,-0.113472666,0.74508215,-0.059413037,-0.160145322,0.459829096,-0.069667287,-0.027729542,0.253281508,-0.001465312,-0.11048246,0.173463921,-0.081152288,-0.007287592,0.102239483,0.000489499
bee,bee_07,20,1392,1421,0.127311569,0.150203089,0.164394204,0.120912543,0.141633552,0.107639459,0.0719257,0.043333966,0.019861057,0.027690246,0.025094616,0.534579758,0.262546095,0.187905584,2.844938116,0.886758359,0.879726888,0.04567046,0.529056363,0.505997709,0.194387134,248.2971609,243.1115048,44.54740303,142.5546359,138.880475,30.48627588,220.6622835,203.2539665,170.5716011,184.755068,75.15691564,356.313345,50.08781867,13.63209457,4.164438631,14.04038765,4.556687873,1.761574908,4.671174556,-1.028445038,1.296539325,-1.013530665,-0.426287459,0.560568,-0.351760258,-0.013097787,0.361667033,-0.033876144,-0.067893331,0.271892315,-0.043276606,-0.043273024,0.165626471,-0.032435734,-0.027041895,0.112195393,-0.016558934
bee,bee_07,20,1422,1451,0.104208129,0.12463919,0.141308056,0.109460255,0.138218371,0.117762814,0.090639385,0.063525708,0.032576571,0.046170533,0.031490988,0.506749496,0.247678627,0.264403184,1.916578644,0.899729313,0.89667748,0.044594997,0.562678168,0.545157265,0.197411065,278.3180169,271.3364325,60.46241441,142.0026011,132.6699035,32.08652961,226.0544409,206.2486914,209.7919693,197.951858,97.35172966,382.706926,50.68767282,14.25238207,3.642572351,14.42631208,3.759592488,2.24837377,3.929239765,-1.652305209,1.506960093,-1.525166264,-0.218782777,0.660664976,-0.21275048,-0.065530636,0.373364728,-0.015069168,-0.073369769,0.242606279,-0.048315616,-0.054609158,0.163057394,-0.062506642,-0.006726519,0.128412098,0.00549403
bee,bee_07,20,1512,1541,0.120033857,0.141405576,0.154799768,0.114374652,0.135836748,0.106927013,0.076498979,0.051431059,0.026601206,0.041260709,0.030830433,0.511938181,0.2502114,0.226622386,2.258992101,0.890987478,0.883104599,0.050248563,0.52509131,0.523758288,0.22604161,260.1587154,250.0341964,59.42115507,141.0646669,140.759642,31.65860344,224.2193661,195.6665916,188.8251058,197.951858,96.13744661,448.690879,53.38701631,16.16380727,4.710424211,16.95315165,4.493649242,2.477537317,4.481192273,-1.467035199,1.435550301,-1.277287114,-0.194869094,0.755781007,-0.268589169,-0.063051053,0.420530144,-0.087425979,-0.042850844,0.276331418,-0.00236052,-0.074391285,0.199496545,-0.062885086,0.00314678,0.136126798,0.002102168
bee,bee_07,20,1542,1571,0.065176557,0.086790845,0.109949999,0.093757147,0.130379956,0.124347994,0.107995735,0.086651561,0.050801631,0.086404757,0.057743818,0.458435096,0.224137104,0.389597501,1.176689006,0.914998433,0.919392047,0.044787926,0.626897484,0.638641576,0.194757287,298.4059543,291.3654975,78.97586989,153.5697592,148.5935215,29.50105307,215.1315013,205.6046114,229.0321498,224.345439,138.1153733,659.839527,64.48431745,13.8961365,4.880650233,13.47066825,2.820790003,2.593281916,2.944310477,-1.401126373,1.489514421,-1.227771378,-0.096277324,0.744614777,-0.213073609,-0.247943167,0.45181068,-0.131327036,0.031947573,0.217614006,0.040798499,-0.114448774,0.154705592,-0.102979787,0.006837578,0.100352036,0.004494557
bee,bee_07,20,1572,1601,0.050146242,0.06225241,0.073685706,0.060258885,0.083594468,0.085747308,0.088672802,0.092340937,0.070414396,0.171651604,0.161235242,0.303286367,0.143853353,0.584314981,0.519046022,0.913489333,0.912261459,0.039122557,0.628185789,0.63347469,0.171057155,398.6897073,432.885579,133.7474471,152.9645809,149.6814534,30.97906229,245.2331029,213.1979646,390.847002,422.297297,236.7414929,739.02027,57.58599511,13.85045454,4.546763719,13.24408326,0.106594803,3.766496626,-0.351754903,-1.076810473,1.618938082,-0.845325648,0.199586175,0.897049696,0.233960799,-0.241409779,0.417028522,-0.213819655,0.065258261,0.292254652,0.043306003,-0.114974502,0.168204245,-0.094281894,0.013204038,0.123588412,0.019282206
bee,bee_07,20,1662,1691,0.064594863,0.08544208,0.108117178,0.092489604,0.129406659,0.124427712,0.108800612,0.087589918,0.051370749,0.087663157,0.060097467,0.454441153,0.221896264,0.395521904,1.148965832,0.907617484,0.905970609,0.038991133,0.5689629,0.548304272,0.188992054,343.2816862,327.4643216,105.5787973,137.7186214,133.308003,26.06315969,230.0046963,186.1528349,324.1230424,316.722973,148.9797888,620.249156,49.98784299,16.572394,4.371990862,16.76289304,1.847554367,3.621605237,2.395087871,-2.17673564,1.623693263,-2.036638204,0.229894046,0.796300005,0.334769042,-0.34408198,0.551284302,-0.272649132,0.024242286,0.302149886,0.04378464,-0.123956207,0.22172243,-0.109332789,0.026452382,0.162081034,0.034469239
bee,bee_07,20,1692,1721,0.145801902,0.150262843,0.146754622,0.101133637,0.116216462,0.092349225,0.070340589,0.052406752,0.030021833,0.052519556,0.042192577,0.456453947,0.217350099,0.247481308,1.844397665,0.875723259,0.85955713,0.052847396,0.482949256,0.426536504,0.209325658,244.9240535,225.4833459,73.4916908,133.6269452,130.9801655,29.15722972,221.7999606,188.0303224,163.4182006,171.558277,111.3277239,475.08446,57.08611673,17.47908074,4.06595662,17.30409398,4.596857652,2.736929131,5.186029565,-1.200986808,1.295482215,-1.017137549,-0.397384096,0.833552059,-0.436896644,0.012183467,0.467135003,0.053349589,0.034461594,0.281681145,0.033966844,-0.13128008,0.207003573,-0.111459399,0.035670758,0.114826813,0.03181672
bee,bee_07,20,1722,1751,0.058985141,0.078621237,0.099403223,0.085179872,0.120867783,0.120537149,0.111620625,0.096087545,0.059430995,0.104697593,0.064568838,0.425988027,0.206047654,0.436405595,0.976128701,0.902810447,0.901438675,0.045634363,0.565357595,0.554425242,0.202994953,325.4865448,319.3476838,93.11459414,138.7535247,132.8205215,31.41888477,232.4896417,199.6477782,288.4793746,250.73902,148.031085,633.445946,49.2880132,17.17101014,4.266837246,17.91494266,2.357248375,3.352104474,2.349643832,-2.109508945,1.751447638,-1.835706218,-0.006214576,0.839849377,-0.047143347,-0.344852663,0.563813836,-0.311217247,0.077516279,0.310793091,0.073005632,-0.160894237,0.224389515,-0.152405817,0.031009382,0.151297083,0.037560389
bee,bee_07,20,1752,1781,0.067848398,0.082836169,0.096035636,0.076564408,0.102091501,0.097866396,0.092467031,0.087196951,0.06117216,0.133081671,0.102839679,0.37255794,0.178655909,0.476757493,0.781441184,0.887549072,0.890899783,0.041689399,0.493290397,0.499060882,0.192730932,319.1391546,291.0373303,115.423589,128.975594,124.3711365,26.50633143,212.0861429,190.9093498,285.2726777,250.73902,169.9288959,725.82348,42.58964226,18.01729834,3.966572122,18.61184732,2.398639982,4.38530395,3.053787694,-2.193760377,1.651462106,-2.06276843,0.130417958,0.855211508,0.249613187,-0.21102527,0.534711857,-0.229067057,0.027783976,0.326065398,0.012184825,-0.122240294,0.221735052,-0.103836986,0.023665961,0.180360906,0.028737791
bee,bee_07,20,1782,1811,0.082431447,0.107149838,0.131928127,0.109118516,0.145671081,0.130200477,0.102970197,0.072557581,0.036812933,0.05058166,0.030578144,0.5169182,0.254789597,0.293500516,1.76121735,0.907345299,0.905851276,0.040285911,0.563745499,0.55456291,0.203539274,291.2405446,284.2347712,52.30568192,140.0537704,135.8774429,29.65874533,216.3762445,203.895406,246.2989786,237.54223,93.63075505,475.08446,61.68499821,16.45346355,3.4702353,16.97730374,3.682923029,2.20237246,3.342243458,-2.198222138,1.431379657,-2.08378227,0.083273227,0.74128945,0.118053741,-0.118537111,0.470502416,-0.107533685,-0.086420573,0.27816494,-0.075191621,-0.054595043,0.226677665,-0.056290633,-0.022161175,0.147799611,-0.013048967
bee,bee_07,20,1812,1841,0.102056415,0.125967445,0.145612286,0.113199725,0.141343877,0.116899484,0.08620288,0.058113402,0.029606599,0.045841086,0.0351568,0.517055371,0.254543602,0.254920768,2.028298342,0.900343971,0.894154637,0.04307952,0.548449946,0.526611394,0.21208589,275.9151666,266.7103085,70.20254939,141.5205152,133.9795674,33.06811072,227.5889669,202.9998388,202.0218964,211.148649,120.8791742,607.052365,52.58721082,17.93973945,3.651868248,18.4974351,3.801222961,2.763776385,4.22905068,-1.800568543,1.474474466,-1.879543304,-0.034059124,0.620316602,-0.04122349,-0.02572096,0.390967748,-0.012041118,-0.107466898,0.325562707,-0.090325951,-0.009309105,0.183707882,-0.019250244,-0.008026364,0.133778735,0.004821067
bee,bee_07,20,1842,1871,0.109773687,0.11730366,0.118436218,0.083976218,0.100480029,0.086875416,0.076544988,0.069330558,0.047535472,0.101593439,0.088150315,0.389767882,0.184456248,0.383154771,1.017259632,0.893594533,0.897827519,0.053549838,0.560349283,0.568387836,0.209264878,273.3679741,252.7538709,93.05000608,144.6160164,146.9502871,29.20913856,222.9085232,188.7290714,196.4718442,184.755068,130.8405159,461.887669,58.08587362,15.75109671,3.872765715,16.0841479,3.380713593,3.325503119,3.762747254,-1.170480709,1.142790035,-1.128080561,-0.257189149,0.73749045,-0.243641372,-0.06287732,0.380763233,-0.096044968,0.027939468,0.258755755,0.031613846,-0.082018657,0.167631744,-0.07706596,0.004765424,0.109981615,0.023219561
bee,bee_07,20,1872,1901,0.092595981,0.112828926,0.131219807,0.104494509,0.136345584,0.121222778,0.097813503,0.07213523,0.038777344,0.057936774,0.034629563,0.493282679,0.240840093,0.301292415,1.637222364,0.887479458,0.885309627,0.045654305,0.502179434,0.489287513,0.198925564,270.1900341,263.1423707,70.57655046,134.2963592,131.3433163,27.45766215,227.3002251,189.2812701,214.3553454,197.951858,119.278461,541.068412,55.58648144,18.66917967,4.318309589,18.88217306,4.17109421,2.549454329,4.227691989,-1.862771983,1.688209149,-1.575437118,-0.019597379,0.856295782,-0.024870848,-0.161152588,0.486254394,-0.068123421,0.001069586,0.281024514,0.020165725,-0.094884077,0.212703157,-0.076995286,0.007031763,0.140621642,0.022301496
bee,bee_07,20,1902,1931,0.125515767,0.144948202,0.157143231,0.115889335,0.137534796,0.107400134,0.074841893,0.047790266,0.023306344,0.034801252,0.03082878,0.517967497,0.253424132,0.211568534,2.448225574,0.892297749,0.887369084,0.049444729,0.549042209,0.55548263,0.212052395,250.3586917,239.4368955,46.68247105,146.1593542,148.3244088,31.34898845,206.0302127,201.7748789,158.8548244,171.558277,74.43545322,290.329392,55.48650581,13.82901146,4.52841,13.61438011,4.482576841,2.020161148,4.344501465,-0.999212128,1.064950829,-0.856789687,-0.378206974,0.655484477,-0.299172543,-0.029579894,0.305733783,-0.015046719,-0.012701716,0.203081634,0.0038827,-0.084065616,0.158575527,-0.051277235,-0.008158433,0.106824045,0.009967564
bee,bee_07,20,1932,1961,0.149277043,0.156626892,0.155690478,0.108182275,0.123317097,0.09419683,0.06627502,0.044344168,0.023226738,0.039228847,0.039634612,0.48138668,0.231499372,0.212709385,2.263119138,0.904364397,0.91082389,0.04964191,0.612859072,0.6275579,0.202492912,262.2316531,263.0244287,47.05583501,159.2573871,157.2580194,33.01498948,216.6683522,209.0572592,144.7946924,158.361486,79.44564354,303.526183,58.28582496,12.56619773,4.404971896,12.37941366,3.912044541,1.809335803,3.563873939,-0.668399275,1.046163395,-0.517640841,-0.332612841,0.521437157,-0.314777378,-0.055021973,0.288208093,-0.036049328,0.01023788,0.209185954,0.009572712,-0.066012463,0.110775086,-0.05256891,-0.001678352,0.091584427,0.014321834
bee,bee_07,20,1962,1991,0.109879276,0.133526961,0.151063636,0.114949994,0.140536671,0.113885605,0.082802522,0.055224095,0.027683683,0.040487042,0.029960516,0.520435906,0.255486665,0.236157857,2.203762825,0.8966529,0.898954399,0.048560999,0.562541006,0.584877596,0.212522612,257.6533867,256.801603,51.98472835,147.0063502,149.1602961,31.01147332,225.0639144,201.0225538,170.8182701,184.755068,85.63771818,382.706926,54.98662726,13.30997484,4.721372213,12.69489798,4.250388572,2.083607023,4.17399681,-1.103639828,1.177056236,-0.864819981,-0.327990248,0.699993316,-0.337785139,-0.039929993,0.312229835,-0.013657115,0.011395522,0.200504302,-0.013670071,-0.104338449,0.174130898,-0.070703851,0.008493791,0.116133947,0.014580906
bee,bee_07,20,1992,2021,0.075529963,0.086703707,0.097166775,0.077262596,0.104819275,0.102933182,0.097667984,0.089396373,0.059808415,0.120911633,0.087800095,0.382181829,0.182081871,0.455584501,0.838882422,0.906845703,0.901631737,0.04112154,0.582223497,0.567176688,0.188933677,335.1469999,321.8316956,108.2210877,141.132421,137.9914617,27.58629769,211.2868415,197.0319688,296.0027785,263.935811,163.0172534,659.839527,49.88786726,15.30232,4.278501513,15.31418894,1.789660002,3.710376524,1.913441931,-1.857207963,1.538736872,-1.639032665,0.210472509,0.857278036,0.197363343,-0.248696135,0.469337905,-0.243098898,0.040193666,0.278069797,0.040869096,-0.133987159,0.187109313,-0.112726999,0.021131758,0.124011528,0.016715775
bee,bee_07,20,2052,2081,0.104543236,0.124742771,0.140872167,0.108606151,0.136349196,0.115403059,0.088496242,0.062328779,0.032535293,0.048892773,0.037230334,0.501230573,0.244955347,0.269483421,1.859968127,0.899374701,0.892683848,0.053520588,0.570146935,0.528015332,0.22726813,270.4118229,257.45764,62.97919186,143.9164441,136.6101737,34.31733761,234.8295042,204.520895,192.155137,197.951858,90.64631402,369.510135,54.48674886,13.23053444,3.857237356,13.81938447,3.989527896,2.267462031,4.140372908,-1.333189331,1.212677932,-1.114302961,-0.394643929,0.625533747,-0.364712013,-0.005038243,0.363490588,0.03871431,-0.040148161,0.195377617,-0.019558575,-0.102339943,0.144979823,-0.087423817,0.012579948,0.103992444,0.014107467
bee,bee_07,20,2232,2261,0.125693645,0.144959698,0.156352375,0.114638802,0.135489729,0.105886745,0.074522991,0.048496256,0.024114973,0.036603198,0.033241589,0.51236765,0.250128531,0.216979007,2.361369691,0.9081773,0.908502728,0.048477418,0.621219028,0.641702043,0.203793975,267.8808465,263.2604344,50.62600714,157.1179739,158.5803155,29.40215577,219.0219675,199.2015192,173.1616254,184.755068,76.01878709,316.722973,56.58623832,12.31302267,4.491966812,11.52638568,3.779728393,1.882633567,3.607299228,-0.879357259,1.035966659,-0.79387523,-0.380372441,0.63199352,-0.355323836,-0.082120929,0.291262472,-0.084745072,-0.004899864,0.228917337,-0.001397283,-0.080707998,0.140756575,-0.075146348,-0.018909606,0.089972779,-0.004698262
bee,bee_07,20,2352,2381,0.088421529,0.105724479,0.122944785,0.099449986,0.133424558,0.123444005,0.103784026,0.079103985,0.043152471,0.063368845,0.037181331,0.479263335,0.232874545,0.326590657,1.467474113,0.906879466,0.909828402,0.043455787,0.594432475,0.592525013,0.189944256,293.5191276,287.8728073,62.32957029,145.5040825,142.4944361,29.21393136,220.5248526,197.3069056,231.3755052,224.345439,109.9913919,395.903716,44.68913161,12.81959042,3.838844422,13.08093215,3.24233091,2.180409873,3.039514309,-1.793079187,1.576823649,-1.510617776,-0.106405088,0.6810308,-0.087732818,-0.13925471,0.397204442,-0.082266873,-0.030834081,0.23446505,0.008591384,-0.07121026,0.170255847,-0.071985776,-0.013326897,0.104080824,-0.005988641
bee,bee_07,20,2562,2591,0.090924194,0.112877048,0.129469559,0.099728457,0.124942568,0.107555705,0.087801004,0.069903115,0.042281978,0.077192308,0.057324065,0.461696289,0.224671025,0.33450247,1.38024777,0.901285765,0.903449565,0.041780484,0.569148662,0.567834963,0.184741697,294.9780748,267.5137327,100.8425142,144.1013347,140.9996542,28.46118644,231.6129376,191.5404862,223.3587633,197.951858,148.1037616,541.068412,53.08708923,14.60896242,4.12064893,14.90189416,2.837429089,3.36019333,3.523413692,-1.443220983,1.427363656,-1.356340089,-0.067010174,0.780193156,-0.122236234,-0.20371762,0.447809096,-0.136758584,0.009570631,0.259693953,0.036742508,-0.103935262,0.173839278,-0.093984398,0.002958688,0.111993033,0.011186051
bee,bee_07,20,2592,2621,0.096859498,0.117176531,0.135142818,0.106719036,0.137893396,0.121040515,0.096228836,0.069673194,0.036635932,0.05225614,0.030374104,0.500795764,0.244612432,0.285168206,1.756141651,0.891846628,0.894539785,0.046450838,0.516200548,0.483871226,0.207762023,267.6817705,257.2647056,63.93290859,138.5069871,132.8040379,29.33542508,214.1366367,194.9662583,206.5852725,197.951858,111.0816879,448.690879,51.48747833,18.15158378,4.639721549,18.7086782,4.274127613,2.456274893,4.292223383,-1.70183484,1.601982592,-1.508383308,0.021082976,0.916713609,-0.062962864,-0.109413001,0.487052668,-0.058932173,-0.016423485,0.323120653,0.003806236,-0.07908592,0.223282809,-0.07979021,-0.016667453,0.145568277,-0.001257813
bee,bee_07,20,2622,2651,0.122148273,0.138726526,0.14901587,0.110138158,0.132825294,0.107762891,0.079824102,0.054971575,0.028466627,0.043005136,0.033115548,0.499742213,0.242963452,0.239382987,2.087626269,0.900062952,0.899445397,0.047473065,0.5699709,0.577496782,0.210239959,262.3192929,257.7458559,50.09451906,150.0519646,147.5303121,33.23588432,219.3851615,201.8532088,167.7349078,184.755068,96.73835168,435.494088,60.18536298,15.11924134,4.522050251,15.63954544,4.166641954,2.013821201,4.041636612,-1.159450596,1.280938302,-0.916416464,-0.21332965,0.715651214,-0.197979146,-0.034418368,0.355433979,-0.042485471,-0.061558194,0.239199852,-0.043014308,-0.064823779,0.135560016,-0.052042393,-0.003227061,0.109215219,0.007923226
bee,bee_07,20,2652,2681,0.071661774,0.089565456,0.109461712,0.092770896,0.130899609,0.128622335,0.114865428,0.092619259,0.052693549,0.079201839,0.037638145,0.461754551,0.223670505,0.377018219,1.224753947,0.905485293,0.901737503,0.044317395,0.594308804,0.580349777,0.194608125,289.4119571,285.5561659,66.16090457,149.0243864,147.4426188,30.91898391,224.1923871,203.4000783,212.6286625,211.148649,107.7439118,382.706926,50.2877701,14.84802836,5.463823578,15.05919744,3.2302508,2.289370423,3.285711062,-1.54535034,1.754231672,-1.152496698,-0.150834438,0.657287045,-0.137452682,-0.240406856,0.450193652,-0.156165776,-0.008836067,0.244457733,0.012223951,-0.083674618,0.183392668,-0.062411151,-0.024302223,0.112116888,-0.013267643
bee,bee_07,20,2682,2711,0.111449422,0.137391028,0.156762048,0.119358571,0.14476621,0.114867046,0.080634605,0.051352313,0.02465642,0.034487718,0.02427462,0.535753875,0.264124781,0.215405675,2.487185513,0.904299865,0.903447319,0.046217667,0.588563594,0.587345821,0.200400829,279.516465,274.531216,66.34326207,149.3036031,150.4331486,28.76431113,228.1079121,193.3936995,200.9118858,197.951858,128.4762541,527.871622,57.38604377,14.68167505,5.668595171,13.92389848,3.571971054,2.279869165,3.528503842,-1.464755823,1.52460728,-1.094298846,-0.030376359,0.713139621,-0.054685589,-0.14788049,0.457585523,-0.13523964,-0.046060556,0.258149023,-0.003111953,-0.070045743,0.175058193,-0.060756894,-0.002630503,0.136884506,0.017150717
bee,bee_07,20,2712,2741,0.120262637,0.144387931,0.160477912,0.119524108,0.142007689,0.110383493,0.076417421,0.048530545,0.023481977,0.03313909,0.021387196,0.532393202,0.261531797,0.202956229,2.623192224,0.880044,0.87736067,0.048488796,0.468415619,0.42327747,0.218609497,252.0687074,243.9263316,63.55976978,131.8078927,125.9224368,30.81923282,231.8323937,191.1550491,183.0283847,197.951858,104.5690923,488.28125,51.48747823,16.72442278,4.584594116,17.28542404,4.904859543,2.650634445,4.962075078,-1.714874137,1.524112143,-1.687970131,-0.204092845,0.7230458,-0.271579086,-0.028404178,0.460227274,-0.017670774,-0.063341943,0.341213275,-0.03971276,-0.069237907,0.20311546,-0.047602089,0.00490111,0.13893033,0.009000277
bee,bee_07,20,2742,2771,0.103047185,0.128355046,0.149756172,0.117124782,0.146432526,0.12016631,0.086548792,0.055689909,0.026608664,0.03718442,0.029086194,0.533479791,0.263557309,0.235117978,2.268987658,0.90485086,0.900095563,0.042152089,0.583359157,0.593109221,0.203305651,270.767669,264.8126845,50.05560654,148.6218866,148.1139588,29.84196724,225.9251765,200.3942809,198.8151996,211.148649,83.01793136,382.706926,50.38774577,13.41013615,4.74289892,13.00080125,3.947590406,2.073847257,3.842009494,-1.454800161,1.369591788,-1.247921703,-0.255088131,0.575303999,-0.165319504,-0.057275097,0.261020963,-0.054529177,-0.079240896,0.243105785,-0.052056281,-0.051171671,0.139328466,-0.044855921,-0.018485904,0.102115548,-0.008282667
bee,bee_07,20,2772,2801,0.084779334,0.104009151,0.122547616,0.099300956,0.132733426,0.122208502,0.102749847,0.079110162,0.044032839,0.067753965,0.040774202,0.4767905,0.232034382,0.334421016,1.42571931,0.900577108,0.896646928,0.050642291,0.559272118,0.532515257,0.225258636,276.3063571,268.6942723,66.25876914,144.8207223,142.0467787,33.56523952,235.2114245,202.5069188,208.4352898,197.951858,116.611703,501.478041,66.3838555,16.58119481,5.17065088,16.55277458,3.941497434,2.412020961,4.084591932,-1.502651392,1.531957614,-1.390873574,-0.050148031,0.859464714,-0.093843173,-0.148622258,0.495498927,-0.126130603,-0.010658388,0.281057812,0.02630193,-0.109574786,0.190325949,-0.089900824,0.019998262,0.117237649,0.014835961
bee,bee_07,20,2802,2831,0.122588541,0.127879883,0.125886289,0.087051739,0.100647156,0.082160545,0.067523569,0.058204044,0.03981995,0.092393454,0.095844829,0.395745729,0.187698895,0.353785847,1.118602489,0.893076687,0.888203918,0.05065027,0.560444906,0.551680556,0.20600312,274.0345074,237.2789655,102.239626,145.6815969,142.5825009,30.98124139,219.628381,203.0353588,197.7051891,184.755068,168.1968664,633.445946,55.68645714,15.81552878,4.577004442,15.13415228,3.396928278,3.219101551,4.249844313,-0.953547898,1.19440593,-0.955448904,-0.291180673,0.757838083,-0.225914828,-0.097575988,0.392778556,-0.064376603,0.058494404,0.2626651,0.039242796,-0.121880659,0.16187949,-0.100198263,0.03331578,0.136357024,0.036795394
bee,bee_07,20,2952,2981,0.053550753,0.07854685,0.105268728,0.091790693,0.128241942,0.121822904,0.1059068,0.087015318,0.053523589,0.100933036,0.073399386,0.447124267,0.220032635,0.42077813,1.062612896,0.895570789,0.891242984,0.038442493,0.51142969,0.498250952,0.188268377,313.9740149,293.4984853,103.941941,131.4918723,127.2769744,27.21182267,233.3115553,192.26803,282.065981,250.73902,137.4656607,607.052365,45.7888642,18.71281187,4.170219811,18.57970289,2.552978981,3.960404925,3.308136011,-2.270909025,1.650921651,-2.375078937,0.134123121,0.829807148,0.054648847,-0.283342215,0.522847249,-0.2724839,0.016371609,0.362205895,0.014239382,-0.110471991,0.230933833,-0.097518542,-0.002193691,0.177132773,0.003025488
bee,bee_07,20,2982,3011,0.043287958,0.055893798,0.068544855,0.057354602,0.080216455,0.081041513,0.080857608,0.081931152,0.063021787,0.170342474,0.217507798,0.287157425,0.137571057,0.613660818,0.467941601,0.895236332,0.89257251,0.044865265,0.538810251,0.488155938,0.198886081,354.3736086,328.9661325,142.3855323,139.3420199,135.3689314,30.47309927,225.5384006,200.1387036,318.2029868,263.935811,210.5182321,712.626689,60.38531429,15.96470712,4.565332104,16.65290086,1.126088903,4.602966025,2.175222054,-1.307533496,1.713064639,-1.195030509,0.007753175,0.883943372,-0.088889509,-0.199576018,0.500464751,-0.154851434,0.046941661,0.2388271,0.037661987,-0.162097342,0.196155173,-0.127870488,0.025502521,0.120500479,0.022795634
bee,bee_07,20,3012,3041,0.095242799,0.119264241,0.138449104,0.107471418,0.13419778,0.11246936,0.086702641,0.063996601,0.036476848,0.063835737,0.041893472,0.492587662,0.241669198,0.292905298,1.681730123,0.893543929,0.89386272,0.046632154,0.515250211,0.525609764,0.217381497,289.244374,272.0077522,90.57418367,133.2642079,130.9091309,29.58590644,220.5031089,192.5702198,249.3823409,224.345439,119.2096842,501.478041,46.48869397,16.71003287,3.910141185,17.44898475,3.581518836,3.493998533,4.185540988,-2.007272102,1.428602616,-2.088405401,-0.086182219,0.857022637,-0.110491905,-0.103329119,0.467404744,-0.094500022,-0.07498056,0.31714787,-0.052595152,-0.096063209,0.226420518,-0.089405119,0.000938542,0.143013965,0.013353711
bee,bee_07,20,3042,3071,0.085552988,0.105402132,0.126935354,0.105457781,0.14361734,0.132313602,0.107632697,0.076985704,0.038814648,0.050595251,0.026692505,0.508324077,0.249075121,0.300720804,1.690352213,0.898108562,0.89268956,0.035905314,0.519951602,0.491953529,0.187022096,282.1316703,283.7623337,49.75760596,136.2237411,127.5146967,28.6600747,225.4334755,192.8284048,232.4855155,237.54223,95.73238245,395.903716,50.58769712,18.34357409,3.720198201,19.25245148,4.023951758,2.0991756,3.958652801,-2.343987991,1.659499507,-2.581580292,0.181134789,0.706442286,0.236329861,-0.229832546,0.427769861,-0.231410684,-0.071410941,0.30178602,-0.01925024,-0.046707328,0.203687405,-0.056205724,-0.033993088,0.129732373,-0.01295981
bee,bee_07,20,3072,3101,0.087741536,0.10400282,0.117891257,0.092376575,0.120049781,0.108774675,0.09291316,0.076127899,0.046747948,0.087628071,0.065746278,0.439092289,0.212426356,0.369163356,1.189425446,0.913311951,0.915564688,0.04698759,0.614201456,0.655053035,0.214134664,311.9983165,306.1383857,94.47658415,150.8796378,151.0761106,33.2611798,236.2269513,206.7890211,237.4188952,224.345439,159.5554448,646.642737,61.88494963,16.31012996,4.999791756,16.24450169,2.530434542,3.218051598,2.64821985,-1.467235663,1.461258468,-1.307146307,0.155499077,0.866792934,0.196786631,-0.184914721,0.467728876,-0.139494809,0.04062714,0.268988989,0.047968311,-0.116808279,0.204680892,-0.077884041,0.034304437,0.123369174,0.036612436
bee,bee_07,20,3102,3131,0.088774965,0.107395996,0.122742368,0.095840301,0.12317771,0.109955034,0.092995782,0.075969728,0.046447829,0.083676105,0.053024184,0.451715412,0.219018011,0.352113627,1.282868307,0.904967941,0.907176875,0.050974914,0.574977342,0.57011397,0.223729906,338.5961414,332.9947475,106.9050861,140.05141,139.0972003,30.58526085,233.5719669,197.9378595,305.0061964,290.329392,160.7908134,699.429899,60.08538727,17.72067467,4.961014468,17.51034353,2.130251663,3.837305288,2.100509004,-1.933361948,1.53262562,-1.820925552,0.122395331,0.89401796,0.136983452,-0.267892028,0.530167274,-0.233956048,0.07053099,0.311231744,0.051705666,-0.163131651,0.20807657,-0.138622014,0.041274418,0.156062662,0.036402686
bee,bee_07,20,3162,3191,0.072342938,0.085610057,0.097547121,0.077414745,0.103231094,0.098618853,0.091890037,0.084814102,0.058571336,0.127513139,0.102446579,0.376811812,0.180645839,0.465235193,0.809938324,0.90509468,0.908732892,0.043267532,0.573444289,0.583251154,0.201506444,324.4963724,318.8077379,104.3806912,140.5329538,138.6346124,27.96965341,219.3251151,188.8403747,284.1626673,263.935811,150.2719715,541.068412,58.68572764,17.29650155,3.912596204,16.8377551,2.033658093,3.890038147,2.253912261,-1.903072272,1.329400192,-1.803195287,0.181017688,0.854686614,0.233559044,-0.158262594,0.501633185,-0.132134851,0.007840731,0.308959093,0.036546543,-0.123247063,0.201210162,-0.116021473,0.031755205,0.130958691,0.038848536
bee,bee_07,20,3192,3221,0.10614107,0.123665894,0.137988478,0.106296268,0.134250999,0.114959367,0.089487057,0.064133808,0.03403706,0.05194705,0.037092949,0.493495111,0.240547266,0.276697925,1.783515768,0.89783454,0.89710938,0.04453718,0.549676467,0.549162782,0.190264787,274.8491228,266.6256551,61.80601786,139.9027926,137.1078098,28.07558665,220.1837335,194.6026342,213.1220005,211.148649,110.1803655,501.478041,56.68621394,15.27988551,3.613575302,15.66840537,3.90803171,2.176287788,3.945993788,-1.70709811,1.43943091,-1.814584611,-0.064533958,0.721664213,6.74E-05,-0.148291123,0.382353355,-0.135477216,-0.014259613,0.257332141,0.020633729,-0.07082849,0.157749629,-0.069774531,-0.015682095,0.11143151,0.00436786
bee,bee_07,20,3492,3521,0.084070293,0.104735006,0.125635547,0.10306474,0.138285837,0.126137456,0.103469043,0.07684345,0.041279282,0.060942215,0.03553713,0.49312358,0.241350577,0.31807112,1.550356346,0.906101347,0.904399069,0.042658328,0.570470086,0.558573525,0.20279306,298.6988257,298.3458741,65.69692569,141.2740149,133.8791231,29.73866356,220.2159959,195.0130301,251.8490307,250.73902,114.6695371,554.265203,55.48650572,15.88249129,4.410009316,16.37522194,3.341867411,2.391568915,3.152972657,-2.129755962,1.624403977,-1.969013527,0.048550881,0.752704286,0.019840958,-0.25864091,0.45410535,-0.236429093,-0.042313687,0.276862246,-0.003247629,-0.094726033,0.18138175,-0.098945108,-0.027158471,0.122364272,-0.015218062
bee,bee_07,20,3522,3551,0.109012993,0.123728884,0.134636516,0.102227652,0.129008844,0.112624756,0.091278023,0.068800502,0.037890165,0.057450651,0.033341014,0.478497769,0.231236497,0.288760354,1.657075709,0.892188399,0.894211586,0.046520771,0.52809076,0.514894048,0.19865653,269.2063649,261.8706526,67.69056941,139.4916803,131.9643341,30.02199814,219.174632,197.4580419,189.9351162,184.755068,114.0136743,461.887669,62.68475514,15.51493553,4.009981267,15.94507114,3.963919528,2.464248977,4.065205762,-1.642524059,1.643964936,-1.240491661,-0.000871853,0.771701678,0.003815954,-0.196315632,0.496557151,-0.094132696,0.013995421,0.25371484,0.034899542,-0.088224034,0.189140702,-0.057863515,0.006330501,0.125055468,0.019570199
bee,bee_07,20,3552,3581,0.072755382,0.093014921,0.114217018,0.09550716,0.130792544,0.122653027,0.104361146,0.081656047,0.046875813,0.079735509,0.058431433,0.463169749,0.226299704,0.371059948,1.248234286,0.903124222,0.906410132,0.051600486,0.589721521,0.62147198,0.22382761,275.171216,267.2043002,76.12210939,150.6840646,152.8268539,31.88468108,217.3088348,196.0843345,196.8418477,197.951858,113.7968088,501.478041,49.08806177,14.01040429,5.882175946,13.42644567,3.623544556,2.695028227,3.536206018,-1.202970315,1.301332122,-0.861650855,-0.347671921,0.727925896,-0.297910791,-0.050956941,0.374666525,-0.048647218,-0.03365513,0.264788184,-0.008420828,-0.077493337,0.182785365,-0.065682175,-0.012902087,0.146741488,0.002084814
bee,bee_07,20,3612,3641,0.078001284,0.095475038,0.111089732,0.088882925,0.118433482,0.111417346,0.099466947,0.084577699,0.052628712,0.095515772,0.064511062,0.429823486,0.207316408,0.396700192,1.083497046,0.910627758,0.916115835,0.048275539,0.603075351,0.618681026,0.219537055,308.0588304,301.82152,90.8991265,148.1075228,149.1931827,30.54451645,226.5509892,200.6917568,256.6590759,237.54223,135.9415002,633.445946,61.68499828,15.86618486,5.382913372,16.90905904,2.748494245,3.269582146,2.636239559,-1.672905986,1.419615323,-1.365447437,-0.095058942,0.834136429,-0.202352336,-0.142193673,0.462482891,-0.112764145,0.01318628,0.316815761,0.009296045,-0.105168618,0.22037281,-0.093381743,-0.000889263,0.140541999,0.008427308
bee,bee_07,20,3642,3671,0.054807762,0.07651577,0.100340876,0.087416083,0.123605259,0.120026771,0.106652415,0.088570835,0.05424727,0.100876914,0.086940044,0.431388989,0.211021342,0.437287478,0.986511187,0.900598403,0.899730736,0.037243125,0.547255847,0.541441352,0.169282232,334.5278374,315.1436345,111.6485892,135.3402777,130.912867,24.51768121,209.6535014,187.4760486,310.4329139,290.329392,158.3648436,739.02027,43.1894963,17.53823228,3.423329863,17.65284714,1.892844332,3.602539933,2.796251441,-2.25044596,1.742116531,-2.463139731,0.152024541,0.847254322,0.119679131,-0.261027835,0.484531142,-0.307369704,-0.040114622,0.294862524,-0.031227872,-0.11849061,0.194018326,-0.123008395,-0.003668316,0.154467788,-0.008979409
bee,bee_07,20,3672,3701,0.074679155,0.097412062,0.120675371,0.101000212,0.137999328,0.128837076,0.10864617,0.083088246,0.045607933,0.067435937,0.034618511,0.488511987,0.23899954,0.339396796,1.439353561,0.904640183,0.900347264,0.041005317,0.574915124,0.575104931,0.195769162,281.0497947,264.1084005,61.01337337,145.3184478,141.2292461,29.14133609,229.5455564,199.1465968,222.2487529,211.148649,112.7607187,527.871622,58.48577632,15.75102006,5.057023767,15.78972984,3.631468295,2.189961217,3.610296289,-1.671045173,1.594778742,-1.341906215,-0.059841395,0.726477116,-0.018027248,-0.215373421,0.501475125,-0.164374126,-0.014669033,0.272490681,0.000656972,-0.081774183,0.190278731,-0.067697944,-0.003116629,0.126404537,0.008658864
bee,bee_07,20,3702,3731,0.064642494,0.088982979,0.11556502,0.099936913,0.139721325,0.13230301,0.111884971,0.085370191,0.046978033,0.071976418,0.042638646,0.487526268,0.239658239,0.358848259,1.358586131,0.911342431,0.913591894,0.038457351,0.59876893,0.609220558,0.186999271,304.2593056,301.9407452,61.32908107,145.0336848,146.5797422,28.73029344,218.7680675,201.1715912,256.2890724,250.73902,96.80885499,488.28125,46.28874258,16.1167435,5.194652772,17.17220157,2.994140819,2.351789223,2.900372193,-2.019077474,1.558376172,-1.815908157,-0.170513341,0.766309465,-0.239356189,-0.243535088,0.512188718,-0.195168063,-0.030910427,0.259873961,-0.010554395,-0.152386836,0.204495296,-0.123368914,0.009252435,0.116724944,0.012595678
bee,bee_07,20,3732,3761,0.053991747,0.067983026,0.0815778,0.067384613,0.093862432,0.095308931,0.095454775,0.094626289,0.068768223,0.156161236,0.124880928,0.338133776,0.161247045,0.539891451,0.626299556,0.906745285,0.901240498,0.041671368,0.565374332,0.538198121,0.197049007,354.2823767,337.6586614,103.8348923,137.6322919,130.1072575,30.50885963,234.2656382,196.5767701,340.8965333,329.919764,157.2651083,633.445946,47.68840224,18.40202317,3.790292109,18.7120625,1.553128172,3.835035196,2.091347662,-2.214382302,1.663217799,-2.26822188,0.240706166,0.87423116,0.300987565,-0.363547535,0.549090853,-0.349954481,0.075406831,0.368322631,0.036077244,-0.149134331,0.2298377,-0.128970952,0.026952836,0.165365058,0.030113817
bee,bee_07,15,335,364,0.095151123,0.117981859,0.140004327,0.1129716,0.1475748,0.128433188,0.098108571,0.065826628,0.03149727,0.039557813,0.022892821,0.528983915,0.260546399,0.257883103,2.051254649,0.888759607,0.888317396,0.040427717,0.47708909,0.461361973,0.193592064,274.8015753,278.1407999,51.04179267,128.0014668,125.1554534,24.78831956,220.1220348,180.9960633,243.2156163,250.73902,78.35479115,369.510135,43.48942339,18.07571859,3.500437954,18.51880782,4.598751438,2.226299482,4.356742064,-2.50724633,1.381620804,-2.668604669,-0.002797905,0.67940012,0.020415183,-0.102302709,0.439476121,-0.061621365,-0.149788928,0.295816826,-0.132745808,-0.015378277,0.194172088,-0.038414678,-0.045096056,0.136951712,-0.02439151
bee,bee_07,15,350,379,0.096734176,0.119798237,0.140584806,0.111711213,0.143526674,0.123154993,0.093993593,0.064478841,0.032293271,0.044760783,0.028963413,0.518977686,0.255237887,0.2644899,1.96218338,0.909185779,0.907059313,0.040942811,0.574827031,0.571523815,0.202972408,303.2712057,301.3498418,60.84101185,138.3764092,131.1460054,29.71286872,220.8215702,209.528781,265.2924902,263.935811,97.70243138,567.461993,47.78837783,16.34972695,3.824924549,16.34227342,3.335264384,2.451360863,3.211040388,-2.319475083,1.418953275,-2.540049412,0.040005299,0.635853977,0.11101514,-0.263847343,0.434798403,-0.349879316,-0.083610312,0.277843127,-0.03947137,-0.054068253,0.165099552,-0.044278707,-0.051813345,0.113306335,-0.03691949
bee,bee_07,15,410,439,0.109584859,0.128790529,0.144415902,0.111129451,0.1391369,0.116552622,0.087285332,0.059108038,0.029521469,0.042183266,0.032291633,0.511234875,0.250266351,0.250389737,2.041756504,0.897471424,0.895550106,0.039822417,0.559088986,0.547760436,0.179583915,263.180613,264.413226,46.58482897,145.2195989,142.4351586,28.10508316,209.9071629,195.1373416,197.2118512,197.951858,88.72422462,435.494088,48.2882563,16.62594606,4.186140404,16.69234428,4.130257958,1.797061448,4.043518925,-1.375003315,1.309894929,-1.476430044,-0.264293769,0.664972166,-0.308239989,0.015321963,0.353171356,0.009483693,-0.115302349,0.229466198,-0.088877314,-0.048659405,0.129416007,-0.04602982,-0.002315473,0.097917605,0.008896592
bee,bee_07,15,560,589,0.032851293,0.045391369,0.06097619,0.055914785,0.08596914,0.095176775,0.099884367,0.100463777,0.073436716,0.17426793,0.175667656,0.29803689,0.141883925,0.623720447,0.477837294,0.912913107,0.91003764,0.03665661,0.597410134,0.609789103,0.183084512,395.3379357,401.8428702,111.6659153,142.4516407,137.3057353,28.95298229,218.7910301,193.401132,378.266884,395.903716,164.8372386,699.429899,56.88616527,17.05920877,4.091889051,18.16017367,0.07538512,3.976165482,0.007434303,-2.011962047,1.625678495,-1.734460858,0.282037959,0.903454879,0.334236251,-0.295334567,0.513731665,-0.279187788,0.089685482,0.314547266,0.096065549,-0.165127232,0.200366685,-0.177237895,0.036363846,0.150783502,0.034847067
bee,bee_07,15,590,619,0.037307764,0.050259668,0.065183931,0.05787008,0.086494668,0.093595757,0.096756903,0.095887506,0.068933261,0.160777414,0.186933048,0.303144436,0.144364748,0.609288132,0.497538717,0.914269566,0.919236701,0.041256602,0.624201461,0.646336188,0.186544194,348.5054773,315.839087,118.9517492,149.1204504,148.6012997,28.66711478,227.0858392,200.4909019,304.7595274,250.73902,170.47178,699.429899,49.68791595,13.0476306,4.539242745,12.73847332,1.094320762,3.695524384,2.216225608,-1.333136765,1.596869175,-1.126519472,-0.031796586,0.861856782,-0.133331608,-0.216662813,0.449410533,-0.172379692,0.034623464,0.270806224,0.001551838,-0.133298402,0.186088552,-0.131363179,0.027246244,0.125455491,0.021873752
bee,bee_07,15,800,829,0.033518244,0.04650369,0.062730454,0.05789615,0.089693919,0.099318772,0.101774378,0.096397387,0.064984611,0.136614505,0.210567891,0.309639295,0.147590068,0.610338772,0.507323653,0.90339503,0.919827803,0.072011908,0.602622214,0.629603397,0.214905373,416.5711813,405.5141101,132.5813975,145.6397252,140.9702133,31.81496669,231.3449776,205.5727122,417.8572557,395.903716,198.3302634,739.02027,69.68305306,16.68011242,3.994151407,16.25767942,-0.228154915,3.332878534,0.114151269,-1.331220528,2.375493322,-1.691121454,0.251023389,0.944599851,0.381749411,-0.406740637,0.562480816,-0.515873877,0.109943653,0.266059701,0.11721515,-0.163841812,0.200950307,-0.174369326,0.032756016,0.142144711,0.051803459
bee,bee_07,15,860,889,0.064238787,0.086123186,0.109046982,0.092586538,0.128078383,0.121727133,0.106029434,0.086131008,0.051461951,0.090623721,0.063952876,0.451439036,0.220664921,0.39819899,1.133702112,0.918942584,0.918358308,0.034843244,0.639242197,0.658180785,0.16692593,332.5729426,321.1363634,87.82264248,146.5241083,143.0613506,26.84872365,225.4069893,202.939437,298.5928028,277.132601,149.2261501,699.429899,51.48747827,12.50182007,3.002664937,12.33989591,1.94302475,2.844336322,2.410414178,-1.876807294,1.354523451,-1.996029179,0.110337154,0.705083769,0.144149981,-0.204400944,0.396385575,-0.159634617,-0.045208812,0.234930101,-0.036446257,-0.07907683,0.150024227,-0.058939796,-0.004208533,0.101988211,0.001244293
bee,bee_07,15,1080,1109,0.136581125,0.157968611,0.168871649,0.121241535,0.138053936,0.10112694,0.065196656,0.038565365,0.018017043,0.027550365,0.026826775,0.529294061,0.259295471,0.176156203,3.004685902,0.881727266,0.871635403,0.049682551,0.527107211,0.491008989,0.203412755,239.463042,230.3815025,50.84306923,145.0964832,144.8192777,30.16170614,226.4075425,194.8281507,147.1380478,171.558277,80.62961139,329.919764,51.68742973,15.04649652,4.9970383,14.73262322,4.611477322,1.99907362,4.753744031,-0.743728278,1.137746644,-0.688618132,-0.44703144,0.567157708,-0.420155321,-0.003852476,0.358052655,-0.013426987,-0.034483995,0.218418359,-0.002967425,-0.073746787,0.140936683,-0.060477866,0.007476222,0.107158505,0.002447752
bee,bee_07,15,1180,1209,0.097457811,0.118434424,0.135072004,0.104621427,0.132267463,0.114070714,0.090867547,0.067924446,0.037790772,0.060634714,0.040858678,0.486031607,0.23688889,0.298076157,1.630561839,0.896810498,0.897421724,0.047104076,0.550797045,0.549657469,0.203536343,278.3106401,275.1144674,77.71944476,139.8130818,135.382892,31.03066441,228.6324477,206.079454,213.738673,211.148649,126.5218309,514.674831,53.88689471,17.8840127,3.798100232,18.25255803,3.648595717,2.692285675,3.691594306,-1.59530477,1.460703599,-1.660321028,-0.132222499,0.818593034,-0.13134451,-0.111056982,0.440177286,-0.060307756,-0.015163639,0.290819661,0.016201261,-0.105323645,0.188657401,-0.083964523,-0.002292478,0.120044389,0.008491751
bee,bee_07,15,1200,1229,0.078831803,0.095939305,0.111327096,0.088993811,0.118393215,0.110874355,0.098348281,0.083414139,0.052238557,0.097244473,0.064394964,0.429588477,0.207387026,0.395640414,1.085805347,0.894397516,0.893715415,0.042081295,0.54286399,0.51829493,0.186904293,277.0004624,262.6142475,85.17096253,141.7888588,133.4994071,29.16931614,217.2155457,194.2893101,214.7253489,197.951858,137.0052992,527.871622,48.58818341,17.57666661,4.716067237,18.12499022,3.39804015,2.959488059,3.942012242,-1.530247273,1.663529829,-1.114422048,-0.08909319,0.792555418,-0.005462873,-0.176790416,0.46493479,-0.084672468,0.016948708,0.268648639,0.005708093,-0.091303871,0.194511523,-0.074123872,-0.001883651,0.138076506,-0.00522068
bee,bee_07,15,1260,1289,0.098122793,0.112335908,0.126147454,0.099802041,0.131512055,0.119174757,0.097802579,0.072630973,0.03893012,0.058422679,0.045118643,0.476636306,0.231314095,0.312904993,1.523262067,0.912828109,0.9100997,0.039741671,0.631694421,0.639209234,0.168039783,287.7609996,284.6258047,57.32315066,153.6859841,152.8223979,29.78050977,240.0550062,209.4614916,202.8852378,197.951858,116.1207284,541.068412,54.9866273,13.93749892,3.438429987,13.98396792,3.163566687,1.764827784,3.296846996,-1.346541086,1.483081127,-1.370266999,-0.128514396,0.655981384,-0.093331759,-0.107484708,0.376956685,-0.091196536,-0.073694052,0.201734614,-0.070473667,-0.057412356,0.133645963,-0.051641171,-0.012926806,0.092766876,-0.012882055
bee,bee_07,15,1320,1349,0.125338781,0.144830354,0.156984509,0.115626141,0.136834115,0.106252653,0.073430039,0.046489306,0.022640507,0.035001568,0.036572026,0.515697418,0.252460256,0.214133446,2.408299248,0.902299923,0.893442763,0.047716175,0.601318586,0.586781903,0.197724942,260.6153936,250.8514682,49.26150275,155.3392964,154.7658628,30.58273736,218.4919515,204.7942785,167.6115733,171.558277,71.57276075,316.722973,44.78910735,11.74804774,4.126619619,11.37145549,3.949096805,1.747982074,4.063235567,-0.77404035,1.11072467,-0.62005666,-0.489148784,0.552579628,-0.412349524,-0.008862323,0.312195876,-0.001017351,-0.025354248,0.210794744,0.007754065,-0.067445886,0.135493989,-0.048330443,-0.009869184,0.08846891,-0.002694301
bee,bee_07,15,1564,1593,0.082024242,0.108770627,0.134580169,0.110673999,0.14598246,0.128310212,0.099888932,0.069694357,0.035359224,0.049725865,0.034989913,0.51954684,0.256656459,0.289658291,1.793654304,0.909140004,0.905922016,0.041442169,0.595978834,0.580922945,0.194625738,284.266078,280.5952956,50.36261558,146.2644183,137.9992939,30.83357724,226.0889758,207.7777224,223.4820977,224.345439,81.06253767,422.297297,45.38896146,15.0523619,3.614315052,15.24580552,3.663685602,1.881773202,3.615536712,-1.667201388,1.312344947,-1.627753802,-0.30209054,0.659973269,-0.379206523,-0.011705445,0.344890186,-0.002967485,-0.148163302,0.2456491,-0.102455878,-0.039364327,0.144780734,-0.024624821,-0.031379334,0.097401495,-0.023470656
bee,bee_07,15,1594,1623,0.102744743,0.121229644,0.137082446,0.106755653,0.136059421,0.117293442,0.091402556,0.065174855,0.034315602,0.05185821,0.036083428,0.497190963,0.242815074,0.278834651,1.783103215,0.898690352,0.893409503,0.048308139,0.566866722,0.536176188,0.210785938,265.3461059,252.4675553,56.10204453,148.3637586,144.4377357,32.46257039,226.7092662,206.2259471,171.9282805,184.755068,91.4449059,316.722973,58.38580064,16.50131132,4.862674108,17.21999825,4.041104106,2.040442082,4.178238612,-1.208542217,1.477741822,-0.943720291,-0.238619446,0.708984013,-0.229732021,-0.091781947,0.440730093,-0.026475821,-0.01688866,0.26747433,-0.013101862,-0.08788367,0.182358495,-0.062014706,-0.000425146,0.114390396,0.007881233
bee,bee_07,15,1624,1653,0.089301717,0.107743081,0.122228075,0.094695833,0.121046704,0.108043761,0.091962913,0.075641366,0.046283351,0.082930443,0.060122756,0.446014372,0.215742536,0.356940829,1.249547086,0.919870656,0.917749442,0.04524806,0.659785217,0.65248776,0.196910139,301.2504208,297.5517001,71.13793264,160.1516375,152.5759024,35.57155673,238.6993493,220.9706416,202.6385688,184.755068,137.3201935,712.626689,65.88397706,13.83368811,4.027649844,14.08161567,2.743127954,2.209803477,2.602409062,-1.159616318,1.571181284,-0.662739406,-0.194650779,0.649987504,-0.115998489,-0.210554089,0.402174234,-0.120768607,0.00919636,0.181323733,0.017094546,-0.082576214,0.152697002,-0.061280166,-0.016413564,0.08253421,-0.011332446
bee,bee_07,15,1690,1719,0.062183968,0.072557565,0.08158005,0.064480864,0.087211609,0.087470087,0.088552861,0.089875931,0.066700457,0.15567728,0.143709328,0.32074261,0.151692474,0.544515857,0.589041819,0.906553702,0.906306802,0.043336168,0.610155879,0.620534207,0.17714882,299.2873345,277.000712,103.5710154,152.1562579,153.1270071,27.55309138,219.6361001,201.0883236,232.9788536,211.148649,158.3098766,739.02027,62.88470649,15.61916096,4.55394335,14.69529959,2.557102726,3.132368508,3.446735489,-1.061174971,1.290962123,-1.024634931,-0.267356649,0.773846474,-0.318283457,-0.090123301,0.422779214,-0.081244789,-0.014623387,0.27897558,-0.006941117,-0.095120495,0.177130721,-0.074497299,0.00022446,0.097268206,0.003519877
bee,bee_07,15,1714,1743,0.098360197,0.113698202,0.125720777,0.096486353,0.122833021,0.108630357,0.090391506,0.071840535,0.042693119,0.07542101,0.053924923,0.453670508,0.219319374,0.334271093,1.357193359,0.917701336,0.921401563,0.043335063,0.638987722,0.667310328,0.196300994,311.400749,299.0810776,81.35355723,152.5942372,151.1076037,30.21902229,223.1692405,208.5344996,238.7755747,224.345439,140.7883862,541.068412,65.28412293,13.53783502,3.53851304,13.492721,2.507296036,2.797433247,2.697139945,-1.569029338,1.389221919,-1.403381413,-0.004594828,0.709312545,0.000641073,-0.15401854,0.406997758,-0.091705725,-0.037192581,0.235245699,-0.000812484,-0.077974501,0.168562813,-0.070150176,0.012805827,0.107331855,0.016403299
bee,bee_07,15,1744,1773,0.053706412,0.077707114,0.104932923,0.093227696,0.133459219,0.129783463,0.113274249,0.090264248,0.052405739,0.089254343,0.061984594,0.461403301,0.226686915,0.407183173,1.133159061,0.90497486,0.898950851,0.034983392,0.545248943,0.507467554,0.187824053,321.9669096,311.7910995,85.84391501,135.6596419,127.7780717,27.26802451,221.5761468,190.5753925,293.7827576,290.329392,127.5293473,514.674831,50.58769707,17.03501366,4.370367883,18.13215501,2.474403179,3.340791551,3.071544195,-2.600826666,1.664848137,-2.594516224,0.286823905,0.746786062,0.480786127,-0.33079129,0.535368609,-0.317543956,0.000634981,0.326537108,0.036152221,-0.092027448,0.215335516,-0.077740983,0.003725898,0.15237762,0.020584859
bee,bee_07,15,1774,1803,0.063622515,0.080235439,0.097902336,0.082526657,0.116358769,0.116134113,0.1083725,0.094607853,0.059555541,0.108596859,0.072087416,0.412921876,0.198885426,0.44322017,0.931640534,0.914004392,0.914300629,0.044860943,0.601449189,0.590687461,0.20959343,316.9362961,320.2213277,76.56319402,144.266858,140.1030284,30.07683107,224.4280182,198.7350469,276.1459255,263.935811,108.0257178,461.887669,59.38555752,15.6676649,4.430077719,15.65064248,2.637713221,2.982375004,2.620226434,-2.111489113,1.425958945,-2.327799169,0.084682206,0.765524234,0.035110582,-0.181672498,0.433162901,-0.149352509,-0.017113462,0.289859964,-0.013198388,-0.073247934,0.188167665,-0.064100312,0.000135929,0.136117659,0.003951717
bee,bee_07,15,1804,1833,0.080100211,0.105548508,0.129059453,0.104988283,0.137717992,0.122096657,0.098527989,0.073853548,0.04101381,0.065069913,0.042023637,0.493862386,0.242706275,0.320488896,1.540965666,0.916546457,0.918621886,0.041013029,0.628684563,0.634161333,0.190476055,294.5790283,287.1717853,60.58792663,150.8331814,148.2101502,28.70105436,214.1725413,204.2623061,235.0755399,224.345439,97.80184002,435.494088,53.28704052,13.26617777,4.154306888,13.41260424,3.180006867,2.106757007,3.150274901,-1.607796301,1.271065214,-1.617640181,-0.066451891,0.706598988,-0.083035101,-0.183068212,0.371078881,-0.126681257,-0.00637517,0.250903692,-0.03223587,-0.087822062,0.149793182,-0.082398706,-0.013597215,0.097998705,-0.00212645
bee,bee_07,15,1834,1863,0.075890966,0.096296738,0.117056865,0.097258758,0.133163515,0.125799245,0.10810359,0.084463515,0.047236973,0.072024967,0.042704868,0.473278383,0.230422273,0.354533913,1.334931204,0.908751528,0.91146478,0.041360363,0.588364538,0.612383241,0.184442005,292.7418094,291.5371746,61.31533923,145.6050652,140.2786618,28.85938388,218.2955001,194.4125911,236.4322193,237.54223,109.825493,607.052365,61.88494958,14.89999272,4.640832722,15.06987101,3.332695136,2.157230883,3.375834166,-1.85009696,1.486677198,-1.728012356,-0.057047174,0.813344952,-0.122862047,-0.18690728,0.422936211,-0.109513412,-0.027365568,0.279259729,-0.009403784,-0.096864058,0.199671351,-0.066513033,-0.001935257,0.121829338,0.000335342
bee,bee_07,15,1864,1893,0.154257333,0.162108215,0.158662158,0.107026569,0.117020368,0.084922553,0.05783941,0.039335209,0.021983724,0.042599825,0.054244638,0.467631647,0.224046936,0.216002806,2.164933209,0.90739071,0.898819985,0.047986536,0.642869058,0.61292773,0.174609953,260.8344177,248.5061812,52.82308216,161.917647,159.5838218,24.90197044,217.2116759,205.1355637,146.7680443,171.558277,76.37978851,343.116554,58.58575206,9.669740924,2.617551309,9.594010722,3.602954294,1.457690184,3.875817225,-0.374927529,0.698809677,-0.342884823,-0.426025856,0.47359082,-0.404696933,-0.097043424,0.269224277,-0.083223448,0.031083335,0.155816884,0.02291883,-0.061726392,0.088645221,-0.056214771,-0.017509327,0.073812098,0.003218072
bee,bee_07,15,1894,1923,0.16944757,0.169013156,0.157598726,0.102848195,0.110082517,0.079085083,0.054237214,0.037659652,0.021521397,0.042799882,0.055706608,0.449614521,0.212930712,0.211924753,2.121576248,0.917146134,0.926626879,0.050538974,0.683703761,0.732172563,0.185117665,272.5297663,275.0896219,52.52152986,172.9456809,175.9797003,27.28789447,227.4763569,206.3381174,136.7779506,158.361486,77.50111337,316.722973,66.08392848,9.233494644,3.156313102,8.800629838,3.332932729,1.55485862,3.006895788,-0.246696851,0.604645302,-0.20313434,-0.452621191,0.531747358,-0.375963273,-0.084239383,0.239839405,-0.06938242,0.036464627,0.145479401,0.024415081,-0.068583471,0.104640015,-0.055172872,-0.020163163,0.077478292,-0.0035253
bee,bee_07,15,1924,1953,0.131261555,0.147537587,0.156038259,0.113191816,0.133164243,0.104179363,0.07385826,0.04859533,0.024354769,0.0366307,0.031188118,0.506573682,0.24635606,0.214627177,2.360249478,0.889101478,0.880866514,0.052882034,0.546355724,0.504671493,0.215317978,249.1386343,248.406125,51.5566992,146.0450866,139.6563143,32.2780367,219.7025022,201.3402028,162.5548591,171.558277,75.34283375,343.116554,50.48772146,13.82830221,4.762922347,13.62513369,4.445263406,1.985750307,4.567573352,-0.864812176,1.179239954,-0.637557939,-0.381901178,0.663755401,-0.334759031,-0.045115054,0.283010895,-0.062202809,-0.002435928,0.22817715,0.009045124,-0.068319986,0.159930729,-0.058154692,-0.016195307,0.112637383,0.002478282
bee,bee_07,15,1954,1983,0.053568803,0.061571372,0.068795148,0.055021552,0.07718101,0.082405969,0.088485967,0.092733262,0.069396726,0.165191156,0.185649035,0.283403679,0.132202561,0.601456146,0.471195914,0.897289191,0.894348787,0.045025204,0.555983935,0.556837948,0.199617128,310.7068554,265.8286304,130.1817821,146.4408694,145.1662257,31.45199907,231.3286636,198.0964764,233.2255226,184.755068,194.9016282,725.82348,67.08368533,16.57845264,5.611847753,17.31871929,2.063493387,4.310469205,3.336656197,-1.057384962,1.396659489,-0.88741208,0.089010126,0.824100142,0.002721132,-0.141254885,0.479275414,-0.109044048,-0.020750753,0.289662554,-0.002549982,-0.070235558,0.204183557,-0.035909392,-0.001689209,0.123099909,0.007222218
bee,bee_07,15,2044,2073,0.051088708,0.072464193,0.099091973,0.090698054,0.135151255,0.137715207,0.12459748,0.100290966,0.056795549,0.08640217,0.045704444,0.462656489,0.225849309,0.41379061,1.118093254,0.905196378,0.903024639,0.039119468,0.572443083,0.570212338,0.179016869,314.4492606,313.5927068,79.97536362,139.4219284,134.5393585,26.97515925,226.3526357,192.3729056,276.0225909,290.329392,124.5535776,527.871622,45.48893717,16.71575102,4.301098403,17.30727669,2.652771807,2.700389448,3.082574302,-2.261670333,1.747511025,-2.563664681,0.059414598,0.658081627,0.1681968,-0.342237076,0.424482187,-0.337446562,-0.032314841,0.278753872,-0.023803025,-0.102401064,0.21392755,-0.099758999,-0.02418566,0.131209123,-0.012142697
bee,bee_07,15,2074,2103,0.117135032,0.132656076,0.144186483,0.108847684,0.134816201,0.112578487,0.084858737,0.058334325,0.029672098,0.043424597,0.03349028,0.500428855,0.243663885,0.249780036,2.00347819,0.898617395,0.894884274,0.046578621,0.577897385,0.558488305,0.187880627,264.5207766,263.8873757,58.33530631,148.4920652,146.5021934,26.45397781,210.3792967,190.8442352,183.0283846,184.755068,107.8268509,541.068412,60.68524139,14.08853985,3.980013022,13.83757091,3.879912814,1.925500374,3.892417571,-1.147599465,1.317825015,-0.841920462,-0.22676799,0.665264852,-0.199581937,-0.049151562,0.333580023,-0.039990047,-0.003339247,0.255873025,0.026640325,-0.039766372,0.160457205,-0.039711514,-0.028673176,0.107718574,-0.006421282
bee,bee_07,15,2104,2133,0.110369126,0.126953859,0.14003857,0.107186593,0.135149029,0.115977278,0.090381318,0.064124962,0.033104724,0.04670111,0.030013431,0.49835147,0.242335622,0.264325545,1.885370063,0.891016882,0.890143567,0.054633652,0.537525646,0.542921785,0.229220267,257.7661758,250.6308877,63.45040566,143.2094749,143.7698468,31.15804971,212.7840093,193.9621495,177.9716705,184.755068,107.9094525,461.887669,65.18414723,14.66076089,5.258586784,14.97935442,4.393068335,2.397616793,4.431936071,-1.259813397,1.362402236,-0.910765538,-0.203716386,0.769322442,-0.245338136,-0.04087589,0.335736656,-0.013971526,-0.0127941,0.2482187,-0.011349533,-0.053147372,0.184957931,-0.050507652,-0.02152358,0.124781053,-0.006702724
bee,bee_07,15,2134,2163,0.104621955,0.117495371,0.127204218,0.096476146,0.121693805,0.106251639,0.086815707,0.067648522,0.039828806,0.07233785,0.059625981,0.451625808,0.218169951,0.326256866,1.38426453,0.905235713,0.897414618,0.0405139,0.597205408,0.571895331,0.176658605,276.4121858,263.4842057,74.55626452,148.5694846,146.7213815,28.69258324,228.6730258,205.3882642,205.5985966,197.951858,118.3636141,501.478041,51.48747827,11.95911081,3.402285468,12.15839138,3.323453895,2.468288186,3.950842672,-1.254313096,1.268924458,-1.213104246,-0.187209018,0.695203335,-0.314439356,-0.017186271,0.329971345,0.002547011,-0.061527926,0.241020591,-0.016455858,-0.039015256,0.145759276,-0.030472684,-0.011444242,0.09307122,0.001528861
bee,bee_07,15,2164,2193,0.078117033,0.09261274,0.10542049,0.08325122,0.109600174,0.10154249,0.089623548,0.076926535,0.049929508,0.105328952,0.107647309,0.399814374,0.192851394,0.429455853,0.930978985,0.924198838,0.926331917,0.038018964,0.672449701,0.682621408,0.172031923,325.7624269,310.9580026,99.00268033,158.7686287,158.7584877,27.64832657,221.735056,205.704195,267.6358456,237.54223,162.98361,633.445946,59.98541162,12.86229165,3.32592928,12.79839145,1.870834361,2.974942407,2.59270542,-1.249338912,1.225684416,-1.122575912,-0.093394316,0.722669075,-0.235898857,-0.145496237,0.35101792,-0.146123903,-0.010624477,0.199011635,-0.038974352,-0.090225702,0.135626524,-0.066719399,-0.005362635,0.091310039,0.00362528
bee,bee_07,15,2254,2283,0.094506387,0.117450054,0.137405751,0.108814007,0.140061113,0.12180991,0.095621758,0.068234378,0.03542831,0.050194757,0.030473576,0.508090781,0.248875119,0.279952778,1.814916019,0.906105042,0.909545228,0.047451604,0.578025299,0.593775888,0.224120085,285.6833235,286.9020239,62.08228541,145.9790626,144.931428,32.3862534,227.9031421,198.4953168,230.5121637,211.148649,97.9083882,554.265203,55.48650574,15.33063541,5.475982738,16.07127244,3.70466036,2.483094681,3.294963382,-1.734940461,1.561203652,-1.52955155,-0.089938372,0.701929311,-0.07255905,-0.152680078,0.455371887,-0.120481957,-0.052158978,0.274492318,-0.015213298,-0.050393209,0.188120142,-0.047765616,-0.027666365,0.135614065,-0.017308642
bee,bee_07,15,2284,2313,0.110983452,0.12860671,0.141750975,0.10755,0.133468684,0.111948504,0.085452329,0.060208976,0.031609195,0.048595527,0.039825646,0.494718164,0.241018684,0.265691674,1.862001009,0.901763862,0.896986851,0.055137377,0.590689027,0.575674589,0.225174458,267.3843055,259.3851312,61.34919543,150.3864361,152.3218599,31.73087847,233.0231391,205.5589073,183.6450572,184.755068,99.34566231,475.08446,62.08490102,14.62143736,5.019861315,15.13047834,3.950699326,2.188789741,3.968792469,-1.03829982,1.172950406,-0.778901365,-0.301979727,0.696622569,-0.247879242,-0.045060732,0.312699372,-0.029665347,-0.000588907,0.224964246,0.020811374,-0.075179349,0.171894431,-0.066351949,-0.018550828,0.10145669,0.003190535
bee,bee_07,15,2314,2343,0.146836604,0.16203699,0.166650978,0.116867451,0.131489932,0.096417603,0.063388152,0.038889033,0.018848129,0.029652502,0.028922627,0.511425964,0.248357384,0.179700442,2.845991688,0.880256849,0.872707451,0.054498697,0.509526733,0.499294282,0.229413059,237.9536605,230.030437,50.06385172,141.478673,140.9032295,33.70873123,227.8704207,196.1787008,142.5746717,171.558277,71.98890173,263.935811,50.38774581,16.13063685,5.206475995,16.52607577,4.905593884,2.256227271,4.705811105,-0.8719051,1.121564156,-0.701440367,-0.434984247,0.679072125,-0.308606542,0.018545873,0.347319025,0.003234337,-0.016787959,0.258867354,0.025198958,-0.092517057,0.172848931,-0.064632987,0.013590412,0.120449359,0.024325306
bee,bee_07,15,2344,2373,0.046849377,0.054031365,0.060936594,0.049121644,0.068896909,0.07285285,0.078131056,0.084802771,0.067991252,0.187986444,0.228399737,0.251807997,0.118018553,0.647311261,0.389006051,0.891660021,0.887267104,0.041127908,0.542214266,0.528689129,0.177672734,288.1730335,255.7497775,117.8303,143.5619202,139.4746654,29.56997008,225.6734676,195.2973515,203.2552412,171.558277,178.4619508,633.445946,58.28582494,15.99203499,5.218524537,16.02207071,2.469826438,3.88682938,3.471152293,-1.096896506,1.601308775,-0.633795928,-0.144718278,0.843600424,-0.095351491,-0.209989771,0.493714128,-0.079723835,0.101027606,0.270267991,0.086122226,-0.148485176,0.189063218,-0.110737087,0.019352634,0.132546147,0.028900044
bee,bee_07,15,2524,2553,0.117396449,0.139286832,0.15528623,0.117295397,0.142391811,0.113708291,0.080271795,0.050928327,0.024078575,0.033126546,0.026229747,0.528681728,0.259687208,0.21463499,2.463166549,0.874180383,0.868887073,0.051106246,0.464778415,0.421764817,0.214546129,239.3127237,233.2120519,49.4759713,132.4132065,129.6543731,28.27545765,191.6201743,180.5412588,167.8582423,184.755068,80.49187968,369.510135,54.48674889,18.60209923,5.309204625,18.53856822,5.217829281,2.230915021,5.165768708,-1.370733289,1.384381576,-1.095322811,-0.377174481,0.72443185,-0.341947397,-0.011161667,0.33570529,-0.021574613,-0.008081029,0.280842025,0.019016638,-0.097859398,0.207029079,-0.075437495,-0.016165064,0.147231433,0.009653929
bee,bee_07,15,2554,2583,0.066572539,0.087620876,0.110022301,0.09367859,0.131169546,0.127079587,0.112220788,0.090414828,0.052058371,0.081974119,0.047188456,0.461950023,0.224848136,0.383856562,1.203444384,0.896816334,0.894073975,0.042253452,0.556184329,0.540443408,0.178556637,279.4949489,269.2796237,65.04645558,141.2060215,139.002453,27.71911557,222.1360501,200.1055217,219.782063,211.148649,113.5497933,541.068412,48.88811046,14.41759141,3.9578324,14.25045417,3.620142716,2.136090186,3.820650607,-1.613942138,1.665092356,-1.738166124,-0.197535121,0.765842807,-0.257595593,-0.178736312,0.527377209,-0.133163274,-0.026953023,0.264458632,0.003256714,-0.10814763,0.181138741,-0.101998247,0.005947162,0.120723309,0.008981231
bee,bee_07,15,2584,2613,0.124676934,0.149961462,0.166418452,0.123222471,0.144498426,0.109200513,0.07196438,0.042441335,0.019037336,0.026012036,0.022566654,0.543339862,0.267720897,0.182021741,2.985027275,0.881255541,0.874780078,0.046458651,0.48872392,0.485427339,0.20880765,246.4483487,242.7493208,48.1218361,135.671152,131.9561762,30.0153712,206.2549349,187.3900086,177.3549981,184.755068,83.2130258,409.100507,46.78862108,14.26889464,3.923101077,14.91292882,4.951385946,2.146461338,4.893029579,-1.423026345,1.334988401,-1.245373717,-0.343652595,0.6316626,-0.351697842,0.049956048,0.29731345,0.040419438,-0.113857914,0.260997406,-0.080035469,-0.046493983,0.17390366,-0.052709715,-0.017423612,0.111233661,-0.010893599
bee,bee_07,15,2614,2643,0.091943853,0.107766545,0.123009492,0.098483597,0.131952473,0.123158932,0.105179762,0.081311685,0.044486929,0.063059247,0.029647486,0.476604494,0.23043607,0.323685108,1.472432565,0.884776377,0.891597496,0.044500701,0.50486504,0.503365231,0.181772738,264.3580587,255.0468228,63.97419891,135.8704458,132.2146709,25.7012761,219.9208367,181.9440891,199.0618686,184.755068,103.7639106,382.706926,51.28752695,16.33482999,4.479009547,16.78676676,4.1617273,2.264528238,4.087204181,-1.678645573,1.745311524,-1.198050808,-0.194186262,0.81928672,-0.273985628,-0.178723795,0.497943039,-0.072020156,0.043848973,0.265629022,0.046656834,-0.130263049,0.201617985,-0.099718409,0.017496325,0.125311662,0.022426334
bee,bee_07,15,3050,3079,0.143743755,0.156753399,0.159723711,0.111570989,0.1259213,0.094010022,0.064651203,0.043052998,0.02294441,0.039734987,0.037893224,0.491226023,0.23749229,0.208276822,2.358524671,0.907657906,0.911712758,0.0481668,0.619405939,0.636815932,0.200681363,268.5730387,263.3871779,53.74358651,157.9308785,155.6016494,31.40912335,222.0859213,198.7601084,163.6648696,184.755068,89.68322807,435.494088,59.4855332,13.69470644,4.642386663,13.57518739,3.71092024,1.998491796,3.398261443,-0.870580111,1.110534328,-0.735583769,-0.295238088,0.622895963,-0.162491449,-0.122392748,0.34149956,-0.122336343,0.020244804,0.219751775,0.031901579,-0.097747497,0.123892906,-0.084324853,-0.000909854,0.114263396,0.018481973
bee,bee_07,15,3260,3289,0.111405531,0.13010035,0.144366837,0.110058833,0.137045571,0.115039215,0.087265043,0.060308557,0.030615132,0.043406008,0.030388922,0.506510457,0.247104404,0.251983661,2.010092457,0.918224373,0.918748781,0.048829914,0.64288738,0.634930063,0.23088345,286.1539018,279.7382609,62.0214351,162.7154446,157.9982502,37.30728381,232.43962,219.3276882,170.0782631,184.755068,113.0220037,712.626689,65.78400137,11.91598417,5.307191071,10.68055982,3.402979068,2.221879567,3.211320889,-1.093283562,1.499928215,-0.556418669,-0.11270528,0.708381082,-0.169508124,-0.076144942,0.369253488,-0.070261448,-0.065084083,0.231217558,-0.019296936,-0.033992445,0.127519552,-0.0369587,-0.019216144,0.099916874,-0.002120722
bee,bee_07,15,3320,3349,0.045489971,0.058955569,0.074037769,0.064276464,0.094245276,0.09985077,0.100846142,0.097324189,0.068181178,0.151273644,0.145519028,0.332410278,0.15852174,0.563144182,0.590275615,0.909103044,0.907798736,0.037583087,0.591889755,0.585742226,0.173646544,336.4022029,330.5794359,107.2914472,144.4927049,138.7474803,28.47543668,221.1961853,204.3215909,293.9060921,290.329392,169.4019406,699.429899,54.08684612,16.33179161,4.224078101,16.11732705,1.463733013,3.660316866,2.381124435,-1.78340877,1.63594036,-1.469006085,0.195019888,0.900002082,0.17733329,-0.304318596,0.456678042,-0.258617567,0.044951946,0.295685291,0.044626562,-0.137282802,0.197049754,-0.124368689,0.000422869,0.134581534,0.015772884
bee,bee_07,15,3380,3409,0.083453446,0.110483247,0.137894555,0.11465656,0.152516817,0.134044099,0.102521667,0.068576556,0.032734278,0.041108167,0.022010609,0.53911203,0.267173377,0.266951276,2.019514713,0.891788691,0.888282249,0.04310012,0.512175922,0.519624563,0.210730092,271.1328389,261.9176099,62.79892286,136.0675776,133.8952065,29.37938575,217.9462788,193.4343263,215.9586938,224.345439,111.4614476,527.871622,55.48650573,18.31866644,4.728145476,18.59785343,4.273860657,2.548877064,4.243693215,-1.982778537,1.648706707,-1.978932017,-0.042809121,0.693842129,0.047708919,-0.087367455,0.402735771,-0.084114707,-0.122352036,0.287611318,-0.077618413,-0.011249761,0.220721776,-0.026261029,-0.040135688,0.158475099,-0.007904479
bee,bee_07,15,3410,3439,0.101213855,0.125024445,0.14380541,0.110912084,0.137239907,0.112657119,0.083233017,0.057179088,0.030140478,0.050187058,0.04840754,0.50461452,0.248151991,0.269147181,1.874864594,0.912303337,0.918460528,0.049500388,0.640507846,0.651337765,0.203658952,274.6634204,271.907387,55.81113247,160.5708207,161.1191261,30.39126639,225.915703,204.1241708,176.6149911,184.755068,83.65718047,409.100507,54.08684623,14.73734708,4.980708693,13.32507984,3.551509522,1.86681308,3.386629688,-0.82652857,1.054334401,-0.625151185,-0.403797314,0.601494001,-0.36724723,-0.076781943,0.339977198,-0.034865852,-0.001249254,0.200169994,0.013122469,-0.09604846,0.170849068,-0.067079441,-0.004611831,0.101560354,-0.005747178
bee,bee_07,15,3470,3499,0.058908944,0.074659562,0.090183172,0.074415568,0.102020378,0.099477979,0.093839922,0.08748441,0.061056998,0.136228578,0.121724489,0.366097097,0.176435946,0.500334397,0.731704833,0.90642901,0.906190412,0.038526253,0.585735972,0.595435019,0.176465787,296.8572274,283.8750463,92.51257901,144.0531988,145.4815856,27.67970364,222.4454131,199.8185879,240.9955955,224.345439,136.3336165,527.871622,53.98687042,16.55391813,3.930446808,17.21848177,2.616190537,3.223612603,3.417662248,-1.598783131,1.393767522,-1.516407006,-0.024859776,0.784272029,-0.083990584,-0.122990651,0.429424326,-0.053381544,-0.025486725,0.263744527,-0.038462346,-0.091728874,0.172651517,-0.069637065,-0.004158519,0.130797443,-0.007985722
bee,bee_07,15,3490,3519,0.06545254,0.077065952,0.08739281,0.069564604,0.09453696,0.094454927,0.093591748,0.091378055,0.06509358,0.14324485,0.118223974,0.345949301,0.164101563,0.511532207,0.676300136,0.904042659,0.900549845,0.043925949,0.565113685,0.525475207,0.202191912,315.3729364,297.9773917,105.4367808,141.7070035,136.9105064,29.28895143,217.6806867,194.4056838,261.0991175,224.345439,151.6717138,527.871622,59.18560611,17.06830756,4.425784966,18.26635082,2.238919668,3.905556778,2.857840756,-1.793423562,1.386134959,-1.529377541,0.170970382,0.89399875,0.163846119,-0.103585649,0.476131875,-0.091231033,0.001328506,0.302362905,0.007067934,-0.108531417,0.198071073,-0.068064292,0.012318702,0.132533246,0.010170721
bee,bee_07,15,3590,3619,0.049738137,0.062535776,0.076243019,0.064599538,0.092484344,0.095351796,0.09375028,0.08853448,0.061609814,0.142519979,0.172632838,0.328678697,0.157083882,0.55904739,0.58792636,0.897705812,0.895865628,0.042940508,0.544718217,0.521731983,0.189564081,329.8537117,296.7475966,124.8167096,139.3152225,135.5031679,29.1852428,218.4325827,198.5061058,294.7694336,263.935811,190.8375784,725.82348,54.2867975,16.73188084,4.605724822,17.05006049,1.969399339,4.084611871,2.909249136,-1.696228885,1.626849415,-1.496579834,0.011778069,0.841013759,-0.014430593,-0.191311674,0.498678283,-0.141560294,0.03539765,0.337337083,0.025764458,-0.102561903,0.209130323,-0.087714068,-0.003200633,0.141531101,0.002266139
bee,bee_07,15,3620,3649,0.088439235,0.112562767,0.135296308,0.10966551,0.143952767,0.126931243,0.099646828,0.0699723,0.035395313,0.048274663,0.029863065,0.515845829,0.253618277,0.283152169,1.8217972,0.908449731,0.910096351,0.047039648,0.592098005,0.613191646,0.224656596,279.8510875,274.6563904,57.32675934,150.6225067,146.9416221,35.58797021,238.4342769,213.2654134,197.2118512,197.951858,94.92992961,395.903716,60.48529005,15.94521318,5.47744406,15.9751651,3.776944555,2.272685408,3.517545973,-1.468939292,1.479156568,-1.001845229,-0.130750421,0.784473632,-0.183428636,-0.025305769,0.337341483,-0.037643255,-0.056989179,0.255718099,-0.029602155,-0.046050542,0.165665837,-0.05173854,-0.022373261,0.123429763,0.001953313
bee,bee_07,15,3650,3679,0.090878672,0.105821794,0.119134689,0.093947384,0.124321893,0.115742884,0.100672328,0.081359134,0.047365649,0.076003068,0.044752505,0.45314685,0.218269277,0.350152684,1.294140731,0.895947795,0.897733923,0.04957184,0.551277845,0.544630428,0.207400614,288.5296384,269.9627917,82.18295229,139.3233134,132.9793243,29.47692042,218.5306271,197.6815855,224.4687737,211.148649,124.4229259,448.690879,54.28679747,15.26789246,4.372482483,15.10461107,3.325017282,2.933949423,3.754173835,-1.718060794,1.622032338,-1.261725579,-0.153823367,0.776021369,-0.132024508,-0.194724664,0.505186714,-0.126736346,0.033334577,0.259919083,0.044801749,-0.11738559,0.180630582,-0.095508179,0.004635412,0.12597339,0.01574895
bee,bee_07,15,3740,3769,0.134933171,0.146476424,0.151324172,0.108953175,0.128832056,0.102652897,0.074914492,0.051046055,0.02640152,0.040981763,0.033484277,0.491762299,0.237785231,0.226828107,2.167995432,0.907427249,0.912632502,0.048278973,0.599734782,0.640803765,0.208635337,283.3118727,278.8946726,61.86906064,149.4669625,148.4808314,31.07105898,213.2393105,197.1678718,204.2419171,197.951858,106.5022433,475.08446,56.68621399,13.3228666,4.373131496,13.85969112,3.530349667,2.328001026,3.249579156,-1.476851649,1.36432078,-1.244760355,-0.195221798,0.604819757,-0.189004063,-0.134567246,0.394505411,-0.095688162,-0.019302229,0.240637377,0.025404723,-0.08217609,0.162564137,-0.068412711,-0.005983104,0.100508088,0.002904448
bee,bee_07,15,3830,3859,0.164434398,0.173970525,0.170835249,0.1148774,0.123906405,0.086707964,0.055008869,0.03350478,0.016706804,0.028366737,0.031680869,0.496327018,0.238783805,0.16526806,3.003163583,0.875831788,0.873782968,0.043405601,0.511676469,0.51535779,0.168776774,232.0572718,227.9964409,40.4610933,141.9237725,141.3128333,25.63598691,206.755373,188.9916418,138.3812989,158.361486,68.87960381,263.935811,48.2882564,12.79727986,3.752888771,12.28297985,4.745000233,1.567746887,4.688857431,-0.560547962,0.821835906,-0.381788091,-0.615287568,0.565157023,-0.549487424,-0.005427764,0.329666992,0.002956791,0.01341691,0.198626853,0.014569139,-0.09623386,0.119386405,-0.076155023,-0.006591527,0.10516926,0.009571738
bee,bee_07,15,3890,3919,0.103303403,0.131468966,0.153646224,0.118866282,0.14616251,0.117863688,0.084327796,0.054904176,0.026835663,0.037475735,0.025145559,0.536538703,0.265028792,0.228688927,2.346150772,0.892378686,0.893099893,0.050318185,0.523644944,0.496715422,0.216963115,266.5380443,260.6202359,59.15547946,136.597291,129.6017604,30.32612843,218.4684135,195.2059334,212.1353246,211.148649,87.28801488,475.08446,50.28777008,14.01202091,3.331816543,14.25787932,4.407502052,2.307211093,4.554646458,-1.625716932,1.270784434,-1.527090888,-0.30300726,0.745144139,-0.307265463,-0.056008135,0.451526078,-0.008040836,-0.066956166,0.251798062,-0.045183924,-0.081377593,0.173645139,-0.090697601,-0.018230432,0.129365423,0.004852994
bee,bee_08,8,120,149,0.072674677,0.08774098,0.103743226,0.085760344,0.118694552,0.115352877,0.103953516,0.087367611,0.053547211,0.097688686,0.073476321,0.423550999,0.204454896,0.416033345,1.018069836,0.917283461,0.914348282,0.039773851,0.623996501,0.616764668,0.187974546,343.9539489,336.4611277,105.3265999,148.8279239,146.119901,29.44909955,228.3135825,203.4162956,304.0195205,290.329392,158.2319325,633.445946,57.38604377,16.53342478,4.721432787,15.64539714,1.50367072,3.522027148,1.949475736,-1.704770756,1.447352822,-1.675485474,0.080025513,0.834616262,0.135360551,-0.235497487,0.434512929,-0.201922939,0.026853909,0.277450058,0.035579063,-0.127739335,0.175307677,-0.114196666,0.010516715,0.122593032,0.020198389
bee,bee_08,8,150,179,0.077635208,0.094666205,0.108875527,0.085833147,0.112856358,0.106022939,0.097140904,0.087117322,0.057321759,0.109203452,0.06332718,0.413587971,0.198689504,0.414110617,0.998737906,0.906856626,0.908602869,0.044198772,0.582811544,0.590477902,0.204841202,290.6606656,281.0866456,77.36320999,148.0624604,144.5071426,33.44202414,231.1074736,213.6887196,209.7919693,197.951858,135.2199097,567.461993,61.88494962,17.10176886,4.947522459,16.98014362,3.143964262,2.85281519,3.278858789,-1.548036363,1.634837023,-1.284975515,0.025943553,0.807327643,0.033177439,-0.234000393,0.561612805,-0.133578277,0.015185482,0.289135017,0.04941226,-0.119719182,0.228534376,-0.070563366,0.019747594,0.140923616,0.013580327
bee,bee_08,8,180,209,0.138266105,0.157410327,0.16545737,0.117116248,0.131831649,0.096009056,0.062629655,0.038736996,0.019495521,0.033893231,0.039153842,0.510414323,0.248947897,0.193909245,2.632233051,0.901291491,0.906423864,0.052577351,0.596991704,0.633433542,0.217526054,260.8399284,258.6710876,53.8800242,153.1377053,155.0710775,33.85168535,231.2000868,210.9017552,170.3249322,184.755068,75.01044826,395.903716,54.38677325,13.89505377,4.38126909,13.59840278,4.05031098,2.02137258,3.691159515,-0.755554581,0.817053202,-0.815561327,-0.542910591,0.591487366,-0.571884557,0.053275075,0.306936859,0.023225865,-0.050307095,0.17734872,-0.054047443,-0.089518104,0.122958837,-0.072291973,0.002147852,0.093592556,0.006303243
bee,bee_08,8,210,239,0.164973386,0.178442117,0.177608688,0.11959463,0.127614559,0.086747998,0.052347703,0.029839324,0.014088741,0.023200142,0.025542714,0.511565874,0.247209189,0.145018623,3.527587438,0.896875825,0.904642651,0.050762423,0.587925931,0.617616828,0.205661733,252.741376,252.5102211,47.42745772,155.6949588,155.4517401,31.98719818,219.6169245,206.0920072,147.5080513,171.558277,70.01600725,250.73902,48.48820778,13.64478527,4.451510249,13.04954454,4.170864952,1.915226609,3.819823069,-0.567813395,0.918892211,-0.523503963,-0.504834511,0.582569704,-0.369366092,-0.011455997,0.289286039,-0.035148414,-0.001643903,0.1669253,0.00229363,-0.089361161,0.134627599,-0.067946419,0.001976001,0.084086728,0.001952185
bee,bee_08,8,240,269,0.09735507,0.12075444,0.1403112,0.110008799,0.13974081,0.11954473,0.092533328,0.065572045,0.034111054,0.048984494,0.031084032,0.509605538,0.249749609,0.272284952,1.871589064,0.896418144,0.893615236,0.044327409,0.532528565,0.511279495,0.203777589,281.4209288,269.3681926,63.94160868,136.3953464,133.8253334,27.10394239,213.6442392,186.6775379,240.7489265,237.54223,96.47735767,395.903716,52.78716216,17.67593016,3.519269648,17.94391513,3.93625758,2.453168744,3.959270451,-2.03961858,1.411421851,-1.970542202,-0.078234606,0.830716745,-0.129356188,-0.085236373,0.450426622,-0.014312949,-0.072132436,0.324943881,-0.035965511,-0.075030135,0.215247487,-0.059818281,-0.023148821,0.12251436,0.001301503
bee,bee_08,8,270,299,0.091248963,0.1123942,0.131272905,0.104429083,0.135819528,0.120474706,0.097548022,0.072792177,0.039738492,0.060121259,0.034160666,0.491996221,0.24024861,0.304360616,1.616491081,0.907673156,0.903212666,0.045878746,0.585682629,0.603063733,0.224197306,281.2008653,281.4337606,59.39907536,152.1107301,146.9128361,36.06407208,231.4231212,213.6960414,187.0984228,197.951858,112.89571,541.068412,59.98541158,17.80412795,6.491816298,18.69887414,3.737252315,2.301830917,3.54485582,-1.494972696,1.72256415,-1.021502151,0.054160736,0.78508664,-0.029168524,-0.221149262,0.456642188,-0.129024819,-0.021667747,0.243243366,-0.00150962,-0.072003016,0.184102364,-0.041853747,0.002519947,0.124048246,0.006752298
bee,bee_08,8,300,329,0.070266357,0.08181562,0.091955191,0.073241037,0.100974069,0.103724025,0.104807894,0.100865391,0.068234422,0.12860168,0.075514313,0.369894323,0.174215106,0.4780237,0.773799128,0.899641254,0.895389313,0.05328935,0.592613501,0.589609953,0.209287888,270.498791,262.5893727,75.84593435,151.3594121,154.0846832,33.06862273,234.3099555,212.4155078,171.4349425,171.558277,113.2360927,607.052365,58.6857277,15.45151871,5.116751162,14.99245998,3.440296488,2.529704638,3.620592949,-0.871579579,1.34568835,-0.748020189,-0.408372873,0.718268839,-0.288829165,-0.152897585,0.428602131,-0.096082191,0.053196454,0.240202058,0.055749525,-0.140881447,0.179250308,-0.095335926,0.015728791,0.123245604,0.018509544
bee,bee_08,8,330,359,0.120080282,0.140660076,0.15543643,0.117011753,0.142158685,0.114018135,0.080863105,0.051171845,0.023787564,0.031013465,0.023798659,0.528625002,0.259170438,0.210634639,2.509677445,0.877693879,0.868752116,0.041984025,0.471017596,0.428190568,0.187811327,244.4556984,235.1311217,50.29692284,133.0351196,129.5916863,27.13151475,204.8356992,188.3094322,177.8483361,184.755068,89.02310833,356.313345,52.78716227,17.42375213,3.419410294,17.85799616,4.93327763,2.050280143,5.20072802,-1.507004166,1.566181717,-1.434660241,-0.216117843,0.648425097,-0.208331754,0.013162943,0.345570255,0.008516133,-0.084039517,0.316891567,-0.048499248,0.00727596,0.170731434,-0.00466454,-0.037759139,0.141444444,-0.013319729
bee,bee_08,8,788,817,0.061911207,0.080197219,0.101034268,0.087239931,0.12443777,0.123058976,0.110783841,0.091512996,0.054736539,0.096286098,0.068801155,0.435770945,0.211677701,0.42212063,1.032337474,0.918035244,0.916766639,0.049105577,0.646867486,0.676156245,0.217828231,307.1517151,303.5036624,77.82676096,159.586266,162.064282,33.52197402,225.0735814,206.9008093,216.5753662,197.951858,132.0110944,580.658784,57.48601948,16.05320013,6.218547564,15.89722361,2.649374158,2.685232014,2.69373512,-1.384370894,1.670043118,-0.939051121,-0.142213485,0.714736431,-0.214403112,-0.210077919,0.454957271,-0.158227958,0.009256679,0.250638596,0.020268643,-0.098516912,0.178611621,-0.059244327,0.0048565,0.103196494,0.005047489
bee,bee_08,8,818,847,0.108061898,0.127587092,0.14055607,0.105063863,0.127625862,0.105304581,0.081598121,0.061413063,0.035507253,0.061845157,0.045437041,0.478550375,0.232689725,0.285800635,1.674420267,0.898092448,0.896584002,0.053718239,0.560660793,0.564299821,0.226914282,269.919754,249.7159141,74.80865734,142.5641261,142.1348374,33.38295801,231.0921917,211.9105563,194.7451613,197.951858,111.6076263,501.478041,59.88543592,17.78030536,4.823658708,17.85718875,3.955772452,2.611443197,4.025435958,-1.27852299,1.119660373,-1.103807771,-0.296687539,0.819369436,-0.290397523,-0.013625762,0.429443415,0.025830415,0.001292144,0.225805911,0.004793929,-0.131186611,0.16044651,-0.085149887,0.037754142,0.10001454,0.031617593
bee,bee_08,8,848,877,0.1503538,0.163285228,0.165600304,0.11498849,0.128364631,0.093503874,0.061397491,0.038099917,0.018976005,0.031701427,0.033728831,0.5024573,0.243353121,0.183903672,2.732176554,0.876630026,0.863546923,0.051189703,0.501000758,0.472263519,0.204562621,236.4578078,228.0579011,49.62088499,137.8056746,138.4466982,28.32652215,208.5637689,184.7784301,153.9214448,171.558277,81.80787742,303.526183,54.28679748,17.26701297,3.358625817,17.10895022,4.86717403,1.99256985,4.921710881,-0.886147244,0.894144337,-1.00366718,-0.555038523,0.599935283,-0.479652934,0.075514423,0.301463872,0.035794186,-0.019257926,0.185276688,0.003366096,-0.110982118,0.148773476,-0.08113128,0.025431866,0.09966456,0.030576228
bee,bee_08,8,968,997,0.086720502,0.091967449,0.092328254,0.065213025,0.077809596,0.067671407,0.062077524,0.0622453,0.04907283,0.138769054,0.206125059,0.303022282,0.14302262,0.518289768,0.584658044,0.883086733,0.881966898,0.051328713,0.505509539,0.494086445,0.204010234,333.0847377,284.9867247,153.4893361,135.9823026,136.00497,27.65303055,213.3295405,186.2189508,290.4527264,211.148649,222.0851441,739.02027,62.68475508,18.950614,4.065334797,19.59779378,1.618409028,4.935425247,3.113419149,-0.947405353,1.565050811,-0.952640747,0.028401973,0.917741069,0.079499748,-0.153707564,0.553066725,-0.081906002,0.017472857,0.300449931,0.024803544,-0.109213812,0.225870206,-0.088170608,0.047694864,0.136416834,0.038488474
bee,bee_08,8,998,1027,0.136491931,0.154933595,0.164032391,0.117820053,0.135394936,0.101241156,0.067347902,0.041423682,0.020020078,0.031419814,0.029874461,0.518488536,0.253214988,0.190085938,2.727653301,0.883699171,0.881032951,0.049644427,0.518267291,0.510861305,0.210231237,240.9602491,234.4543872,45.56318853,142.6047981,143.8648725,31.27563605,214.77112,192.0957803,141.4646612,171.558277,77.05891127,343.116554,59.68548458,16.57666129,4.795584459,16.49218589,4.772678777,2.094485203,4.713590961,-0.926537526,1.032732114,-0.835477495,-0.379523516,0.669006242,-0.281880704,0.028876939,0.382732801,0.013532462,-0.02814149,0.251014271,-0.000112731,-0.082568892,0.172307209,-0.039435689,0.025664038,0.124875515,0.021336348
bee,bee_08,8,1028,1057,0.149724691,0.161752159,0.163366142,0.113328423,0.126994101,0.093679225,0.062963608,0.040235993,0.020416078,0.033642896,0.033896683,0.497367891,0.240322524,0.191155258,2.601905362,0.906905439,0.911025377,0.049494415,0.622163537,0.650569657,0.206477729,264.3264035,257.4800272,51.29719246,159.7873013,164.681972,30.16067941,217.6747649,200.8267191,161.0748453,171.558277,75.80427041,290.329392,55.18657873,13.54999611,4.95025972,12.32328981,3.826599669,1.891523522,3.592557091,-0.730629292,0.93948806,-0.685564243,-0.423651873,0.551937096,-0.450354782,-0.03898107,0.293982473,-0.068911199,-0.027968788,0.178988323,-0.015362017,-0.074020453,0.12874469,-0.068011681,-0.003935459,0.101358975,0.002019864
bee,bee_08,8,1118,1147,0.120936372,0.144601206,0.160886705,0.120205054,0.1430412,0.110583896,0.075042009,0.045883004,0.021346221,0.030434405,0.02703993,0.534716854,0.263246253,0.199745568,2.676989833,0.888477586,0.885663967,0.046898347,0.523600224,0.522324301,0.209846962,249.6861742,247.4653461,42.50176944,142.4080617,144.9407533,29.70357769,204.3740506,187.2285067,165.021549,184.755068,76.97914487,329.919764,54.98662738,15.43916803,4.666546975,15.35036058,4.703829176,1.993664859,4.513173813,-1.224002904,1.229534214,-0.92762631,-0.422136544,0.66425097,-0.323499182,0.02560882,0.318853338,-0.006412714,-0.036813103,0.267585784,0.015223475,-0.076116262,0.169548792,-0.06374208,-0.017196489,0.135406741,0.013540394
bee,bee_08,8,1178,1207,0.11469064,0.13392542,0.148767078,0.113241153,0.139831693,0.114849368,0.083970094,0.055350919,0.027022527,0.038165257,0.030185851,0.516689292,0.253072846,0.234694648,2.201538452,0.895873652,0.890816109,0.044312229,0.545011994,0.529786057,0.203378313,262.7745728,259.9905505,47.31862176,142.8197564,135.2899332,30.84462104,212.251831,201.3078621,183.8917261,184.755068,85.27134355,343.116554,48.4882077,16.13415827,4.705204581,16.63869866,4.293852794,1.972347488,4.252630065,-1.471593006,1.403558778,-1.191892036,-0.226446844,0.682324486,-0.194176333,-0.050726809,0.406823264,-0.039305636,-0.040786012,0.269126933,-0.000460501,-0.067456068,0.183710856,-0.055096964,-0.007926984,0.119200004,0.008568051
bee,bee_08,8,1208,1237,0.140299886,0.158311326,0.166248853,0.11847019,0.135138735,0.100356762,0.066394781,0.040486883,0.019219732,0.028734372,0.026338481,0.520214541,0.253608925,0.181174247,2.871349257,0.874112157,0.873000841,0.048354478,0.477477856,0.471523901,0.198720062,236.1271289,229.4594117,47.15315804,134.5693674,133.1799629,28.49906372,211.3263402,180.7433404,158.1148175,171.558277,84.99378868,356.313345,54.8866516,16.83970882,3.824564306,17.14858737,5.0636203,2.010718591,4.879299874,-1.115122794,1.137806986,-1.010269739,-0.431567964,0.66580947,-0.412915171,0.03965177,0.347514172,0.045308819,-0.039432771,0.239669432,0.000550956,-0.087588793,0.166030168,-0.077305085,0.01174814,0.110158879,0.021344827
bee,bee_08,8,1238,1267,0.093561809,0.106839413,0.114860204,0.084670627,0.101890039,0.08349116,0.065266077,0.052427437,0.03517221,0.09362818,0.168192844,0.384912031,0.186560666,0.414686747,0.928199498,0.894984118,0.904908719,0.050019343,0.553978169,0.540801281,0.201739334,335.1186015,292.4252909,146.1727985,141.7393762,136.29773,28.60250151,230.3537749,191.8942627,297.3594579,237.54223,211.0262152,739.02027,66.3838555,15.30408816,3.031175479,15.27156232,1.747072684,4.289950875,3.01668347,-1.013475369,1.515683613,-1.070851982,-0.116788165,0.74273789,-0.028724774,-0.168291101,0.436730645,-0.134897856,-0.030474371,0.259442379,-0.019869455,-0.09026371,0.17764339,-0.080613001,0.007063857,0.113139887,0.009655037
bee,bee_08,8,1358,1387,0.069003472,0.08963427,0.112486878,0.096081802,0.134493601,0.129187497,0.112197713,0.088691705,0.050389949,0.078409226,0.039423888,0.472249778,0.230575403,0.36911248,1.279419696,0.902030822,0.897878132,0.04232911,0.555325346,0.543848891,0.199079077,293.1279944,283.7330716,75.89020131,139.0597382,133.23554,28.73741703,223.5582162,192.4289048,243.9556233,224.345439,117.8374168,475.08446,50.98759986,16.37514911,4.663523818,16.51249553,3.322707221,2.877600832,3.462531334,-1.997087812,1.452697567,-1.799507011,0.043438528,0.854446892,-0.082682904,-0.16856173,0.477041332,-0.0482331,-0.024016421,0.286821142,-4.19E-05,-0.101728645,0.200339664,-0.06656308,0.017343001,0.14662914,0.019888011
bee,bee_08,8,1388,1417,0.158325655,0.167717929,0.165978042,0.113109861,0.124454447,0.089776752,0.059035039,0.03718475,0.018898041,0.032127131,0.033392354,0.493319102,0.237564308,0.180637315,2.730992225,0.897569403,0.899425103,0.051472645,0.583333675,0.582000144,0.212910153,253.26719,244.795663,53.07864321,153.1934034,155.006616,30.59522619,208.7477053,193.8634095,153.9214448,171.558277,82.29779062,435.494088,54.28679754,14.32521863,5.250358817,13.58795923,4.183769328,2.087379429,4.059413148,-0.777201735,0.871322535,-0.764413243,-0.444245782,0.564595033,-0.401309183,-0.001556424,0.302399271,-0.006905579,-0.00361095,0.214123991,0.023865914,-0.099546427,0.122558876,-0.080832544,0.015351655,0.111109553,0.017867261
bee,bee_08,8,1418,1447,0.108246245,0.114190938,0.114662325,0.081821752,0.099943476,0.089679305,0.081979242,0.075592681,0.051584554,0.105682953,0.076616529,0.386106858,0.181765228,0.391455959,0.986335368,0.901824891,0.908910616,0.056360572,0.573547496,0.58824645,0.22515848,320.4159944,314.2111913,101.0711852,142.4268651,141.5989876,33.34374225,234.7937674,202.605262,274.1725735,237.54223,159.6197904,620.249156,64.88422023,20.81480502,3.784438952,20.97854026,2.55435542,3.652578081,2.56775839,-1.682593992,1.509649679,-1.383114457,0.134257339,1.019379456,0.20723029,-0.275903438,0.461825423,-0.255695303,0.165841529,0.25575201,0.138522715,-0.18451885,0.210866324,-0.156921409,0.053232238,0.144844955,0.04262503
bee,bee_08,8,1448,1477,0.091138218,0.105124511,0.115770268,0.08858169,0.113020984,0.101677622,0.088333915,0.075566856,0.048838908,0.097794434,0.074152594,0.419050565,0.201602674,0.384686706,1.089329468,0.895705544,0.89371585,0.049514879,0.549524227,0.560800568,0.2037774,288.7567178,277.3751999,99.68285027,140.4473211,140.4149442,28.38431546,222.30757,189.735975,245.4356371,211.148649,156.4412751,633.445946,58.58575198,19.02745401,4.064556211,19.22492487,3.223500787,3.320619063,3.764385689,-1.46263814,1.40844303,-1.271558756,-0.047180885,0.897568824,-0.134099141,-0.1539586,0.446016947,-0.078939622,0.022865968,0.290951656,0.027918981,-0.117740982,0.183140838,-0.102058916,0.024099254,0.13240262,0.022172474
bee,bee_08,8,1478,1507,0.103595412,0.122250557,0.137571292,0.106578715,0.135541361,0.117305738,0.092308561,0.066363931,0.034806829,0.050519472,0.033158129,0.496997106,0.242120076,0.277156924,1.793197513,0.887414161,0.88507663,0.047175051,0.499899939,0.483775211,0.207453588,257.5637337,248.996892,53.23733562,135.3247732,134.7826303,26.88447127,205.3672163,187.1226944,200.1718789,211.148649,94.1382073,409.100507,56.38628693,18.91398046,4.112719286,19.1238764,4.686918108,2.168038812,4.72245722,-1.718327671,1.404778405,-1.749956284,-0.127303885,0.774656168,-0.070734183,-0.054032284,0.391912844,-0.049610968,-0.085825457,0.244908205,-0.03954414,-0.053469744,0.158472654,-0.054118775,-0.018821259,0.11880741,-0.00223489
bee,bee_08,8,1538,1567,0.029004324,0.041662078,0.058352822,0.055456503,0.088207366,0.100956851,0.108556048,0.110320899,0.080100449,0.180397406,0.146985254,0.302973542,0.143663868,0.626360056,0.483705081,0.91126981,0.902379105,0.036730368,0.58088903,0.566566607,0.185102556,355.3812811,353.7443268,100.0963949,138.383495,135.2205352,24.80585519,211.3396106,188.3167908,342.8698851,316.722973,133.7588689,712.626689,56.5862382,18.92445798,3.94021006,19.01774805,1.399662861,3.707903093,1.342226493,-2.311162502,1.377561464,-2.297923746,0.251135566,0.849183688,0.063549383,-0.25155499,0.540714355,-0.215632389,-0.031170311,0.359654242,-0.035724499,-0.120147283,0.2541397,-0.106531073,0.012075358,0.156883661,0.005789772
bee,bee_08,8,1568,1597,0.097961594,0.115054049,0.128252828,0.098275802,0.123929041,0.107917054,0.088794096,0.070798841,0.042750051,0.077201501,0.049065142,0.458374726,0.222204843,0.328609631,1.394891331,0.899236909,0.895295262,0.042324711,0.545416752,0.544805163,0.202323069,274.7906629,264.8718247,71.47713771,141.0080501,140.5815549,29.4327706,218.8202772,192.9712435,215.0953524,211.148649,116.6549226,554.265203,57.18609239,17.51647821,4.13794489,17.65038813,3.724500675,2.860091962,3.865447174,-1.792953769,1.381532519,-1.554346195,-0.084779444,0.727252108,-0.11513905,-0.081831585,0.452127017,-0.089259427,-0.066150857,0.313395629,-0.041456916,-0.06452171,0.199824827,-0.066493642,0.008336984,0.146255366,0.010297729
bee,bee_08,8,1598,1627,0.080180416,0.097791223,0.115230911,0.093992184,0.127372196,0.120010842,0.103946528,0.082905732,0.047858892,0.078540122,0.052170954,0.456606133,0.22136438,0.365422228,1.249530262,0.918685639,0.924874711,0.043101822,0.631370875,0.678292719,0.203713264,307.7861257,302.4974742,66.95505336,151.1446104,151.3087179,28.61985805,206.5150297,195.5343912,262.0857935,250.73902,111.3980969,448.690879,64.38434174,15.40628175,4.448793697,15.13995136,2.931716995,2.456610552,2.822184648,-1.775306007,1.254922846,-1.796399743,0.027456877,0.784912493,-0.054537624,-0.14522428,0.426445788,-0.109295544,-0.023123062,0.268949113,0.011836298,-0.100377196,0.189521021,-0.089293506,0.010827329,0.125089714,0.022564341
bee,bee_08,8,1628,1657,0.113555794,0.129177485,0.140223846,0.105575427,0.13098391,0.110867695,0.086183174,0.062136848,0.033230189,0.051252536,0.036813095,0.487650879,0.236559337,0.269615842,1.808687781,0.896864157,0.892140378,0.045485756,0.543717544,0.528521198,0.208009855,271.1942783,254.0483042,64.63554375,140.6726507,135.6006165,30.73972619,226.6250418,200.5067663,199.5552065,197.951858,117.7371969,541.068412,55.88640852,16.84221395,3.734070555,16.7683632,3.996168166,2.431418492,4.242428274,-1.680796542,1.434185633,-1.639135517,-0.041596229,0.703335101,0.03708809,-0.076178005,0.46899233,-0.025372411,-0.07492838,0.292046808,-0.014768109,-0.038135854,0.194204958,-0.025193189,-0.001085907,0.131999418,0.020420373
bee,bee_08,8,1688,1717,0.107171333,0.130139928,0.148275049,0.113951106,0.140642113,0.114624509,0.083064787,0.054827792,0.027354877,0.041769613,0.038178893,0.517492777,0.254593219,0.245195962,2.110527321,0.902825306,0.89923268,0.047603396,0.577983541,0.600875917,0.213697465,268.4370036,263.8734441,50.81287702,146.7940061,148.6732257,30.27428519,235.3044043,194.7857581,196.5951787,197.951858,84.94883216,435.494088,58.98565477,14.24268272,3.266092761,14.94434003,4.062451205,2.045560776,3.952046661,-1.371727794,1.166445118,-1.256817575,-0.300708721,0.657719277,-0.314967287,-0.014151153,0.316295667,-0.053637738,-0.07979433,0.26341916,-0.013574441,-0.053205056,0.161802845,-0.047344879,-0.020592076,0.108141949,0.002073254
bee,bee_08,8,1744,1773,0.049118046,0.055747013,0.063606102,0.053088278,0.078451944,0.088213229,0.098371994,0.10608875,0.080770821,0.187305051,0.139238771,0.283359554,0.131540223,0.611775387,0.463175799,0.912731197,0.912627576,0.03988317,0.613565523,0.61191804,0.187994069,312.1747671,292.3536804,92.46318562,152.187049,153.0025206,30.43514578,218.6934423,198.0312633,238.0355677,197.951858,156.5022458,593.855574,56.18633548,16.94483546,5.553608324,18.02061418,2.190049401,3.148559675,2.822775358,-1.526473807,1.652601814,-1.101009394,0.071425142,0.745706591,0.094007035,-0.340288196,0.503557404,-0.236178096,0.10326381,0.277635406,0.086977438,-0.131740931,0.197295751,-0.093590433,0.025902642,0.15269573,0.026346047
bee,bee_08,8,1804,1833,0.13371715,0.1503671,0.15841417,0.114029631,0.132546671,0.101873427,0.070911634,0.046159519,0.023258357,0.036359796,0.032362543,0.506863899,0.246576302,0.209051851,2.424584604,0.891820325,0.890622481,0.053640141,0.528229702,0.520914951,0.232986405,260.6223105,257.3158547,57.87473221,139.8383868,135.187063,32.30921135,218.8777109,194.9058514,192.0318025,197.951858,95.7559306,475.08446,53.18706501,15.86404111,3.45712613,16.20198712,4.551883878,2.464464623,4.387296904,-1.468367659,1.207759332,-1.352984769,-0.263244465,0.74703079,-0.197406115,-0.006743386,0.336125737,-0.03695076,-0.053296008,0.251625094,-0.009424394,-0.086100684,0.171191468,-0.069583185,0.000233353,0.118557922,0.017961913
bee,bee_08,8,1864,1893,0.108568231,0.132879675,0.151780783,0.116367878,0.142710845,0.115027677,0.082186852,0.053390877,0.026226491,0.038840715,0.032019977,0.525887183,0.259078723,0.23266491,2.260277159,0.895177544,0.894259945,0.04896049,0.54029017,0.537157544,0.216154004,261.2996351,254.8066936,53.99350734,142.5349548,143.1574003,30.61894315,216.0437763,194.1788083,188.8251057,184.755068,91.82406897,488.28125,56.78618968,17.45483975,5.111068811,17.45654293,4.386370229,2.240756866,4.21120648,-1.420115994,1.253654476,-1.468026251,-0.177951554,0.756018757,-0.228654717,-0.03304169,0.432899412,-0.087107294,-0.068984355,0.284341731,0.004081982,-0.057947423,0.168562068,-0.065350234,0.009194462,0.11772039,0.016031524
bee,bee_08,8,2068,2097,0.068765057,0.089774393,0.11260497,0.096222807,0.135393407,0.131416326,0.115090487,0.090514473,0.050211597,0.073068641,0.036937842,0.47563751,0.231616214,0.36582304,1.300184677,0.90422153,0.897576828,0.041801539,0.572793328,0.542839276,0.188374486,290.3700451,295,64.68294909,143.8133731,139.1349638,28.36297551,218.1224877,195.5439488,229.7721568,224.345439,118.2135467,514.674831,60.08538722,15.40742457,3.986741157,15.75447941,3.349728137,2.127248517,3.476201559,-1.84895051,1.801746934,-1.615069929,0.08883958,0.766356834,0.153334409,-0.316288001,0.482735828,-0.29431686,0.043292277,0.236571124,0.037132196,-0.097245554,0.163547901,-0.085238751,-0.031667816,0.115080036,-0.003694882
bee,bee_08,8,2188,2217,0.121307157,0.140974882,0.154426922,0.115193046,0.138380171,0.109446486,0.076954948,0.049307076,0.024040618,0.036184847,0.033783846,0.517446625,0.253573217,0.220271336,2.34913282,0.887416357,0.875841208,0.0463268,0.520314693,0.478873023,0.199893315,251.7862942,244.405118,46.55143708,139.5317323,133.1192829,29.71476432,216.5179573,191.6473279,166.6248974,184.755068,82.33462886,290.329392,54.18682184,15.15223693,3.641484686,14.88495669,4.594870123,1.901550535,4.802215053,-1.31870061,1.259132027,-0.996686973,-0.376245624,0.627315219,-0.313428018,0.039432557,0.30988064,0.043995222,-0.06866143,0.231689201,-0.012957848,-0.068576412,0.163405001,-0.053583879,-0.008325185,0.113816236,0.000915182
bee,bee_08,8,2248,2277,0.100992548,0.125270502,0.144578447,0.111861133,0.139059056,0.115115538,0.086064945,0.059735003,0.031370111,0.048814736,0.037137982,0.510614173,0.250920189,0.263122776,1.940592832,0.919771793,0.917723781,0.044159102,0.664167386,0.665231816,0.189670273,291.4162388,285.9150086,57.66111771,162.0069083,164.4080327,30.38002326,223.393804,209.7437064,203.2552413,197.951858,91.82857213,541.068412,57.38604379,14.69733272,5.741367974,14.01451154,3.092902765,1.915848826,3.047307283,-1.071492245,1.367753828,-0.816778543,-0.365229545,0.617503446,-0.347201601,-0.144084231,0.352571983,-0.096204271,0.006212953,0.226088124,-0.009179419,-0.100096852,0.162419279,-0.092018306,-0.009463076,0.094561173,-0.004724835
bee,bee_08,8,2488,2517,0.105178388,0.123532464,0.136706921,0.103245796,0.126944791,0.105710188,0.081749405,0.060892432,0.035134925,0.064318328,0.056586362,0.472607696,0.230190587,0.298681452,1.582313505,0.899724693,0.901925205,0.052443666,0.577703371,0.574874895,0.219208401,270.5353624,254.8154863,68.12859025,146.8703746,147.0793656,30.47539566,218.993913,195.6918264,200.665217,197.951858,96.11563087,501.478041,51.6874297,15.98016793,3.902007701,16.60854033,3.82037014,2.489031604,3.702829446,-1.237461537,1.169736566,-1.135115772,-0.401783219,0.704464228,-0.350926467,-0.115982199,0.391294158,-0.088218306,0.026253566,0.228644919,0.019100438,-0.148886739,0.161706785,-0.110797004,0.013176608,0.101130256,0.022516777
bee,bee_08,8,2518,2547,0.143984699,0.15608159,0.158736344,0.111280749,0.12682984,0.096386559,0.067563366,0.045252198,0.023654245,0.038171299,0.03205911,0.493233492,0.238110589,0.206700218,2.386226278,0.894185697,0.890850209,0.046103242,0.542290611,0.524840838,0.207851208,256.3941643,250.4376837,52.00573898,144.981339,143.906572,30.55303845,202.4685044,195.8033673,170.2015977,184.755068,96.36718415,435.494088,53.98687049,16.7023997,4.52141105,17.34179593,4.377330832,2.17665276,4.354966358,-1.327369396,1.269903658,-1.074337596,-0.160750001,0.743514674,-0.177475258,-0.053086945,0.377644426,-0.047403402,-0.040389594,0.226202047,0.006453629,-0.085251708,0.146786187,-0.059540417,0.015783355,0.123107401,0.021567858
bee,bee_08,8,2656,2685,0.137186893,0.150964885,0.155058747,0.108977092,0.123772551,0.093283293,0.06508835,0.044350335,0.024353695,0.045038734,0.051925425,0.481091684,0.232749643,0.230756538,2.0848453,0.911456616,0.915981076,0.044147676,0.649850183,0.652786052,0.168890539,265.4308145,260.805306,43.89743746,162.7334605,165.9021124,24.63735392,216.30192,198.1888274,158.8548245,171.558277,68.26870047,237.54223,51.88738105,11.36213495,3.414896547,11.03422052,3.6040854,1.441500931,3.60754011,-0.567604379,0.666977196,-0.535593779,-0.436211764,0.491053401,-0.402373947,-0.117393759,0.216536391,-0.104614192,0.032214815,0.144551178,0.023537935,-0.082524437,0.092675497,-0.064131636,-0.022547689,0.070200958,6.16E-05
bee,bee_08,8,2716,2745,0.145010823,0.154778254,0.15658562,0.110340287,0.127228371,0.098015852,0.068910395,0.045349132,0.023006628,0.036406136,0.034368501,0.49217013,0.237568658,0.208040792,2.365738586,0.89309089,0.891625428,0.051470493,0.560651671,0.567071921,0.214883442,253.0138432,246.2713963,49.29821934,149.1137921,153.8114416,30.66190731,205.1345056,194.0898554,157.8681485,171.558277,77.35972083,303.526183,55.18657874,15.25042067,5.390907068,14.9378857,4.362456385,2.087470586,4.129857199,-0.946294731,1.095360848,-0.894255187,-0.379666835,0.600819236,-0.337191651,-0.060805424,0.345565108,-0.035496861,-0.007812598,0.228762534,0.009766975,-0.078408614,0.156236847,-0.055352129,-0.012295215,0.110129314,0.008078838
bee,bee_08,8,2746,2775,0.105297944,0.130578959,0.150079212,0.115323808,0.141918655,0.115600175,0.084450482,0.056700787,0.028627866,0.041822569,0.029599542,0.52292185,0.257242463,0.241201247,2.16798983,0.902412777,0.904638737,0.048777637,0.577216585,0.585131814,0.211519756,277.4720315,276.7170949,61.20007802,145.7828968,143.6361039,29.30456136,203.2200766,191.2464281,214.4786799,197.951858,93.16958221,461.887669,51.78740535,15.8453915,5.292706894,15.81767261,3.783953657,2.290025475,3.408788598,-1.540709163,1.346757918,-1.17714491,-0.235777525,0.703015164,-0.258758294,-0.162111468,0.433221669,-0.122037188,-0.002946858,0.232303983,0.004688223,-0.117903961,0.163781061,-0.080369679,0.005746767,0.111349956,0.004064303
bee,bee_08,8,2836,2865,0.156955422,0.166981133,0.16458201,0.110899023,0.120004292,0.084950197,0.055693811,0.036374277,0.019854778,0.038057822,0.045647233,0.480435522,0.230903315,0.195627922,2.45586375,0.901630553,0.908019846,0.047053783,0.616717075,0.627669234,0.180950514,252.3719841,249.2958275,43.70732862,160.9929443,164.5904558,27.06754352,216.9070242,194.411428,134.8045987,158.361486,66.16060362,224.345439,54.28679761,11.86528319,3.977134176,11.33565349,3.923966959,1.552490792,3.749123318,-0.36378324,0.531363211,-0.347124978,-0.493031307,0.558166085,-0.397554224,-0.097612854,0.237725488,-0.060644953,0.074882595,0.146266221,0.047325786,-0.103236861,0.127154879,-0.076140179,-0.011867584,0.080249385,0.006592681
bee,bee_08,8,2896,2925,0.070566579,0.096233798,0.123410111,0.105202791,0.144395762,0.133219798,0.109144914,0.080222034,0.042513098,0.06150869,0.033582424,0.506228462,0.249598553,0.326971161,1.548235816,0.89895147,0.899966935,0.045365249,0.538051615,0.523710411,0.209436265,292.8928743,289.5334874,71.6081834,138.0977091,131.8561753,29.67208976,229.1339275,193.8040542,246.9156511,237.54223,114.9729046,475.08446,56.18633553,17.50780268,4.625835869,18.39926059,3.535996612,2.682042335,3.589702416,-2.134852769,1.747839686,-1.871983174,0.044930305,0.877337961,0.061253491,-0.260720365,0.552636913,-0.165525323,0.000266652,0.268573489,0.017171914,-0.140329703,0.21872113,-0.125823319,0.02262911,0.150761824,0.025006268
bee,bee_08,8,2956,2985,0.133977307,0.152516816,0.161964526,0.116781216,0.135087613,0.102286448,0.069305162,0.04346823,0.021185086,0.032587455,0.030840142,0.516119802,0.251868829,0.197386075,2.614773108,0.893914181,0.893839351,0.044790247,0.554850592,0.573560224,0.196241782,250.93622,247.3926244,43.9974569,147.8397912,150.8739593,29.02528671,210.2510251,189.3862688,155.0314552,171.558277,81.0728607,316.722973,60.28533872,14.03330234,3.695730621,14.04587012,4.387624832,1.883735745,4.219062712,-1.016481356,1.087825709,-0.899566068,-0.351013464,0.597754757,-0.217692019,0.011439647,0.320108651,-0.020694633,-0.037353906,0.236250006,-0.000232651,-0.06185583,0.144679621,-0.046913443,-0.000529061,0.099401665,0.011698461
bee,bee_08,8,3196,3225,0.157442679,0.166229465,0.164142028,0.111785343,0.123082494,0.089042887,0.058965645,0.037689974,0.01956087,0.034443825,0.037614792,0.488052751,0.234867836,0.188275105,2.592231993,0.882440352,0.879610984,0.054185983,0.531327022,0.524104336,0.214207607,241.2235987,231.1126426,49.17607293,144.4028705,143.3965072,30.77594848,210.2659242,190.8300507,147.6313858,171.558277,72.16579216,237.54223,52.3872595,15.11914738,4.64724966,15.23917602,4.655463062,2.053533397,4.55476736,-0.736501255,0.821616776,-0.649912025,-0.535583402,0.604218536,-0.403055506,0.0086135,0.315802326,-0.011059446,0.012351319,0.203424105,0.013813048,-0.121574962,0.139347941,-0.08845436,0.016405766,0.09541809,0.020009429
bee,bee_08,8,3256,3285,0.101269779,0.120116304,0.134345661,0.102680985,0.128504895,0.110183253,0.088289117,0.067499951,0.038768979,0.064903484,0.043437592,0.475714794,0.23118588,0.302899123,1.5705387,0.899205253,0.90120948,0.045592078,0.559847222,0.551422816,0.204864301,275.1742759,264.6207364,71.0607609,143.1949089,140.2252191,30.08799745,213.8562852,199.3581956,200.171879,197.951858,115.626477,461.887669,53.68694336,16.11917582,4.375476561,16.55940803,3.669898971,2.656282856,3.879683894,-1.592404895,1.407688864,-1.398122396,-0.127446578,0.764786221,-0.144525846,-0.136827185,0.440627087,-0.113583065,-0.026309993,0.250102688,0.024066774,-0.110939033,0.182099767,-0.08494261,0.020183689,0.134941237,0.01613857
bee,bee_08,8,3286,3315,0.160391821,0.16576562,0.160238015,0.107470331,0.11733994,0.085228505,0.058021845,0.039170033,0.021549577,0.040029938,0.044794374,0.47027679,0.22481027,0.203565768,2.31019584,0.875070279,0.870539333,0.064588721,0.52173216,0.501746424,0.229113991,236.9736088,232.9193933,58.40453424,141.1810156,142.2362807,31.94707553,214.6798872,189.0091619,145.2880304,171.558277,73.67072155,237.54223,56.98614103,14.76923886,4.071400431,14.64969945,4.687914958,2.072902091,4.78760553,-0.470277028,0.779463405,-0.548683787,-0.577173723,0.588311552,-0.436970839,-0.099256001,0.304627284,-0.091000617,0.081916497,0.192574945,0.063671088,-0.101306584,0.135738554,-0.073891574,-0.028230325,0.117454137,-0.004400495
bee,bee_08,8,3316,3345,0.119882734,0.143134636,0.158673876,0.118124831,0.140341002,0.108991212,0.075328372,0.04798594,0.023646326,0.036138888,0.027752182,0.526130922,0.258465833,0.210851708,2.495265167,0.882948925,0.874300238,0.050641901,0.490199282,0.473022065,0.220948963,253.4875632,242.0637584,68.63219924,133.7433344,131.6196103,29.28985742,230.2982386,183.251824,198.445196,197.951858,109.9611332,567.461993,48.38823203,16.78174341,4.093398724,17.5487336,4.721514178,2.627546838,4.889387791,-1.538818026,1.355238665,-1.330184585,-0.272947069,0.713942855,-0.285933911,-0.042957264,0.431280852,-0.000818719,-0.066976667,0.328877746,-0.037439741,-0.065987449,0.188487787,-0.070364345,-0.010374246,0.130192253,0.01092229
bee,bee_08,8,3376,3405,0.094202727,0.118406977,0.139969058,0.111462025,0.14338199,0.123439295,0.094879151,0.065758134,0.033232546,0.046151208,0.029116888,0.518252369,0.254844016,0.269137927,1.925601403,0.895501047,0.89328746,0.049072995,0.528379205,0.518658513,0.22235541,271.7420496,269.085313,61.69108745,139.8513917,136.4923056,30.90016116,214.5737537,195.7422903,209.1752968,197.951858,105.3524225,554.265203,58.1858493,17.11703332,4.209904154,17.20879533,4.263150549,2.464255009,4.188054416,-1.776069848,1.558789671,-1.517571278,-0.075412215,0.858939469,-0.208012479,-0.151820936,0.489041456,-0.11481915,0.003103088,0.29944851,0.004087751,-0.100567102,0.195646705,-0.090409559,-0.005981512,0.134794871,0.012420197
bee,bee_08,8,3406,3435,0.117236008,0.131782631,0.142480048,0.107443341,0.133521879,0.112475158,0.085823805,0.059690521,0.030538325,0.044526295,0.034481988,0.495920427,0.24096522,0.255060934,1.944321377,0.898834222,0.897972405,0.052064727,0.587252331,0.585269706,0.212532431,259.1716124,248.7708129,54.35366093,152.0515866,151.3428132,31.34805543,213.2851931,201.8280055,160.7048418,171.558277,83.98195579,369.510135,52.68718654,13.01303913,4.445284908,12.58085724,4.050496548,1.973267738,3.981270664,-0.853947641,1.11962501,-0.660618251,-0.353210866,0.63173919,-0.343792573,-0.063061499,0.247742632,-0.0547795,0.012571052,0.202744525,0.038122417,-0.073163996,0.157955739,-0.052976249,-0.016486358,0.091335732,0.000437361
bee,bee_08,8,3436,3465,0.130672097,0.146823182,0.155344448,0.112547024,0.1316473,0.101585903,0.070699349,0.046128086,0.023639696,0.039670951,0.041241964,0.501124674,0.244194323,0.221380046,2.26363976,0.902696629,0.91230948,0.055067252,0.598296817,0.647535294,0.230392772,264.2660076,256.6321193,54.99426098,152.5697399,158.7389149,32.54644102,223.5511792,200.3724717,172.544953,171.558277,76.84832295,290.329392,57.28606808,14.10471835,4.677925738,14.11829046,4.051953119,2.232231476,3.61226132,-0.943781241,0.82150088,-0.849633989,-0.500995351,0.58132619,-0.358872989,-0.000425124,0.3111407,-0.027197463,-0.016113266,0.188334161,0.003284636,-0.112088388,0.142909907,-0.087730702,0.009626461,0.094189122,0.011375011
bee,bee_08,8,3466,3495,0.185352229,0.187706423,0.175278875,0.112424075,0.115526275,0.076583069,0.046710419,0.028394532,0.014694238,0.026741767,0.030588099,0.479812292,0.227950349,0.147129056,3.261166124,0.884666024,0.884126412,0.058301828,0.556257824,0.53774744,0.221046625,240.0881001,229.3719139,52.09090817,151.1084442,151.6432672,33.87591816,213.0962594,202.534108,121.607808,145.164696,71.66019417,303.526183,60.98516845,12.80504564,3.981613492,12.40751419,4.456334629,1.999092556,4.353924259,-0.314606819,0.682329149,-0.318163672,-0.529142232,0.566945777,-0.426531658,-0.071960458,0.250286986,-0.061783499,0.09026519,0.156846505,0.080000332,-0.092176637,0.111370708,-0.069108795,-0.019915743,0.102078802,0.003660211
bee,bee_08,8,3496,3525,0.152452658,0.163820602,0.164081792,0.112762297,0.12508333,0.091358784,0.061223597,0.039497214,0.020407037,0.034433725,0.034878965,0.493286203,0.237845627,0.190440537,2.5902374,0.901646194,0.899578178,0.048963819,0.600797611,0.617844735,0.202121387,256.6251515,252.6665493,48.98137108,156.5119628,163.7603231,29.32498952,209.5625212,194.4458321,153.1814379,158.361486,76.15892021,369.510135,58.68572767,12.62228234,4.071046328,12.47008634,4.020384113,1.885295431,3.817596168,-0.711283016,0.936047081,-0.525366407,-0.388444991,0.585075051,-0.301989783,-0.079706752,0.306457997,-0.094886474,0.015671008,0.180177511,0.036122401,-0.073214457,0.11169826,-0.058893228,-0.01108005,0.111006599,0.005748575
bee,bee_08,8,3526,3555,0.123847661,0.141942293,0.154104546,0.114718023,0.138357488,0.110597293,0.078855702,0.050948787,0.024602794,0.03472538,0.027300034,0.51777735,0.253075511,0.216432696,2.392325006,0.895514396,0.891211799,0.04928573,0.537188843,0.552810865,0.233427014,257.9541793,254.4618186,47.74385707,144.347069,144.1750891,33.52785104,218.6177538,200.4504589,176.9849946,184.755068,81.63873418,369.510135,58.48577634,16.74879847,5.651354327,17.64058408,4.574116432,2.326160481,4.283707654,-1.467087482,1.383517484,-1.203729266,-0.16083909,0.692686996,-0.121412996,-0.011578544,0.34327024,-0.033153352,-0.09022123,0.292894964,-0.040010682,-0.032061155,0.173534441,-0.034477222,-0.023697882,0.135816599,-0.002961014
bee,bee_08,8,3556,3585,0.127120243,0.148074361,0.159513371,0.115651044,0.133991665,0.10172568,0.069754898,0.045169225,0.023099155,0.03819614,0.037704218,0.51088176,0.249642709,0.213923636,2.388150133,0.895161759,0.890516759,0.047878997,0.564594519,0.559547968,0.200150803,253.7363847,248.3909739,46.25495533,147.576214,144.9508641,27.54294361,200.7761698,190.1480004,172.544953,184.755068,71.95853394,316.722973,51.0875755,14.63017603,4.151727034,15.08579936,4.298591922,1.886751953,4.215226258,-1.011349418,0.978956422,-0.93269721,-0.407549458,0.632737892,-0.335700352,-0.086437462,0.281659066,-0.082358701,0.011167772,0.220483141,0.020966396,-0.094040102,0.158468272,-0.08261266,-0.02243126,0.102338154,-0.004891337
bee,bee_08,8,3586,3615,0.12232972,0.141308433,0.151545556,0.109867704,0.12790796,0.098583822,0.069953946,0.048295316,0.026777394,0.049671077,0.053759073,0.487905042,0.237775664,0.248456805,1.963741912,0.903084665,0.915753724,0.055819478,0.614246211,0.663251321,0.212753345,262.8090898,260.7382202,54.44590647,155.4498765,158.6746152,30.84827856,221.9823555,198.9007229,170.5716011,184.755068,72.21502566,290.329392,62.38482798,13.67222626,4.483269601,13.65101165,3.87940634,1.919469861,3.432811253,-0.679746857,0.748367683,-0.809960666,-0.494809862,0.559005798,-0.376476932,-0.104656558,0.277977902,-0.097727977,0.05318014,0.164005758,0.031603813,-0.107254403,0.144870062,-0.082457178,-0.017878448,0.088577568,-0.001512889
bee,bee_08,8,3646,3675,0.101495415,0.127008238,0.148343582,0.116071097,0.145571631,0.120633453,0.088463163,0.058239346,0.02823675,0.038510071,0.027427254,0.530619764,0.261642728,0.240876583,2.202869856,0.894938803,0.885855867,0.04462918,0.520302602,0.493167328,0.215263827,269.5576721,257.0785738,53.34495663,136.5667451,129.400291,30.10689186,224.6751499,191.844478,224.5921082,211.148649,81.20778847,409.100507,51.78740532,15.53800259,3.785962558,16.51568356,4.393297006,2.283718212,4.380976806,-1.931741753,1.404468769,-1.861302945,-0.148292066,0.683011539,-0.138244624,-0.02165397,0.421074778,0.010276801,-0.143417732,0.263771053,-0.074646146,-0.021349571,0.186532047,-0.021921037,-0.02645279,0.129900605,-0.01147194
bee,bee_08,9,120,149,0.067613119,0.088686143,0.110315373,0.092207103,0.124883103,0.114597837,0.095220509,0.073930242,0.043725018,0.08746718,0.101354373,0.442003416,0.217090206,0.401697322,1.100339465,0.918681551,0.923224407,0.042882294,0.63794598,0.679202048,0.202726231,339.0241576,311.0235908,116.4922734,155.4668217,157.1635074,32.96429722,230.49962,211.6873493,281.4493086,250.73902,190.2260253,699.429899,64.98419592,14.8145588,4.86873515,15.27221532,1.611137285,3.596767389,2.325691619,-1.239069683,1.520198864,-1.259482749,0.047156748,0.735727566,0.120807276,-0.199556345,0.393882793,-0.219977173,-0.008513104,0.253577261,0.015473726,-0.072290151,0.178965216,-0.063711456,-0.00473449,0.107673789,0.008960594
bee,bee_08,9,150,179,0.127559431,0.139935131,0.146627146,0.107182243,0.12895146,0.104912324,0.078005858,0.053824975,0.027989495,0.043991833,0.041020104,0.487673174,0.236133704,0.244832265,1.991866449,0.923771778,0.931477748,0.043080787,0.677013919,0.722477025,0.195570817,288.5448401,283.3229985,51.13842769,167.2868163,169.0275935,31.72748475,230.8417581,210.6489329,180.1916914,184.755068,91.60884015,488.28125,65.58405008,12.86415936,4.228283726,12.53897444,3.195360619,1.787806313,2.835078114,-0.945571147,1.248739443,-0.749370804,-0.179549574,0.603323987,-0.184320775,-0.100257866,0.279912908,-0.114524969,-0.046716116,0.209320519,0.002544835,-0.028472517,0.127334218,-0.031481091,-0.033039823,0.084336461,-0.014513333
bee,bee_08,9,180,209,0.053221693,0.07141488,0.092738086,0.081990813,0.119948643,0.122840467,0.115549607,0.100234581,0.062251963,0.110339466,0.069469801,0.417518009,0.201939456,0.457845418,0.911919159,0.919445968,0.925924105,0.042832825,0.651635372,0.674531988,0.188780826,334.22387,324.4850727,91.17545778,154.2211692,153.7093069,30.31661644,223.7420326,208.1731878,282.31265,277.132601,160.7035354,620.249156,59.78546025,15.71973285,4.935081066,15.04557188,1.830964894,2.903972547,2.069663078,-1.565157092,1.676238484,-1.20092092,0.000149591,0.716424496,0.05944989,-0.311145482,0.467823843,-0.312133211,0.038806408,0.251540876,0.057581942,-0.120035416,0.179633281,-0.116097125,0.021221324,0.106955152,0.023030161
bee,bee_08,9,210,239,0.032135264,0.039454073,0.047748961,0.041302647,0.063021161,0.074004417,0.087216248,0.100491864,0.081767592,0.215143291,0.217714481,0.226077187,0.104323808,0.702333476,0.321894363,0.92020176,0.920609434,0.03966342,0.647241354,0.640063416,0.171990523,339.5852953,320.7055861,98.18749775,152.2431956,148.092538,30.07723365,231.1947423,210.7044109,279.9692946,250.73902,161.2429817,673.036318,60.88519278,14.53715073,4.258908723,13.58242214,1.386604293,3.343445508,2.145785533,-1.548791095,1.365696427,-1.672525391,0.002740193,0.80338239,-0.007675379,-0.147443357,0.440744081,-0.110248438,-0.039239275,0.311380012,-0.022380596,-0.083551907,0.187339945,-0.06140877,-0.00648625,0.119454555,-0.007911286
bee,bee_08,9,240,269,0.068194501,0.083502585,0.098991081,0.081456508,0.112240608,0.109630326,0.101295454,0.089334875,0.057921659,0.11399128,0.083441123,0.402318523,0.193697116,0.44598439,0.902091042,0.916754344,0.915582943,0.043318828,0.620518067,0.626676616,0.206958798,345.3998989,333.2347001,104.3214223,150.0151954,144.2880623,32.83786993,229.6706662,213.0762543,291.0693988,250.73902,172.3003928,633.445946,65.58405005,17.41454745,5.605069507,17.99122922,1.543472263,3.707862968,2.068466216,-1.634516758,1.55589105,-1.400302488,0.261488714,0.864978569,0.192308064,-0.270703391,0.493642364,-0.259526594,0.071767535,0.325057061,0.046685992,-0.121268791,0.216806992,-0.074038692,0.040183274,0.147358637,0.022690527
bee,bee_08,9,300,329,0.091410369,0.114127742,0.134454033,0.106951457,0.137586438,0.118756574,0.092216126,0.065731967,0.034973961,0.055798344,0.047992989,0.497748502,0.244537895,0.296713387,1.677539755,0.914213308,0.920864045,0.049189851,0.625634143,0.655321955,0.217225966,288.9055538,287.4457316,60.5916258,152.1267149,153.2616114,30.66468566,220.087782,211.4655123,223.1120943,211.148649,103.6398247,646.642737,65.78400136,14.92674128,4.842627462,14.42105605,3.455864583,2.202489226,3.282939584,-1.409516744,1.195170918,-1.308662721,-0.25855455,0.759781139,-0.244789846,-0.07072265,0.369394118,-0.074147315,-0.026269253,0.223563749,-3.85E-05,-0.101467705,0.167834323,-0.0916942,0.000921959,0.105983983,0.012292704
bee,bee_08,9,330,359,0.12234633,0.139571308,0.151297348,0.112989388,0.137546588,0.112011086,0.081951769,0.05436332,0.026583796,0.036257064,0.025082003,0.51384441,0.250535976,0.224237951,2.291514027,0.885177828,0.881065971,0.046758012,0.510956251,0.51352026,0.209018783,249.8866466,240.2385907,53.68120901,141.215006,141.7703307,29.13447845,210.506055,187.421677,164.4048765,184.755068,96.81760077,409.100507,51.08757559,16.70902304,5.836015648,17.06829865,4.630447778,2.268511871,4.465772339,-1.388339389,1.573769358,-1.012003124,-0.164186864,0.758873313,-0.171415094,-0.046219049,0.409238128,-0.021782113,-0.05075955,0.251984484,-0.002887282,-0.059272761,0.189725124,-0.034952279,0.000285638,0.124334977,0.015772775
bee,bee_08,9,390,419,0.114265292,0.13359865,0.147675494,0.111687805,0.13742289,0.113453019,0.084616982,0.057715909,0.029138285,0.041489143,0.02893653,0.510239208,0.249110695,0.24189685,2.109325558,0.882849457,0.878218998,0.044906598,0.477532112,0.44779086,0.204080629,253.4430206,244.7741705,49.6750257,132.1979852,127.2669353,29.03533651,209.0973968,193.1699914,195.3618338,197.951858,88.46485014,409.100507,48.88811048,17.34195375,3.584879799,17.388316,4.922895843,2.215578858,5.081605559,-1.734752632,1.396993562,-1.579304233,-0.221559537,0.817850586,-0.187971183,0.009830552,0.414132722,0.019723057,-0.104540689,0.295118193,-0.089249139,-0.066214216,0.203231847,-0.061431763,-0.01405773,0.146991934,-0.008149349
bee,bee_08,9,420,449,0.068075553,0.083869757,0.099463447,0.081391227,0.111033816,0.107263386,0.098888597,0.088292418,0.05840644,0.117835791,0.085479568,0.399151877,0.192425043,0.448902814,0.889172142,0.914006523,0.927889552,0.048180007,0.639706857,0.688698625,0.201928379,291.2284162,285.9093191,79.14771959,156.6287954,160.9567633,29.02560149,219.1374041,197.8837491,210.6553107,197.951858,129.5188179,554.265203,59.68548453,13.81399904,4.82065265,13.10098737,2.996875782,2.544945734,2.986724248,-1.059134039,1.153427529,-0.964370749,-0.216366012,0.796702226,-0.237559983,-0.164861904,0.377791604,-0.108343601,0.047766721,0.232793933,0.032070155,-0.116178821,0.147086653,-0.093764045,0.008551755,0.113728947,0.016652652
bee,bee_08,9,450,479,0.092097854,0.112970526,0.129025604,0.099305446,0.123991477,0.10543886,0.084292702,0.06605491,0.04026477,0.078931319,0.067626532,0.457761387,0.223296923,0.337170233,1.357656584,0.913239737,0.916553281,0.042989024,0.591184149,0.624874515,0.216109176,311.3164853,293.0891575,91.74120787,147.8472769,145.7355463,32.83881353,238.1492691,206.6445853,268.8691905,237.54223,159.0904974,739.02027,71.08271275,16.92625126,4.373809536,17.58308375,2.80965586,3.381236025,3.023084006,-1.786034356,1.393986721,-1.704719026,0.152826848,0.884727279,0.111020818,-0.16981701,0.530161199,-0.117681009,-0.023537781,0.324713176,-0.007053622,-0.081291966,0.207904889,-0.072916292,0.005124571,0.141883169,0.011302019
bee,bee_08,9,490,519,0.056582309,0.066092547,0.076908755,0.064589781,0.094693788,0.103154139,0.108152966,0.106662086,0.073978976,0.148969419,0.100215235,0.339346462,0.159283568,0.537978682,0.630780501,0.9184255,0.92003942,0.04478064,0.636553927,0.64307666,0.193631206,372.9935099,377.1358605,97.8215764,147.830317,140.3471274,32.94747344,228.7314087,207.9458179,352.7366443,369.510135,170.6907574,712.626689,61.28509549,17.23000711,3.168500986,18.0301386,0.969362688,3.067550948,0.739141333,-1.882442769,1.851400962,-1.796714751,0.30016102,0.805006819,0.365239343,-0.500581621,0.487420044,-0.547124852,0.144575202,0.217390801,0.152507347,-0.202639284,0.163542309,-0.2147621,0.047516735,0.111915642,0.037197837
bee,bee_08,9,540,569,0.06626927,0.077563252,0.086384027,0.066843428,0.087141487,0.082306053,0.077805406,0.075070383,0.055240376,0.140752834,0.184623484,0.322674995,0.153984914,0.533492483,0.604835129,0.892685276,0.889569985,0.051329861,0.532239328,0.476328183,0.22471503,338.9732618,300.2593925,145.5809536,139.2339905,133.5084798,33.99939461,227.7490302,206.0471336,301.4294961,224.345439,223.4405707,739.02027,54.48674878,16.52995874,3.761588243,16.63437488,1.614107689,4.787007479,2.798494029,-1.106200978,1.47870667,-0.870444618,0.042885143,0.84842926,0.014317064,-0.157940973,0.518125808,-0.077763816,0.002368049,0.320189942,0.015269671,-0.116195281,0.182674791,-0.097691196,0.036444675,0.125016079,0.042307506
bee,bee_08,9,570,599,0.119050986,0.1350671,0.145184776,0.107642013,0.130715023,0.107559466,0.081545482,0.058112315,0.031272714,0.04948937,0.034360755,0.491101278,0.238357036,0.254780636,1.927545539,0.905132891,0.905344735,0.043266107,0.577817157,0.583158073,0.200799286,286.0547329,282.5259964,69.28696445,144.8095118,141.3385791,27.34229366,207.5793184,188.2786403,230.6354982,237.54223,120.0048413,488.28125,58.78570336,17.32501337,4.979052372,17.12601293,3.467056743,2.575914094,3.488202942,-1.778430792,1.454564352,-1.556881463,-0.036005045,0.726169446,0.01623266,-0.195886252,0.428816183,-0.145045803,-0.029619355,0.238444322,-0.020837484,-0.100769758,0.170096355,-0.097231757,0.004829091,0.110563601,0.016665526
bee,bee_08,9,600,629,0.042746776,0.055372491,0.068863551,0.059135901,0.086352086,0.092862742,0.097845576,0.100534756,0.074554149,0.17337437,0.148357603,0.30721428,0.145487987,0.594666453,0.516616126,0.910516585,0.907283513,0.039437639,0.599126798,0.590736939,0.181276361,343.3469555,322.4988601,114.4313236,143.852386,141.3919133,27.11318783,220.4995717,198.7484895,322.1496906,277.132601,168.8399899,620.249156,60.0853873,15.5620568,3.848330632,15.71115183,1.445565208,3.81597842,2.369029435,-1.618827954,1.423445018,-1.491817721,0.056435656,0.826821376,0.029879943,-0.23933722,0.484685425,-0.245479948,-0.022591317,0.287059331,0.014588682,-0.117403717,0.18320581,-0.107709612,0.024826434,0.145235919,0.005839545
bee,bee_08,9,630,659,0.078088429,0.098037843,0.114370887,0.089535628,0.113872185,0.099866321,0.084411998,0.072411968,0.048665795,0.107347597,0.093391349,0.417645021,0.203407813,0.406228707,1.028103169,0.908774385,0.904904315,0.048085606,0.613267819,0.601176356,0.211313751,287.7633093,277.7032771,91.12487816,156.0035273,155.0027524,35.25023882,239.6015968,218.7917468,192.0318025,184.755068,147.4438429,580.658784,55.78643283,15.94390232,5.231441032,16.02979908,2.960692981,2.984786516,3.493815234,-0.956767215,1.515058732,-0.693757758,-0.23439939,0.688589913,-0.220929439,-0.200461594,0.476221025,-0.113726361,0.010842517,0.233824511,0.039637851,-0.094336831,0.191671867,-0.069570485,0.00770938,0.120302285,0.015010474
bee,bee_08,9,660,689,0.154271623,0.167786253,0.169074645,0.115923049,0.12707568,0.090341566,0.058054462,0.035712183,0.017925631,0.030569166,0.033265743,0.50241494,0.242998729,0.175527185,2.862319822,0.880621973,0.867627753,0.05065,0.524016977,0.478026077,0.195612092,236.9204264,225.877993,48.28653575,142.1959115,138.9209298,28.51927976,219.5640106,196.8762296,142.2046681,158.361486,68.22729807,263.935811,49.98784309,13.93689669,3.351827243,14.00718219,4.646959013,1.790559319,4.932895129,-0.623280324,0.819422015,-0.48943475,-0.535813418,0.642638658,-0.451950253,-0.014678644,0.311604394,-0.002546048,0.048619359,0.223446485,0.048341827,-0.109536031,0.133566291,-0.088275951,-0.005186799,0.084586019,0.006128734
bee,bee_08,9,870,899,0.076843629,0.094700344,0.111484253,0.089983213,0.120047011,0.111747724,0.097855642,0.081902981,0.050863959,0.094320329,0.070250915,0.433262201,0.210030224,0.395193826,1.096328364,0.904100532,0.907157051,0.044318571,0.581989342,0.560566709,0.183950636,288.3571413,277.0779823,86.01644324,143.5198824,140.9567682,25.17631982,215.3203499,190.0184928,229.8954913,224.345439,134.1831212,514.674831,58.78570335,15.08296909,3.57157101,14.96921509,3.207979451,2.705220562,3.664849094,-1.570335424,1.243553677,-1.539875012,-0.04606483,0.702901393,0.036970433,-0.167762544,0.423807603,-0.09214637,-0.055567617,0.248787394,-0.021128031,-0.083116687,0.190655323,-0.061609267,-0.00822598,0.129340489,0.001416036
bee,bee_08,9,930,959,0.136685381,0.150752536,0.157002003,0.112836999,0.131983831,0.102812907,0.072583233,0.047428763,0.023554293,0.035014286,0.029345768,0.50463574,0.24482083,0.207926343,2.426992809,0.879047288,0.871812852,0.046621537,0.494394189,0.474198343,0.194525033,242.0488661,238.3334373,47.67667164,137.9917451,137.4471931,27.47978666,202.5130566,184.4329758,164.528211,171.558277,80.21791614,316.722973,56.68621402,16.67278409,3.816285304,17.53728293,4.817356896,1.912952167,4.76881718,-1.15855053,1.39847358,-0.978790471,-0.331676725,0.737279049,-0.27017093,-0.06474078,0.393244992,-0.057616076,-0.003014721,0.214004837,0.012714741,-0.086991857,0.174249606,-0.080591574,-0.001232936,0.117939306,0.012077125
bee,bee_08,9,960,989,0.151197164,0.165337318,0.167069632,0.114598212,0.125619715,0.0895278,0.058137943,0.036668328,0.019053389,0.03414349,0.03864701,0.496815359,0.240217927,0.186650159,2.661746235,0.880560436,0.867864997,0.057416868,0.528583032,0.473005405,0.219435193,240.1281258,226.2338362,56.83691952,142.4747003,141.5391576,32.04304157,231.3237086,198.427363,154.4147828,171.558277,80.79745523,461.887669,61.48504694,14.80243663,4.201603924,14.99237777,4.620264098,2.073513906,4.842135913,-0.616920478,0.833052012,-0.655164444,-0.643001105,0.611244195,-0.526849129,0.005598465,0.279093169,-0.020037168,0.031809128,0.201190748,0.021025787,-0.118389489,0.141136332,-0.087549089,-0.010305939,0.09970897,0.010867595
bee,bee_08,9,1102,1131,0.146432272,0.151925105,0.150098458,0.104872175,0.122271967,0.098105334,0.073820755,0.05233671,0.027679681,0.041674572,0.030782971,0.475347935,0.227144142,0.226294689,2.100570445,0.888858311,0.886006531,0.049856983,0.544938276,0.543223264,0.203833568,253.5734056,244.2845769,55.20858417,146.3791129,150.5188172,29.33063568,222.0279638,187.6851797,165.8848904,184.755068,91.96773895,369.510135,58.98565477,15.49604938,5.028338579,15.32997138,4.2756222,2.023038548,4.204210178,-1.027734047,1.422468332,-0.817889541,-0.313126258,0.731037424,-0.358507622,-0.130719631,0.410736275,-0.07308795,0.039524885,0.236606254,0.048292502,-0.111240555,0.174945171,-0.08583208,-0.001731371,0.093144912,0.008467006
bee,bee_08,9,1162,1191,0.118344728,0.145691956,0.164410833,0.123066169,0.145799438,0.111839911,0.075357218,0.04580471,0.021076495,0.028269898,0.020338645,0.54511635,0.268865606,0.190846966,2.856300841,0.871180912,0.862171685,0.044141264,0.460647665,0.442395256,0.189775205,231.7408398,228.7252926,43.00827036,133.4955876,132.7091749,26.68070911,201.6042758,182.162427,155.2781242,171.558277,71.25318808,329.919764,50.4877215,15.75527181,4.801933097,15.51379508,5.241624494,1.988909118,5.312953835,-1.137891302,1.337247083,-0.882748111,-0.417689179,0.655457963,-0.360215328,-0.045365147,0.356834593,-0.043862019,0.00048377,0.241147426,-0.003943899,-0.08567632,0.160651151,-0.071446814,-0.017577364,0.128382407,-0.006832884
bee,bee_08,9,1192,1221,0.152118639,0.163199892,0.164149973,0.113794527,0.127716594,0.094462264,0.063507993,0.040291004,0.020110163,0.031795092,0.02885386,0.500123358,0.241511121,0.184558111,2.7098422,0.886175049,0.890082337,0.049349358,0.535374049,0.530980128,0.202662885,243.0007304,239.8452472,45.81568009,145.9338311,149.978775,28.45663232,195.9084053,183.6986483,147.8780547,171.558277,75.55045109,303.526183,51.9873568,14.59658767,4.367333929,14.68729003,4.598539291,1.941967785,4.330042749,-0.860828018,1.023361885,-0.735376916,-0.385529924,0.622710252,-0.342992063,-0.074030738,0.334189547,-0.057923467,0.045551568,0.217232451,0.059401315,-0.100777576,0.157015805,-0.082788669,0.002622485,0.108408699,0.018572914
bee,bee_08,9,1282,1311,0.124667981,0.139870309,0.148546597,0.108883655,0.130509009,0.105518973,0.078375096,0.054606103,0.028808114,0.04497112,0.035243041,0.493458235,0.239392665,0.242003474,2.039054341,0.899143906,0.906503857,0.053394013,0.570338207,0.594655084,0.224270723,267.1056573,265.8691721,61.0077421,146.5808273,153.0982927,30.43584594,217.6203465,193.258536,189.3184437,197.951858,93.94316427,448.690879,56.18633557,14.6520046,4.517327047,15.3202476,4.079431937,2.338359096,3.979647196,-1.294967078,1.177340852,-1.070446444,-0.255588124,0.719273472,-0.284662014,-0.066194566,0.399237588,-0.057639898,-0.024230291,0.210393561,-0.017392266,-0.089693356,0.147402149,-0.07454657,0.010706534,0.11593424,0.014079143
bee,bee_08,9,1312,1341,0.124764357,0.149154004,0.164248431,0.120761552,0.14084277,0.10636459,0.070986022,0.043442541,0.020676922,0.031022962,0.027735851,0.532217342,0.261604322,0.193864297,2.745308704,0.893767059,0.892658822,0.05128725,0.549137929,0.536951797,0.217365055,258.1333028,247.2028001,53.5586613,143.2327484,142.7505601,29.63875389,219.0330442,193.1014347,189.5651127,184.755068,77.5511492,356.313345,49.28801319,15.06694725,4.919393386,15.54225059,4.37640659,2.165566936,4.315588529,-1.237779986,1.129977551,-1.115801777,-0.399305897,0.654083567,-0.364725561,-0.042027147,0.34467224,-0.04409577,-0.028922572,0.270169882,-0.009366614,-0.089270492,0.148425078,-0.084385043,-0.009601769,0.109126817,-0.009384736
bee,bee_08,9,1372,1401,0.127834918,0.139711818,0.146286869,0.107097356,0.129129669,0.105216786,0.078202561,0.053893352,0.02803745,0.044337604,0.040251616,0.48773068,0.236227024,0.244722583,1.992994162,0.906666739,0.912728213,0.048822959,0.593532152,0.631071251,0.220619352,271.7775395,265.4142717,52.3632123,151.2576681,153.7727978,30.74153148,209.507138,194.5644595,184.6317331,197.951858,92.37321734,382.706926,61.38507122,15.05377733,4.771439443,14.85332468,3.943375028,2.205836661,3.699440005,-1.353944411,1.134468813,-1.067181507,-0.178908348,0.724654721,-0.154724849,0.006839295,0.31696155,-0.014099969,-0.058954187,0.251875159,-0.001654853,-0.050028219,0.1714984,-0.060061331,-0.012573059,0.120101922,0.013573859
bee,bee_08,9,1462,1491,0.147603946,0.162850437,0.166168675,0.114954039,0.127002986,0.09123333,0.059633864,0.037823415,0.019730295,0.035204042,0.037794973,0.499359029,0.241957024,0.190186588,2.625626945,0.893000687,0.897657679,0.057168242,0.569510529,0.594584236,0.228133304,248.2081212,238.3832625,53.40517967,150.436809,159.173802,33.64471667,219.3516996,200.9020825,137.147954,158.361486,75.78114837,303.526183,62.3848281,14.49142238,4.839421045,14.10383945,4.355137998,2.128344726,4.059986032,-0.669593759,0.665731018,-0.713530429,-0.482376205,0.628121755,-0.300832218,-0.005416617,0.273165226,-0.01127653,0.043167551,0.172982373,0.041718869,-0.125228562,0.154968813,-0.082879383,0.015662944,0.087904463,0.021607523
bee,bee_08,9,1492,1521,0.117326047,0.140501142,0.156934777,0.117885342,0.141338347,0.110582098,0.076395985,0.04804195,0.023194003,0.035236294,0.032564014,0.526740565,0.259223689,0.215432246,2.445040488,0.897219383,0.90126796,0.052530574,0.575660428,0.590621484,0.217667236,258.5603166,252.6471827,51.60422306,149.4023635,150.0883414,31.75966362,230.6415259,198.2084965,181.3017018,184.755068,75.58758188,369.510135,48.9880861,14.01850698,4.837213751,13.55039905,4.229354628,2.063442867,3.966398008,-0.939610638,0.991812335,-0.874338572,-0.500920534,0.55794503,-0.438130007,0.010907922,0.302819231,-0.054016881,-0.028920398,0.216945394,-0.001968849,-0.105843004,0.129032709,-0.080327013,0.011949291,0.097517411,0.01594234
bee,bee_08,9,1522,1551,0.045855987,0.059569224,0.075736167,0.067218198,0.101949489,0.11286436,0.117901491,0.114092431,0.076983689,0.14555074,0.082278224,0.357768214,0.169167686,0.536806575,0.666475096,0.908811836,0.911481121,0.042257043,0.592332071,0.601010081,0.186005119,318.9529779,330.3645654,81.19529623,141.7907101,141.1344163,27.61560885,221.9536953,193.9362178,272.9392287,277.132601,124.7829935,488.28125,56.6862139,16.557482,4.032072087,16.30753829,2.391206142,2.884612274,2.35908803,-2.092981569,1.559641951,-2.058761993,0.009057098,0.75955274,0.033230054,-0.285310515,0.539018109,-0.290740564,0.015286417,0.290718768,0.037956496,-0.13640928,0.191683821,-0.116402671,0.033856989,0.137719204,0.019909687
bee,bee_08,9,1612,1641,0.134445614,0.144506747,0.146351692,0.102649611,0.117448137,0.089974736,0.063968711,0.044085031,0.024232598,0.046547235,0.085789888,0.456424176,0.220097748,0.264623463,1.72480615,0.886018428,0.882261292,0.047722431,0.526301171,0.507645934,0.202864223,266.4790439,250.8792976,116.4189316,143.3242425,139.993921,30.83032262,230.5949603,194.2759099,184.3850641,171.558277,186.9000715,739.02027,54.08684617,16.07710942,4.545130838,16.27708428,3.642480511,3.376754825,4.129694405,-1.00737598,1.352273212,-0.968085117,-0.315540607,0.823933418,-0.237084726,0.028082343,0.411514413,0.023522845,-0.022549493,0.273761589,0.016847255,-0.105386769,0.183657546,-0.066790019,0.030287931,0.117293976,0.025546179
bee,bee_08,9,1702,1731,0.096733614,0.120616688,0.140811379,0.110426195,0.139304287,0.117108139,0.088542262,0.06182547,0.032583832,0.051460347,0.040587786,0.507650001,0.249730482,0.274999697,1.84600204,0.900381642,0.895735439,0.046434087,0.583613129,0.596033062,0.194368147,265.3744542,258.9768075,61.62105134,148.0809383,148.9241862,26.22494146,205.7369763,191.8462493,193.88182,184.755068,101.2743049,448.690879,53.88689477,14.21671172,4.100870688,13.77846008,3.833615585,2.100405254,3.854818241,-1.144608064,1.173750391,-0.993005607,-0.368924262,0.66652918,-0.377375445,-0.124708046,0.335309803,-0.091688241,0.020784125,0.224496754,0.000961682,-0.113857233,0.142419078,-0.087982813,-0.005108552,0.097052471,0.001874936
bee,bee_08,9,1762,1791,0.130942245,0.142639735,0.146329846,0.104037308,0.121597336,0.096857633,0.072641598,0.052654728,0.02943594,0.051592033,0.051271597,0.468822123,0.225634645,0.257595897,1.81999065,0.906884956,0.906189306,0.044642251,0.599088863,0.592284799,0.191019713,273.6428868,262.4550936,82.49231075,151.3870435,154.2795165,29.84722232,237.0196983,205.39436,183.6450572,184.755068,157.4398637,739.02027,72.08246963,14.40548484,3.601195625,14.11693075,3.480284198,2.409898771,3.89182884,-1.120269345,1.232472328,-0.990473285,-0.077693785,0.687676355,-0.061326267,-0.104620366,0.382791861,-0.06375204,-0.027619716,0.231284236,0.001111273,-0.056659631,0.158051354,-0.045134324,-0.002010736,0.093741325,0.011500449
bee,bee_08,9,1792,1821,0.091289805,0.110112033,0.126324142,0.099500246,0.129240947,0.115954178,0.096463976,0.075026167,0.042858049,0.0695496,0.043680857,0.471019512,0.228741193,0.327578649,1.437882211,0.892781396,0.890874736,0.043097703,0.528410673,0.515049915,0.193153959,265.1870746,255.0087785,61.24176313,138.2261505,132.2401272,27.77449053,226.9655506,187.6444965,199.8018754,197.951858,105.5023065,554.265203,55.68645711,15.45115813,3.837747543,16.05126568,4.145774095,2.250976939,4.295701266,-1.66602905,1.441488255,-1.493547527,-0.174585124,0.674658585,-0.177090143,-0.110424559,0.455447908,-0.017538198,-0.043617494,0.300134024,-0.001083119,-0.059139328,0.195813838,-0.04988105,-0.01773381,0.111750453,-0.00980376
bee,bee_08,9,1822,1851,0.136441155,0.149895028,0.156259231,0.112730562,0.13234799,0.103125864,0.072303284,0.046659066,0.022986513,0.034898286,0.03235302,0.504463647,0.245078553,0.20920017,2.41139215,0.881138507,0.874272461,0.050121954,0.497544968,0.461215074,0.210403134,245.6382582,240.0883617,48.74693679,136.5827941,135.9487334,28.70249233,216.8750032,183.6025449,179.9450225,184.755068,78.07799455,316.722973,51.18755124,15.48354969,4.100416871,15.66299389,4.879881271,2.089571242,5.061457642,-1.280562487,1.218828889,-1.201050664,-0.405982491,0.606848832,-0.35168221,0.041963353,0.345451642,0.018255918,-0.063541187,0.268372904,-0.001735237,-0.059550449,0.158581726,-0.04915089,-0.006710064,0.119010262,0.011440814
bee,bee_08,9,1852,1881,0.116428842,0.140276706,0.157332553,0.118486559,0.142413891,0.111819418,0.077547276,0.048796471,0.02336286,0.034165659,0.029369766,0.530052421,0.26090045,0.213242031,2.48568454,0.897932153,0.897722456,0.047531252,0.557912684,0.560540362,0.218569977,259.4161864,255.1528266,45.63465854,146.5407224,151.172129,31.33413175,218.0775372,191.4958644,183.1517192,197.951858,72.60525138,369.510135,48.28825633,14.95596533,4.491248436,15.09291983,4.387710349,2.092677433,4.19910516,-1.288733616,1.153495514,-1.122659177,-0.355720315,0.632251377,-0.352623754,-0.028496393,0.341419233,-0.010900007,-0.057773105,0.230394292,-0.011383927,-0.085560086,0.148174246,-0.07413148,-0.001997267,0.095927773,0.0120899
bee,bee_08,9,1882,1911,0.139856746,0.15661371,0.162984887,0.115112498,0.130132559,0.095981173,0.063950016,0.04055736,0.02071865,0.035576189,0.038516213,0.504211118,0.245245057,0.199318426,2.529676391,0.889907788,0.894632395,0.047062004,0.554292878,0.56392012,0.190915482,246.4558477,241.1714848,44.4830122,147.4631523,148.2626446,27.12732538,199.8112727,185.8682847,157.0048071,171.558277,75.08352095,263.935811,52.48723514,13.96849011,3.58883653,14.08795866,4.414431758,1.819100208,4.286650626,-0.798063059,0.790885532,-0.831325731,-0.542481779,0.586255822,-0.406193397,0.006234579,0.288962582,-0.030159568,0.009944155,0.196295947,0.012117192,-0.103550698,0.137329614,-0.077485926,-0.00391617,0.107397111,0.012039906
bee,bee_08,9,1912,1941,0.123052987,0.143462523,0.15419801,0.111305026,0.128272462,0.097140991,0.067459071,0.045721481,0.025211158,0.047748536,0.056427756,0.490916489,0.239577488,0.242568002,2.023830367,0.91167928,0.9190424,0.047808005,0.645471221,0.676555758,0.185983744,269.9353232,267.9749428,50.12422641,159.8225958,164.7487073,25.01190834,203.4368731,191.3445984,192.0318026,184.755068,60.39815646,303.526183,52.28728382,12.48312383,3.582097305,12.1530967,3.591086244,1.682243809,3.427390668,-0.717174633,0.60681213,-0.788142988,-0.601402471,0.545504686,-0.455892712,-0.081159941,0.240729312,-0.066313438,0.039270922,0.160001109,0.018860383,-0.123006952,0.115753539,-0.104024413,-0.020212028,0.078937112,-0.005453288
bee,bee_08,9,1942,1971,0.105901418,0.123055459,0.137804469,0.107091149,0.136981356,0.119010252,0.093265189,0.066071277,0.033924999,0.047513457,0.029380976,0.500887225,0.244072504,0.270155897,1.854067338,0.889594293,0.893139252,0.043729695,0.520286537,0.531361578,0.190069356,264.1848275,254.8461479,64.40938548,138.6092526,133.297517,26.41006256,215.1535914,187.7456923,200.5418824,184.755068,108.9563439,475.08446,52.68718651,16.12729874,4.49375663,16.73171383,4.134088677,2.420200529,4.198882427,-1.621350889,1.583421352,-1.279592124,-0.085455265,0.804781263,-0.101983099,-0.157533041,0.421615399,-0.097940698,0.02487092,0.277801198,0.045601488,-0.075999471,0.192082487,-0.063873554,-0.008900263,0.137602321,0.024218124
bee,bee_08,9,2212,2241,0.079153415,0.098285679,0.113762347,0.089099735,0.114931769,0.104567573,0.092886032,0.082019642,0.054088438,0.105381441,0.065823927,0.422361425,0.204031504,0.40019948,1.055377244,0.893204916,0.892504249,0.047303867,0.540187502,0.50183713,0.198498602,273.3720202,257.893786,76.19677008,138.5964515,133.1344344,28.78193186,222.2425682,190.2846162,215.7120249,197.951858,117.3016414,514.674831,51.88738108,16.1721719,4.192635177,15.8889689,3.717869424,2.752426809,4.095242504,-1.54803013,1.422534521,-1.533771125,-0.322670472,0.755801804,-0.340707757,-0.089957201,0.532760753,-0.053055164,-0.039142898,0.272843946,-0.00215036,-0.124140812,0.186589004,-0.095206407,0.03383866,0.121791568,0.028118711
bee,bee_08,9,2242,2271,0.106325648,0.133795716,0.154653336,0.118591574,0.144739244,0.116027185,0.082898368,0.054243766,0.026786926,0.038048241,0.023889996,0.534011339,0.263330818,0.225867297,2.364270288,0.895495609,0.892383081,0.042316326,0.52776415,0.513076737,0.201913644,272.9244386,259.4642454,64.91760195,137.344378,134.0144264,28.1184919,222.2996564,192.6816826,224.8387772,211.148649,106.3371043,501.478041,49.98784302,15.94714033,4.197670582,16.17264804,4.061340218,2.536267259,4.34075833,-1.900793659,1.485123101,-1.814484159,-0.081112427,0.657973349,-0.082935225,-0.170795174,0.451694835,-0.129823054,-0.0510714,0.284974122,-0.011295715,-0.082767579,0.183793591,-0.082428185,-0.009876974,0.110190188,0.002234063
bee,bee_08,9,2332,2361,0.095119007,0.112943157,0.127169104,0.098096114,0.123898525,0.106705766,0.084766149,0.063447629,0.035887006,0.064102063,0.08786548,0.455869509,0.221994639,0.336068326,1.356478649,0.911112391,0.915302386,0.049966255,0.618029858,0.626771542,0.191830953,328.9124847,311.2562514,124.3130331,153.538206,154.502573,28.24819168,216.52172,203.2798451,284.0393328,250.73902,209.732053,739.02027,72.88227505,16.01351931,4.866616401,16.14417955,2.198120076,2.991361248,2.721217705,-1.169069635,1.755077455,-1.152863145,-0.0160454,0.857302012,-0.045365626,-0.232719731,0.439519744,-0.162373295,0.044187999,0.233200483,0.040393294,-0.126296914,0.179746094,-0.110785943,0.022640455,0.103887487,0.024896057
bee,bee_08,9,2362,2391,0.115877313,0.137826091,0.154482809,0.117420831,0.143482151,0.115293422,0.081603486,0.051574963,0.024120832,0.032414181,0.025903922,0.530679213,0.260902981,0.215617383,2.461207926,0.893855671,0.896079863,0.043099676,0.545671671,0.585294123,0.196826218,255.4669162,253.9148473,42.2075932,145.0847303,148.0156551,28.41552219,209.9981717,187.1430937,177.9716706,184.755068,78.80946148,329.919764,48.48820773,14.85718428,4.658169719,14.94607059,4.446020906,1.929065934,4.052714744,-1.264758927,1.224834283,-1.107319595,-0.373979998,0.623606017,-0.347715135,-7.02E-05,0.317647291,-0.05122414,-0.059007909,0.242255785,-0.021712586,-0.064443876,0.169421232,-0.054912301,-0.010037682,0.12192362,-0.00082775
bee,bee_08,9,2392,2421,0.137637905,0.15637579,0.165628388,0.118909741,0.136377394,0.101436073,0.066748437,0.040286352,0.019033806,0.029176533,0.028389582,0.522351595,0.255287134,0.18363471,2.844514502,0.886171166,0.880242015,0.050460642,0.525624819,0.523673168,0.219970052,245.0796931,236.858856,47.00970734,143.4220268,142.9187759,31.09020477,227.488624,190.3900074,162.8015282,184.755068,70.92343063,277.132602,55.18657865,15.46896329,4.712362903,15.50712186,4.749819481,2.230336565,4.606893809,-1.025908113,1.072563618,-0.891709828,-0.460128519,0.641984543,-0.39599129,0.018815676,0.307776472,-0.016147886,-0.02460379,0.215751483,0.000300389,-0.101380356,0.147255393,-0.065366629,0.007886322,0.117397164,0.009838214
bee,bee_08,9,2512,2541,0.091547358,0.11350392,0.132482342,0.104644895,0.134405039,0.117230191,0.093768571,0.070157806,0.039118523,0.06300062,0.040140735,0.488762467,0.239049934,0.306186255,1.596291341,0.900139169,0.901586481,0.042358536,0.538108187,0.542909514,0.205998049,288.8796072,275.3852103,69.34599714,137.3684509,133.2054538,29.19909247,216.5323462,198.9566688,240.1322541,224.345439,111.9116401,488.28125,55.18657865,17.93676384,3.166883432,18.13500283,3.684700435,2.763800959,3.603576612,-2.145074785,1.455455424,-2.217983862,0.092301186,0.811774533,0.132082344,-0.184822708,0.492536277,-0.129532652,-0.070603577,0.2965105,-0.055105014,-0.087890463,0.202005138,-0.064264106,0.009354782,0.139240135,0.020640847
bee,bee_08,9,2572,2601,0.087838759,0.107402876,0.125422252,0.100453903,0.132463661,0.120215809,0.10010868,0.076871427,0.042886518,0.066156639,0.040179476,0.478555625,0.232917564,0.32620274,1.467049679,0.897975225,0.8957712,0.038235904,0.5791802,0.573103743,0.156294825,263.2557931,252.7267553,55.8265252,148.5100001,147.3521504,24.78966665,211.2997052,192.0610712,182.5350468,184.755068,97.24366042,422.297297,48.2882564,14.1079685,3.87836005,14.06961554,3.741679663,1.82602134,3.966695016,-1.094971129,1.393716461,-0.801345279,-0.365924169,0.699270397,-0.357094014,-0.099795745,0.360018469,-0.061278697,0.020854217,0.214543202,0.016296735,-0.097813949,0.160604864,-0.088995748,-0.002604344,0.103897521,0.007161779
bee,bee_08,9,2920,2949,0.090515105,0.114150615,0.137106916,0.111523651,0.14689056,0.129415847,0.100561477,0.068970448,0.033716305,0.043075882,0.024073194,0.524936974,0.258414211,0.270397305,1.941354311,0.90145,0.897865637,0.042326615,0.561275044,0.571198425,0.204331362,275.5214749,270.52391,52.23951733,145.114926,142.3381921,29.70091304,224.2013867,195.3382239,206.215269,197.951858,98.61147413,369.510135,48.68815912,15.91820171,5.484086768,16.94466952,3.955192729,2.178730068,3.755600197,-1.722399826,1.60765661,-1.549007875,-0.081243132,0.716579031,-0.060368239,-0.078052373,0.43950539,-0.019986773,-0.045541943,0.283911989,0.003622452,-0.031773578,0.231098581,-0.016723122,-0.014393469,0.12154327,0.004582306
bee,bee_08,9,2950,2979,0.132457638,0.14470302,0.150345858,0.108600572,0.128507008,0.102158868,0.074234013,0.050516192,0.026351145,0.042752145,0.039373541,0.489612306,0.23710758,0.233227036,2.099294814,0.889303786,0.88709496,0.048123872,0.551378336,0.55607385,0.194263383,245.3727176,235.6799395,45.82684984,148.7914269,150.9884112,28.42427811,210.821643,189.3157931,146.0280374,171.558277,81.23094151,303.526183,53.18706497,14.76981362,4.788743931,14.27896177,4.40026853,1.812064242,4.305718555,-0.754615227,1.05695307,-0.72505223,-0.402927262,0.695598556,-0.339322911,-0.003161832,0.310492492,-0.019277435,0.019309369,0.226827705,0.043653153,-0.096897566,0.166641891,-0.059291814,0.012166981,0.101936694,0.015201647
bee,bee_08,9,3116,3145,0.149522235,0.164527285,0.168836667,0.118175617,0.132552326,0.096520624,0.062615895,0.037599714,0.01778325,0.027004759,0.02486163,0.516085234,0.250727943,0.169865247,3.038203774,0.866163357,0.858084413,0.050691801,0.439350826,0.406916793,0.208051478,230.2121427,223.0597263,47.09134021,127.5802674,124.9302278,28.49716175,206.2943339,180.0610334,158.1148175,171.558277,81.17056016,316.722973,52.38725952,16.63582895,3.602346108,16.92073138,5.504294518,2.185237516,5.589544694,-1.23831778,1.046016968,-1.288300331,-0.500542829,0.64981766,-0.465882735,0.121035286,0.319286277,0.088900247,-0.041191955,0.244259868,-0.006397288,-0.113298487,0.158057639,-0.071731917,0.038362339,0.122476596,0.033606371
bee,bee_08,9,3146,3175,0.121766853,0.141269828,0.153481803,0.113366211,0.135153576,0.106937726,0.076507607,0.05087554,0.02586415,0.040035177,0.034741529,0.508939316,0.248519787,0.228024003,2.23195501,0.898208336,0.894033359,0.04953822,0.555339829,0.525193539,0.21569659,262.9230156,256.196034,56.45212213,144.091115,142.2156632,30.57529893,222.3582022,193.423139,186.111747,184.755068,94.28440753,501.478041,65.88397704,16.2916995,3.707103714,16.65581046,4.228746674,2.203592072,4.351575908,-1.365575235,1.148029918,-1.241334099,-0.157183669,0.738188634,-0.18453827,-0.039658319,0.37559008,-0.024629739,-0.051723521,0.259208741,-0.022418826,-0.061385613,0.167665391,-0.049234561,-0.0167789,0.120122895,0.006470994
bee,bee_08,9,3176,3205,0.06894286,0.085698768,0.10373525,0.087116376,0.12223881,0.120624308,0.110229225,0.093271164,0.056694725,0.097045804,0.05440271,0.433714745,0.209355187,0.411643627,1.053617051,0.904091504,0.903398219,0.047450018,0.567982958,0.553450325,0.216214973,313.4299245,312.047281,88.97401965,142.6783535,134.2781424,31.64490281,226.3748461,197.5123406,259.6191036,250.73902,140.033983,514.674831,55.58648138,17.16424989,5.124791363,18.38342373,2.735431698,3.234202436,2.925588525,-1.995916965,1.77703112,-1.827292965,0.166507032,0.836425954,0.172327119,-0.303862145,0.537523357,-0.193296051,0.051156225,0.291929069,0.060524255,-0.131883352,0.222851287,-0.123456474,0.021088043,0.12954586,0.022841292
bee,bee_08,9,3266,3295,0.07383769,0.085599415,0.092956778,0.068730835,0.082562529,0.06772618,0.054763757,0.04937184,0.03912572,0.132223667,0.253101589,0.311976322,0.151293364,0.528586573,0.590208564,0.885107961,0.876381894,0.049468607,0.517058747,0.48225459,0.209098889,372.8650836,303.3607171,170.6444657,139.140362,132.1859077,31.56307476,213.2585899,199.9223046,330.043098,224.345439,242.9315738,739.02027,47.88835364,14.67266748,3.858434792,14.28720491,0.423182991,5.222990846,2.412976272,-0.334594566,1.342809588,-0.295903949,0.012788393,0.80232152,-0.032785148,-0.227282718,0.380137053,-0.207404322,-0.0140972,0.217531745,0.001138743,-0.074212979,0.144295839,-0.067325727,0.013674541,0.110447705,0.01947576
bee,bee_08,9,3296,3325,0.183465047,0.184277322,0.171480713,0.110375736,0.114747459,0.077920397,0.049144275,0.030812173,0.016132869,0.029080211,0.032563798,0.474524305,0.225123195,0.157733326,3.008395987,0.884283112,0.870714757,0.054818079,0.550915547,0.544652308,0.21585212,238.9189364,224.764996,49.90668537,151.5044881,155.3773571,33.62179414,225.2583958,203.6014855,130.7345604,158.361486,69.61621827,250.73902,50.58769714,16.21326357,5.433173857,15.8461549,4.512081148,2.068141693,4.354509796,-0.385286724,0.877338837,-0.416083731,-0.524217687,0.571024473,-0.514417946,-0.027825031,0.29236811,-0.052046276,0.038281939,0.19670137,0.048717967,-0.088091013,0.123213149,-0.061535344,-0.001082705,0.086814193,0.010649239
bee,bee_08,9,3356,3385,0.085872292,0.102347186,0.118005783,0.094731176,0.126889634,0.118775013,0.102976912,0.082513885,0.04762843,0.075737788,0.0445219,0.458401606,0.221620811,0.353378916,1.297195688,0.91285054,0.916410862,0.042422782,0.620309896,0.632430554,0.188149259,291.6294235,284.1936118,63.41707072,154.1864528,155.2181753,31.02587331,222.4621914,204.6728374,195.9785062,184.755068,120.7080932,448.690879,71.18268848,15.94172721,4.319244153,16.05842784,3.145233715,2.120747744,3.158215385,-1.425391991,1.528288868,-1.167393102,0.012654788,0.856752754,0.006513114,-0.175924415,0.429083995,-0.095188275,-0.006577896,0.238948249,0.011195169,-0.08719058,0.181688859,-0.055730382,-0.003738117,0.114530656,0.007668954
bee,bee_08,9,3386,3415,0.088552964,0.103318982,0.116814382,0.092799442,0.124256395,0.117565105,0.103646977,0.084127219,0.048648993,0.076118094,0.044151447,0.451435324,0.217055837,0.35669273,1.265614032,0.917601498,0.91724508,0.042054383,0.634106421,0.650210808,0.19715682,311.160952,312.9197427,76.86125116,151.8871434,148.0809733,31.30176946,227.9745388,211.5634398,249.7523444,237.54223,142.3899852,739.02027,69.58307742,17.16339863,5.918730868,17.81278383,2.575187232,2.573740282,2.546770455,-1.701274447,1.600359227,-1.372838483,0.083315341,0.800655488,0.043594516,-0.185113755,0.420242361,-0.0911916,0.011168341,0.244569723,0.012537198,-0.09256357,0.180903142,-0.071030946,0.000187718,0.110093872,0.017120412
bee,bee_08,9,3416,3445,0.029571029,0.040335228,0.055181835,0.052274005,0.083304089,0.094793196,0.099473465,0.096877172,0.067565176,0.152232722,0.228392083,0.285553125,0.135578094,0.644540617,0.443033561,0.907499548,0.917897877,0.05659746,0.61463683,0.645205028,0.201812637,406.9692335,396.5605999,136.5517679,151.0163783,149.3647893,32.60278821,241.2800424,210.9170398,402.3171097,395.903716,220.3376756,739.02027,62.38482794,16.78454529,4.153171601,16.51690172,0.168508071,3.408774928,0.193595984,-1.172503351,2.228146356,-1.198624321,-0.017779209,0.844641787,-0.069565258,-0.326958874,0.540224743,-0.31728387,0.000732821,0.316215033,0.026467939,-0.105529082,0.236902111,-0.116071981,-0.007585236,0.150321671,0.011436834
bee,bee_08,9,3446,3475,0.144820242,0.160853718,0.166277564,0.117047851,0.132299598,0.097805395,0.065080659,0.040410782,0.019605539,0.029666231,0.026132421,0.513430408,0.249347449,0.180895632,2.838268691,0.882304068,0.875844045,0.046240355,0.514050024,0.518272792,0.194609936,239.3938699,234.1691617,42.01124869,143.2971832,143.8500263,29.63033958,218.825485,189.6107481,150.0980756,171.558277,74.62870987,303.526183,48.98808621,15.50513318,4.256917263,15.55575639,4.781974375,1.921208617,4.600415645,-0.880510147,1.15885184,-0.726585633,-0.347502553,0.672953487,-0.298247699,-0.015961792,0.36013544,-0.057539222,-0.004811927,0.264654408,0.029519524,-0.071782477,0.169189762,-0.044874998,0.003656023,0.119201299,0.019549003
bee,bee_08,9,3476,3505,0.08127723,0.108100878,0.133295525,0.108962316,0.142866794,0.125230775,0.098197105,0.070164485,0.037015019,0.056196098,0.038693776,0.51035541,0.25182911,0.300266483,1.699674918,0.895662343,0.892503748,0.042120795,0.517374884,0.495182134,0.204633035,274.1938602,273.9160103,58.43918385,137.1156953,131.2567689,31.13639043,240.0467192,191.8824521,225.2087806,224.345439,102.7782368,620.249156,57.98589787,19.27116216,3.764207811,19.8656223,4.220546592,2.339306449,4.279828637,-2.013666404,1.664592301,-1.770818799,0.009973189,0.806336316,-0.015510295,-0.198719511,0.443534768,-0.142922963,-0.026808048,0.313561537,5.45E-05,-0.074875871,0.197069009,-0.074808947,-0.035550339,0.142539007,-0.005711245
bee,bee_08,9,3566,3595,0.131093894,0.147381523,0.156348448,0.113835636,0.134230126,0.104820543,0.073666988,0.047802571,0.023713094,0.035895771,0.031211406,0.509234753,0.248065762,0.21228983,2.398771301,0.891382118,0.884706099,0.04838366,0.556336638,0.541722992,0.202323584,247.5665633,237.5680837,50.7541214,149.7548503,147.3368984,31.89085438,229.5054272,202.9648193,146.1513718,171.558277,98.81882411,739.02027,61.98492533,15.50715156,4.935670591,15.58322791,4.332896304,1.896243358,4.219130945,-0.784086671,1.209692257,-0.675450212,-0.329250822,0.676179514,-0.263544803,-0.031966144,0.368212068,-0.054799981,-0.006762393,0.220812698,0.022847428,-0.083870015,0.136072961,-0.063223459,0.018092003,0.11016977,0.021303859
bee,bee_08,9,3596,3625,0.114630259,0.134965036,0.149930328,0.113400161,0.138588053,0.112430807,0.081625691,0.054133423,0.027005355,0.040125266,0.033165621,0.514349348,0.251988214,0.236055357,2.178935289,0.892947383,0.884095309,0.053282916,0.54692849,0.544534857,0.223048913,261.1786828,245.5358964,61.91578296,142.8076596,143.2627074,30.20186534,221.9854197,190.3754474,187.7150954,184.755068,97.17914619,527.871622,60.7852171,16.28458528,4.168095029,16.86396791,4.259943562,2.340709765,4.38099228,-1.261891251,1.301404115,-1.090176167,-0.335144102,0.691907267,-0.281824682,-0.066610324,0.331249095,-0.067884423,-0.018678802,0.276276921,0.021018903,-0.076890075,0.178088378,-0.059938403,-0.024816396,0.102551656,-0.007908634
bee,bee_08,9,3686,3715,0.108590588,0.133272062,0.151886645,0.115880907,0.141345796,0.113584893,0.081650951,0.054170603,0.027430696,0.041730436,0.030456424,0.52269824,0.257226703,0.23543911,2.220099459,0.891456999,0.892246918,0.053479563,0.54244438,0.54224709,0.232375581,258.1382062,245.5439064,59.47655929,144.474093,144.9300058,33.39880244,225.0841702,199.7512238,176.3683222,184.755068,87.46109198,395.903716,51.38750261,16.55677709,6.221402075,15.9721652,4.389588105,2.478702346,4.357215621,-1.194672851,1.395399404,-0.783788791,-0.414684331,0.673509636,-0.370652559,-0.063904681,0.384090881,-0.067124091,-0.006288412,0.266314501,0.015756375,-0.116381627,0.179435548,-0.091764933,0.011209971,0.114138458,0.01665942
bee,bee_09,7,30,59,0.079766841,0.101607007,0.122298438,0.099263744,0.13079532,0.117127745,0.096149329,0.074445979,0.043480569,0.077458139,0.057606889,0.469485247,0.230059064,0.349140905,1.344687033,0.920835441,0.919995719,0.048504412,0.671313855,0.672232443,0.202410689,291.3271972,280.1887931,68.71753209,164.6674826,163.7063234,31.92919355,232.753221,215.3810446,176.1216532,184.755068,120.0767704,554.265203,71.28266417,13.25916229,5.477131609,11.7980554,2.994855515,1.963644998,3.0368316,-0.84970194,1.389648873,-0.519690308,-0.207005048,0.601729037,-0.227838223,-0.236233385,0.404596288,-0.188114947,0.026761796,0.193702327,0.010977471,-0.096199304,0.159281325,-0.069424753,-0.009676186,0.092484158,0.002812696
bee,bee_09,7,100,129,0.072253972,0.095770655,0.122412485,0.105755716,0.14836749,0.140239253,0.116096702,0.083634916,0.041848031,0.051553632,0.022067147,0.516774945,0.254123206,0.315200428,1.639512193,0.878973813,0.885691552,0.041545124,0.451386549,0.43098567,0.172194936,273.9138514,275.892931,60.86003577,125.3614063,120.6710789,23.29676615,225.708127,173.37318,232.9788536,237.54223,99.63798094,356.313345,43.08952062,18.88076481,4.357802461,19.11861331,4.445336392,2.190769238,4.070844309,-2.431282892,1.914958573,-2.474525389,0.016439647,0.846447953,-0.020117563,-0.298133506,0.588425732,-0.180850526,-0.024984696,0.335438767,-0.030933774,-0.109580647,0.245644887,-0.069074396,-0.013443561,0.157240683,-0.003987547
bee,bee_09,7,120,149,0.148465403,0.16373074,0.168455329,0.118216033,0.133008253,0.097268828,0.063392609,0.03816439,0.017994921,0.026904254,0.02439924,0.516948443,0.251224286,0.170855415,3.02564857,0.865144419,0.858394225,0.049239624,0.449556851,0.418095082,0.191348288,230.8346723,224.4555694,47.752432,130.0141164,128.5398697,26.59052578,212.4504786,176.3245357,157.251476,184.755068,77.29020134,303.526183,49.28801323,16.99692427,4.731090329,17.4149221,5.292160447,1.999773731,5.408672174,-1.066823961,1.194340917,-1.037018047,-0.523776084,0.630780756,-0.467340338,0.022769058,0.384590862,0.023620055,-0.031277271,0.266781681,-0.018180372,-0.108985761,0.179465239,-0.091867035,0.015547621,0.118723864,0.018787508
bee,bee_09,7,150,179,0.135729039,0.156070061,0.166601972,0.119900276,0.137250005,0.101399026,0.066059901,0.039556929,0.018730549,0.029395577,0.029306665,0.525151279,0.257150281,0.183049621,2.868901209,0.873628716,0.86198288,0.051001499,0.493277408,0.473859073,0.202586349,233.1807405,224.6935313,48.15928414,138.0897373,136.5200837,27.77152798,200.7546405,184.6606353,154.0447793,171.558277,75.89539084,316.722973,53.18706492,16.35294528,5.224460456,16.06067778,4.954803482,2.023368586,4.920100208,-0.820319863,1.004490508,-0.85105463,-0.54228276,0.601245118,-0.397248612,0.015293517,0.382623713,-0.015030633,-0.005107752,0.244675858,0.022361254,-0.101299305,0.154702069,-0.078699397,0.01654764,0.124888967,0.014031987
bee,bee_09,7,180,209,0.136744605,0.154858885,0.163277245,0.116755295,0.133620709,0.099667751,0.066487946,0.041360143,0.020349366,0.032972163,0.033905892,0.513321,0.250376003,0.19507551,2.631396426,0.909484146,0.912194015,0.053925376,0.636304643,0.664450426,0.229349548,265.4530952,260.4927599,55.62601524,166.725536,170.4754399,35.91517373,225.7476545,214.9196821,136.6546161,158.361486,93.02903833,646.642737,61.1851199,11.32855005,5.76849548,9.585158018,3.836251752,2.263526408,3.384577071,-0.504020454,0.984115208,-0.334573556,-0.413720704,0.522585171,-0.347332683,-0.023408925,0.333300975,-0.028756334,-0.031079866,0.197340555,0.002412939,-0.050552125,0.122917312,-0.029455483,-0.008381952,0.101177168,-0.0001537
bee,bee_09,7,210,239,0.12080134,0.147716809,0.166104682,0.124021144,0.146161573,0.110577188,0.072475798,0.042228882,0.018735229,0.026036821,0.025140534,0.546864587,0.270182717,0.184617264,2.962153024,0.895571063,0.898229125,0.05180675,0.558468357,0.546262601,0.230153543,258.6955416,256.2449204,47.75939387,148.3024411,143.8747018,36.04082561,225.5950318,203.5636287,168.9682528,184.755068,75.55514231,303.526183,50.78764849,12.98105739,4.330481488,12.86948869,4.399957257,2.12312603,4.215789321,-1.068821614,1.283989197,-0.816708582,-0.427117954,0.559338443,-0.393776562,0.023228654,0.313799519,-0.001960681,-0.08430783,0.265985121,-0.0245116,-0.048830654,0.141899598,-0.038191895,-0.016447765,0.10031506,-0.003593134
bee,bee_09,7,270,299,0.115370994,0.135979648,0.150220666,0.112576023,0.136100137,0.109337072,0.07933281,0.053431132,0.027426055,0.042706181,0.037519282,0.508233899,0.24867616,0.24041546,2.113981762,0.899378325,0.900162957,0.047837422,0.578935883,0.577216901,0.204422331,265.0261323,263.2158337,52.26975048,148.6756049,146.7544407,31.83578774,226.1459858,207.8381108,179.5750189,184.755068,85.92407885,329.919764,51.4874783,14.76079172,4.169376286,15.09635306,4.02299937,1.969307981,3.860912498,-1.142694737,1.274445487,-1.124781088,-0.353503404,0.625662931,-0.337170263,0.000473226,0.33371462,-0.008488696,-0.092771804,0.212960536,-0.036945936,-0.048182099,0.125955512,-0.036165601,-0.006754507,0.098781074,-0.00104279
bee,bee_09,7,300,329,0.134703696,0.14983384,0.157471311,0.114088557,0.134494085,0.105568497,0.07474557,0.048445145,0.023506449,0.03270345,0.0244394,0.511622451,0.248582643,0.203840013,2.509921594,0.889377709,0.889493311,0.043640205,0.517439551,0.516216331,0.201609723,252.7668358,250.7250804,48.44659187,141.244125,140.7678801,30.08535206,222.7918182,191.5664997,168.3515803,184.755068,89.14059196,382.706926,50.68767285,16.69217573,5.230658761,16.93536138,4.598830427,2.141476938,4.62852859,-1.450705878,1.397680519,-1.251131309,-0.140563257,0.689596814,-0.129068295,0.023558985,0.386073446,-0.01463255,-0.113633511,0.280969265,-0.060533701,-0.001146713,0.167773866,-0.016872291,-0.019521568,0.135349262,-0.002280357
bee,bee_09,7,330,359,0.149097422,0.163186841,0.165674526,0.114450849,0.126605191,0.091284638,0.05993304,0.038071087,0.019777298,0.034834637,0.037084472,0.498015205,0.241056041,0.189700533,2.625270454,0.878705335,0.876850749,0.052789077,0.509299166,0.516836518,0.216493399,235.54008,231.1110354,43.45741049,142.1236668,143.6213932,33.67819651,240.9899055,194.7054079,130.9812294,158.361486,68.30157366,250.73902,50.3877458,16.59140057,4.367110435,16.95211394,4.916651321,2.124421262,4.653748307,-0.735597827,0.86769433,-0.767575663,-0.467770332,0.683813072,-0.388702267,0.047600833,0.383773137,0.003738219,-0.00494311,0.196175204,0.03137808,-0.106693752,0.164650368,-0.073929244,0.025621718,0.099568949,0.02652157
bee,bee_09,7,360,389,0.041387873,0.054975631,0.072141121,0.065221795,0.098299915,0.10448201,0.102650634,0.095025869,0.06484766,0.146711869,0.154255622,0.340144841,0.16352171,0.563491655,0.603637762,0.893784635,0.891764846,0.044536307,0.535713339,0.535051188,0.20191212,309.1037317,276.353229,127.7311875,140.3318193,137.5718388,29.41919465,205.5591985,194.4422921,259.3724346,211.148649,189.1847364,725.82348,54.28679748,16.56827515,5.107798679,16.23835705,2.268523136,4.294517792,3.549285149,-1.331229031,1.518274264,-1.145652846,-0.095132562,0.860098658,-0.128115375,-0.110997505,0.487654815,-0.034879923,0.019568457,0.296894393,0.007056288,-0.120496838,0.207707082,-0.084139278,0.017892677,0.152393248,0.017531101
bee,bee_09,7,390,419,0.139855104,0.155894699,0.162196494,0.115147349,0.131658097,0.098991434,0.067231423,0.042711527,0.021179998,0.033245321,0.031888554,0.507993374,0.246805446,0.196256823,2.588411281,0.87929001,0.872783072,0.042296117,0.501807526,0.495106007,0.175122477,235.922136,230.1141023,37.63190724,139.9172051,140.9893961,25.57338307,210.2927735,179.9932923,148.4947272,171.558277,72.81607729,250.73902,48.58818348,14.87570084,3.771570593,14.87475626,4.861020509,1.654775077,4.809206804,-0.963634701,1.100778357,-0.830620257,-0.414652786,0.638028075,-0.338307976,-0.00264941,0.297332735,-0.007541406,-0.019624225,0.206286987,-0.002638178,-0.077765872,0.14635394,-0.057340323,-0.008259098,0.110803741,0.013772073
bee,bee_09,7,420,449,0.075504992,0.09854799,0.122245225,0.102248172,0.139060776,0.128441397,0.106653858,0.080275971,0.043666014,0.065400503,0.0379551,0.491995571,0.241308948,0.333951447,1.473254793,0.89525616,0.893810634,0.040688606,0.523637984,0.519522504,0.193279737,270.5029778,265.921717,59.39527385,139.730705,135.7781911,27.48835203,220.0991813,186.6172478,210.6553107,211.148649,105.0361734,501.478041,51.38750261,18.0478414,4.58600299,19.33409175,4.11224441,2.215200037,4.018674013,-1.887255318,1.716276425,-1.402557428,0.063589057,0.849989671,0.099784353,-0.227766977,0.441615578,-0.171541006,0.017665088,0.288922278,0.048720293,-0.087742585,0.207855748,-0.080899754,-0.016919263,0.151056903,0.017144205
bee,bee_09,7,510,539,0.105454904,0.124569507,0.139472039,0.106875723,0.133548417,0.112682088,0.08652476,0.061491526,0.032661516,0.051486385,0.045233134,0.492578267,0.24042414,0.277397322,1.775713852,0.914566094,0.915320521,0.03796179,0.644000908,0.668677442,0.162705432,281.5287295,276.8857453,57.34223805,156.8189887,158.8853932,26.0866827,219.2175998,201.2656001,202.3918998,197.951858,104.1530539,475.08446,46.58866968,10.74384643,3.281070641,10.97598788,3.215244254,1.78976083,3.25628432,-1.125573073,1.26521409,-0.845613865,-0.268806068,0.622013823,-0.303355778,-0.092420959,0.317443147,-0.037067862,-0.03134525,0.169927832,-0.017952343,-0.068939856,0.137666159,-0.06795662,-0.011114082,0.079071555,0.002025225
bee,bee_09,7,600,629,0.042649408,0.057298503,0.073923465,0.065160966,0.096530351,0.103517762,0.106381798,0.104642154,0.073862286,0.157160638,0.118872669,0.339132544,0.161691317,0.560919545,0.604601047,0.918911817,0.919844036,0.042061864,0.628358267,0.638369851,0.207237157,342.4798264,336.9588012,94.55494185,149.745712,148.3401226,32.95256692,230.960057,210.8773942,308.7062311,290.329392,153.9851456,607.052365,60.28533867,15.47933968,5.252453333,15.84908426,1.822567009,3.241388232,1.866098349,-1.828072944,1.634578335,-1.75264305,0.086412007,0.819176395,0.045458585,-0.250954399,0.549144055,-0.214929869,0.011724815,0.311346568,0.031180321,-0.102226547,0.218115426,-0.069603643,-0.001146601,0.131394133,-0.007091866
bee,bee_09,7,630,659,0.148082895,0.158308807,0.159780692,0.111903346,0.127738587,0.09689041,0.066865421,0.043166466,0.021571218,0.033707487,0.031984671,0.496313035,0.239641933,0.197295262,2.515585167,0.892073379,0.889657341,0.053577225,0.552208389,0.564941551,0.223129755,258.3028959,251.0782476,57.12470431,146.0831618,149.0077683,33.43001923,221.3583287,199.7860025,170.3249321,184.755068,82.3496943,329.919764,56.38628692,15.24444045,4.329986674,16.44152014,4.291524162,2.180094301,4.130049649,-1.066691763,1.340610526,-0.931295684,-0.428822337,0.594591435,-0.36757648,-0.044901637,0.304600806,-0.066049957,-0.024119767,0.263867255,0.00582255,-0.080602086,0.166979814,-0.061911374,-0.018102335,0.106582778,-0.007115673
bee,bee_09,7,660,689,0.140445701,0.162785421,0.173465448,0.123534761,0.138691004,0.099100869,0.061642886,0.03489818,0.01576829,0.024154089,0.025513352,0.534792082,0.262225765,0.161976797,3.301658589,0.891772182,0.885637506,0.057565956,0.550891631,0.539590277,0.246857442,250.4125496,235.5286998,60.40125469,146.9655282,144.745336,37.41099806,228.6375091,213.5416625,150.2214101,171.558277,95.28024563,580.658784,61.6849983,14.66819378,5.067427136,14.61983868,4.534314363,2.402366633,4.370428755,-0.871300828,1.014878872,-0.727039287,-0.495422317,0.543722881,-0.36270928,0.056015571,0.339006276,0.032178019,-0.044024836,0.216112439,0.004890269,-0.07783497,0.12268461,-0.056925702,0.005228008,0.097334968,0.011265546
bee,bee_09,7,690,719,0.160985159,0.167955438,0.163433032,0.109783953,0.119376691,0.085558684,0.056824459,0.037128986,0.019916688,0.036654178,0.042382731,0.47815236,0.229160643,0.192907042,2.478667205,0.895762204,0.889741726,0.050033035,0.589262558,0.571020181,0.194180651,250.2172708,241.6161318,52.08067256,153.0251873,153.6747641,29.36861962,231.0428521,204.8202356,148.0013892,171.558277,81.58468879,395.903716,55.3865301,13.60907718,3.574328274,13.9906613,4.060886228,1.714990266,4.098803849,-0.539547883,0.740473808,-0.478531067,-0.485859931,0.596622233,-0.456017342,-0.028212881,0.278481066,-0.027602389,0.021193617,0.169923472,0.026651269,-0.101046495,0.127327752,-0.08076337,0.003800219,0.073038748,0.016191522
bee,bee_09,7,720,749,0.093083863,0.106950532,0.118112224,0.090845077,0.116221848,0.104000123,0.088881068,0.074332887,0.047145244,0.092403426,0.068023707,0.429179272,0.207066925,0.370786333,1.157484067,0.90349965,0.907136618,0.047091652,0.590312192,0.605224546,0.199468713,308.0115681,296.2732281,98.02857453,145.3723292,144.4195447,30.53914121,224.1670959,200.6462055,259.1257656,237.54223,156.3013112,567.461993,47.48845089,14.89496329,4.807120121,15.91122779,2.584859226,3.276019856,3.094928152,-1.489092659,1.505772056,-1.500484168,-0.20828045,0.75885089,-0.235447696,-0.195687529,0.478706211,-0.087028998,0.018995879,0.244761621,0.015616798,-0.135255932,0.179777325,-0.109466333,0.052347647,0.127955621,0.031616193
bee,bee_09,7,750,779,0.119887154,0.142144933,0.156210445,0.115264649,0.135666225,0.104427961,0.072126473,0.046818631,0.024054619,0.040717276,0.042681634,0.51156928,0.250930874,0.226398634,2.259595263,0.897026376,0.895900124,0.047883501,0.586840472,0.581381562,0.194112732,252.3767437,242.3154214,48.98575171,153.1703087,154.1271513,30.16090826,225.1248647,202.2054592,164.2815421,171.558277,72.57853296,329.919764,51.58745402,11.79559865,4.344831749,11.37950703,4.109849774,1.729856576,4.076603713,-0.65060099,0.899333738,-0.590899415,-0.521887756,0.547850739,-0.424284615,-0.04527399,0.273046207,-0.046665342,0.014876345,0.173768799,0.008039875,-0.096800376,0.125594849,-0.071826963,-0.006247633,0.096942314,0.002881189
bee,bee_09,7,780,809,0.177152371,0.181643596,0.1725606,0.112811752,0.118571064,0.080925401,0.050696001,0.031182365,0.015980665,0.028094149,0.030382036,0.484868818,0.231382817,0.156335215,3.101468961,0.895516478,0.901487373,0.061316875,0.587080169,0.619356134,0.249916219,252.6268657,242.2889732,62.60889299,156.7327273,162.5602225,38.23460183,223.2424454,213.7102242,132.8312468,158.361486,84.95323615,369.510135,55.1865787,12.97351581,6.43082359,12.35106224,4.228100487,2.528933075,3.740038807,-0.522438265,0.897174111,-0.585935575,-0.456171,0.598137387,-0.31194642,0.022731245,0.322112086,-0.01141058,-0.007799389,0.164289054,0.003834278,-0.077608766,0.124030991,-0.04355814,0.002595513,0.110738346,0.010846655
bee,bee_09,7,810,839,0.111785825,0.137460912,0.156836802,0.119532266,0.145028225,0.114806014,0.080006169,0.050333896,0.023923302,0.033909647,0.02637694,0.536203308,0.264560491,0.214549955,2.499200283,0.89256628,0.897921027,0.058619644,0.546906672,0.562206222,0.248443946,259.4105117,250.6319915,59.58150618,145.516847,141.9904515,37.00767751,228.0065345,207.7496182,174.7649738,184.755068,86.24785205,435.494088,54.78667595,15.18128429,6.452030252,15.2630543,4.456843758,2.498430998,4.076290574,-1.11153199,1.302845594,-0.88666106,-0.426285759,0.738792276,-0.340791418,-0.014693194,0.402061642,-0.026573075,-0.01714965,0.259969447,0.019473552,-0.119202257,0.196312703,-0.088310967,0.017778897,0.137675616,0.013978712
bee,bee_09,7,870,899,0.12129985,0.142900334,0.156000921,0.114674008,0.135117358,0.105070153,0.07411904,0.049280788,0.025472929,0.040751618,0.035313,0.51086244,0.249791366,0.224937376,2.271131856,0.912127726,0.921083605,0.053070041,0.618714788,0.672464353,0.237831916,279.7728589,276.551604,61.03694779,154.9106225,154.885899,36.92440441,237.6587734,211.7106464,195.7318373,197.951858,88.15167749,514.674831,56.08635985,13.16049689,4.996981758,13.80217261,3.729603793,2.297259082,3.337271866,-1.177048389,1.136885163,-1.073066767,-0.312798575,0.640080103,-0.335408102,-0.051245497,0.347365783,-0.056254243,-0.05681735,0.212593839,-0.055109012,-0.083170753,0.142366743,-0.064418821,-0.001043643,0.101254311,-0.001509322
bee,bee_09,7,900,929,0.087270715,0.102765792,0.117140829,0.093243376,0.124157125,0.116026516,0.101278156,0.082532134,0.048705213,0.080082973,0.046797171,0.450567846,0.217400501,0.359395647,1.253681981,0.8981954,0.894943189,0.04963352,0.558568379,0.525618168,0.213608443,272.1909943,261.7126472,65.87770192,143.4212852,138.6958287,33.22683453,228.2611158,207.0628532,193.2651474,184.755068,114.8457559,527.871622,66.38385551,15.81072645,4.441681725,16.1680911,3.863369601,2.358224717,3.926428735,-1.42149537,1.475055909,-1.178113399,-0.155396726,0.775102086,-0.224332484,-0.049187646,0.421143174,0.008800862,-0.036293178,0.280224999,-0.002834959,-0.067470236,0.179897957,-0.0458599,7.74E-05,0.119266952,0.012429002
bee,bee_09,7,930,959,0.105844364,0.124238208,0.13760431,0.104396904,0.129749212,0.110137913,0.086766873,0.064522013,0.035916279,0.058275387,0.042548536,0.481888339,0.234146115,0.288029089,1.673054417,0.907160953,0.905554184,0.042517961,0.59143725,0.586281748,0.184203556,292.436681,303.9274513,59.61709578,144.0561517,142.2697829,27.62803064,229.4217153,195.8826425,237.0488918,250.73902,96.86131767,409.100507,52.68718654,15.62633078,3.317251315,15.77163492,3.399037745,2.124313347,3.296301836,-1.81622623,1.440617471,-1.691074246,-0.116742977,0.630122563,-0.06808429,-0.163989546,0.396906844,-0.146322853,-0.068228038,0.246678033,-0.056940027,-0.03972107,0.159844783,-0.034231118,-0.05135817,0.121191087,-0.035234288
bee,bee_09,7,960,989,0.031563785,0.038742531,0.04541127,0.036707162,0.049879815,0.049624353,0.051076941,0.057647555,0.051661331,0.187967866,0.399717392,0.181622599,0.086586977,0.748071085,0.242787889,0.881043568,0.883379954,0.058128225,0.4973312,0.481602693,0.224493419,424.3510614,424.4626025,174.2756408,134.377416,131.3925026,31.59270269,229.0586685,192.9227745,409.9638482,435.494088,250.5649546,739.02027,65.38409858,16.80954279,5.011431639,17.56152558,-0.655315563,5.376630085,-0.299713199,-0.443776379,1.739727785,-0.565069261,0.150928475,0.924262036,0.04706984,-0.216863171,0.482765952,-0.160649639,0.031519603,0.268224874,0.041741344,-0.114881823,0.223813452,-0.107732963,0.013082075,0.13308706,0.020824648
bee,bee_09,7,990,1019,0.086905511,0.104538803,0.12028689,0.095409372,0.125352052,0.114722339,0.098357543,0.079689144,0.047407354,0.08015685,0.047174141,0.455770654,0.220761424,0.352785032,1.291921744,0.898496436,0.898675611,0.046954734,0.576399112,0.598110093,0.195653316,259.0868482,249.2662146,54.02565089,149.3888649,153.1671756,29.10335032,226.4921979,200.3574064,160.9515108,171.558277,91.12641702,514.674831,61.18511987,13.83668396,5.131973691,13.52790248,4.020163059,1.90436735,3.956531261,-0.972397125,1.211179267,-0.823816864,-0.332099391,0.706378385,-0.331747436,-0.094887047,0.42340799,-0.061723456,0.026267365,0.218269551,0.026974738,-0.109128719,0.165176842,-0.071163348,0.006332365,0.108051399,0.013826303
bee,bee_09,7,1020,1049,0.108395333,0.128718526,0.14564522,0.112635499,0.141124956,0.117604755,0.086999597,0.05786685,0.02842031,0.040331278,0.032257675,0.51701043,0.253760456,0.24587571,2.102730805,0.920002815,0.929864106,0.06005628,0.658778315,0.68728895,0.26373432,292.0928847,283.7970859,79.11073798,164.2731048,162.4356601,40.61170387,228.5392631,220.8700244,179.9450224,184.755068,167.2371988,739.02027,69.78302883,12.01735813,6.062540943,12.27476703,3.340480651,2.608533262,2.972159453,-0.915685773,1.220738489,-0.571741228,-0.330278939,0.584249213,-0.301844585,-0.014577203,0.299630489,-0.05460636,-0.04649015,0.232726907,-0.003795676,-0.060409069,0.143225692,-0.053430419,-0.005250212,0.105185438,-0.00126184
bee,bee_09,7,1050,1079,0.116637176,0.141344244,0.158395498,0.118711509,0.141748751,0.110493606,0.076217507,0.047790086,0.022813659,0.033422368,0.032425596,0.529349364,0.26046026,0.212669216,2.489073755,0.893303652,0.892954771,0.045470738,0.557665855,0.544875588,0.183668604,262.0091354,252.0363582,54.48072276,142.8385435,139.6046692,27.38979775,218.6766583,195.9324643,194.9918304,197.951858,83.97750082,369.510135,48.18828067,11.74948513,3.046128,11.80734712,4.11128455,1.832474725,4.344677656,-1.176995014,1.211554689,-1.140122367,-0.536822486,0.586089676,-0.561343304,0.033279838,0.304617469,0.067448788,-0.058532826,0.187307734,-0.058610175,-0.092561884,0.137854178,-0.075762319,-0.006863395,0.091748139,-0.00903234
bee,bee_09,7,1080,1109,0.038399677,0.053376906,0.073209601,0.068681428,0.107602783,0.119713523,0.122393024,0.114733495,0.075553032,0.141207359,0.085129172,0.369207336,0.176284211,0.539016081,0.684965344,0.912102064,0.906524463,0.039108865,0.611742666,0.594712531,0.178245299,323.5847007,323.0282426,78.5376044,146.2474034,140.7482158,31.18832526,229.4110274,209.8754096,266.4025006,237.54223,131.3817042,541.068412,53.28704059,16.91923496,5.060371067,16.22345739,2.161122159,2.638333007,2.109721904,-1.909143292,1.795583097,-1.764647617,-0.101939496,0.726094285,-0.098290406,-0.353334527,0.593847621,-0.183942911,0.045521874,0.304703205,0.031903236,-0.174721857,0.237036752,-0.102623999,0.029095816,0.112000955,0.024400665
bee,bee_09,7,1110,1139,0.073298315,0.09395988,0.116238094,0.098169731,0.136046698,0.129111678,0.110223797,0.084857528,0.046755917,0.070470235,0.040868126,0.479566201,0.234216429,0.353175604,1.357868993,0.906057079,0.901162645,0.043141452,0.574240949,0.549571605,0.204083739,302.578608,296.3757742,73.36580362,141.8113532,134.7354604,31.8701452,220.0620617,208.1385401,244.3256268,237.54223,121.8381701,461.887669,60.38531436,15.10843662,4.297440974,16.13504867,3.025904964,2.761106087,3.14207287,-2.069609212,1.671507313,-2.036191953,0.032854552,0.694128839,0.0593317,-0.180818995,0.468327597,-0.136071702,-0.039772353,0.292750757,-0.004038531,-0.068694936,0.211173153,-0.040015547,0.000781194,0.143605692,0.014453898
bee,bee_09,7,1230,1259,0.064735843,0.086231061,0.107911062,0.090792055,0.12534124,0.120412379,0.107536213,0.090072297,0.054865439,0.095085188,0.057017224,0.444456735,0.216133294,0.404576361,1.09857317,0.9049252,0.901678898,0.041876462,0.583903587,0.582953298,0.186910048,275.0516556,268.8866481,58.90924728,149.7480404,148.1126503,32.23322705,231.63058,209.5712937,184.6317331,184.755068,108.2385011,514.674831,53.88689476,16.94531283,5.444773115,16.78026157,3.592499122,2.136592024,3.742529773,-1.334670809,1.595767056,-1.143370141,-0.085638574,0.819824393,-0.131361486,-0.211885924,0.448024212,-0.105559641,0.016756997,0.221887484,0.028817192,-0.110116873,0.190736072,-0.086242408,-0.000702382,0.123163953,0.000145328
bee,bee_09,7,1260,1289,0.143690492,0.163818176,0.171325377,0.119979948,0.132739733,0.09399368,0.059154828,0.035272675,0.017358579,0.029878143,0.032788368,0.518038738,0.25271968,0.174452594,2.969510094,0.882325492,0.871985845,0.058748368,0.534216888,0.488925638,0.229174223,239.6380772,227.2134308,58.9323723,143.951652,142.6208013,34.54368896,219.4159868,213.997287,147.0147133,171.558277,72.11925537,435.494088,49.18803755,13.90337024,5.386501947,14.53852644,4.614322542,2.135931415,4.837429218,-0.561252549,0.842605793,-0.636265418,-0.595409316,0.581364514,-0.468978408,-0.000822374,0.308520209,-0.032258786,0.028732229,0.18372614,0.035048046,-0.112862639,0.143632122,-0.088535951,0.005794976,0.099621606,0.008263535
bee,bee_09,7,1290,1319,0.1445764,0.163143154,0.171478681,0.122246073,0.139149792,0.102369349,0.066081655,0.038217346,0.0166852,0.020975689,0.015076661,0.535243894,0.261395865,0.157036552,3.408403258,0.874913856,0.86780084,0.054363312,0.487068442,0.443203599,0.229689537,238.2595871,226.3020665,60.04132717,139.3856868,133.2301577,36.84065055,234.7119684,207.3464715,139.9846473,158.361486,92.69060869,435.494088,49.88786736,14.95197989,6.280534955,14.61148716,4.91488134,2.425460649,4.9758163,-0.933369748,1.620747332,-0.529888311,-0.343161708,0.70427995,-0.249388541,-0.079757923,0.404389856,-0.035475285,0.001254098,0.288759784,0.040337474,-0.055357349,0.18242996,-0.030781398,-0.02979779,0.131469224,0.000791779
bee,bee_09,7,1320,1349,0.099373202,0.122223973,0.141847192,0.111511176,0.14197837,0.12109044,0.092387621,0.063657295,0.032057819,0.044680752,0.029192161,0.516427178,0.253489546,0.261975648,1.971279325,0.892231934,0.892184474,0.043008752,0.511292199,0.477949099,0.197198005,268.0376147,262.9720046,55.7888328,135.2951064,129.2980963,27.76148617,213.2043583,188.7241303,218.9187216,211.148649,99.00973159,435.494088,57.98589787,18.22403792,3.780994076,18.34711577,4.364052976,2.222728336,4.61353504,-1.931415884,1.381536689,-1.865017449,-0.078184243,0.82069258,-0.103352592,-0.016842593,0.424725802,-0.003999621,-0.089266522,0.275754074,-0.051863301,-0.065730678,0.198196909,-0.054702376,-0.001553911,0.128530117,0.009470729
bee,bee_09,7,1385,1414,0.085371347,0.103383709,0.118505569,0.093239528,0.121761788,0.111735265,0.097372801,0.080945544,0.049297554,0.085469799,0.052917095,0.44524215,0.215001316,0.366002793,1.216499325,0.899560773,0.902336856,0.048745449,0.56586114,0.568129382,0.207673772,302.5218687,289.7198903,88.8510596,142.6648767,136.5188126,30.18940119,227.3203205,192.1368201,249.7523443,237.54223,152.4070136,554.265203,57.78594651,18.05979881,4.283520501,19.01347501,3.013669007,2.974324461,2.750036328,-1.694893218,1.740005236,-1.522121146,0.074509447,0.897882336,0.085808684,-0.268911123,0.557766131,-0.184923251,0.046644297,0.266777013,0.068850233,-0.148256519,0.207223469,-0.139478585,0.023454461,0.122710682,0.028163603
bee,bee_09,7,1410,1439,0.11374166,0.123746453,0.12945481,0.095902406,0.119925475,0.105880762,0.0887698,0.070272813,0.040636603,0.066200379,0.045468839,0.451163452,0.21582788,0.311348435,1.449062854,0.901579713,0.907156407,0.046213754,0.583014894,0.592063724,0.186532421,296.1837484,295.7768213,77.10395537,143.3899785,139.9900438,28.4145974,221.4972032,192.8819534,235.3222089,250.73902,135.1518879,541.068412,52.58721083,16.1245089,3.42007459,15.84592121,3.062715999,2.556822185,2.905105715,-1.699657759,1.614598478,-1.450355163,-0.070730985,0.797609636,0.019497864,-0.158630599,0.446135824,-0.093506281,0.00402508,0.241570672,0.021291844,-0.087515188,0.179567987,-0.047981848,-0.016592703,0.107312375,0.001196427
bee,bee_09,7,1590,1619,0.037196888,0.054625167,0.075701779,0.069170033,0.102418552,0.104703958,0.098646393,0.088930191,0.060520714,0.140646895,0.167439432,0.351994322,0.171588585,0.556183624,0.6328743,0.912189957,0.908378349,0.044905353,0.606239272,0.601057149,0.214401072,337.9290909,311.1354131,126.0983668,152.776904,149.6061788,35.64383538,234.8022054,214.1094442,274.5425771,224.345439,201.3413421,739.02027,48.38823202,15.28918866,6.149729995,15.18270081,1.586474238,3.88741324,2.598777967,-1.154807497,1.653955347,-0.776322346,0.005071756,0.855888495,-0.120968915,-0.171270225,0.507137155,-0.084260507,-0.002166888,0.260025115,0.017453503,-0.124873167,0.197712473,-0.112073962,0.031075982,0.13195035,0.020738121
bee,bee_09,7,1620,1649,0.136684054,0.151155837,0.155972189,0.109893481,0.124730235,0.093387228,0.064249391,0.043052868,0.023482796,0.044252986,0.053138935,0.483983133,0.234623716,0.228176976,2.121086628,0.927702006,0.934174144,0.047825657,0.714623531,0.745730605,0.192303318,287.4732927,284.3983533,59.78853905,178.044555,177.9209252,33.53217101,244.6319327,221.7283308,147.5080512,171.558277,99.35715752,593.855574,64.08441478,10.92008149,4.284691286,10.02148825,2.983126605,1.765303611,2.784975338,-0.343670297,0.831920995,-0.248354662,-0.407613236,0.538950913,-0.335931804,-0.076610366,0.224899901,-0.065103304,0.006065128,0.138380622,0.011086524,-0.080142925,0.114444797,-0.056208496,-0.009893909,0.062849483,-0.005188437
bee,bee_09,7,1650,1679,0.14532507,0.157304335,0.159581991,0.111626394,0.127091569,0.096687077,0.067939546,0.045438471,0.023490587,0.036453631,0.029061328,0.494987032,0.238717963,0.202383563,2.445786722,0.884814319,0.888569782,0.053258396,0.521219707,0.53833188,0.212360932,261.4134006,250.3290725,76.13861986,137.4961516,133.3151922,28.31252982,206.9431777,185.4513112,193.141813,184.755068,113.8843308,448.690879,51.08757554,13.63402646,3.555934342,14.12770171,4.121710628,2.771016491,4.016904351,-1.378655646,1.317776697,-1.287037524,-0.340403852,0.703590126,-0.452609762,0.028266299,0.432743901,0.073118814,-0.046336519,0.261940959,-0.04572933,-0.077466329,0.180513736,-0.072292319,0.010026638,0.092640331,0.010557817
bee,bee_09,7,1830,1859,0.171616205,0.177508287,0.170341901,0.112474093,0.119578458,0.082910608,0.052866575,0.03301574,0.017035114,0.029936,0.03271702,0.485305059,0.23205255,0.165570449,2.931109163,0.891252607,0.888059013,0.050389993,0.571121734,0.564605499,0.196582554,245.6536802,238.4750094,47.36563578,152.3179608,150.4779562,31.09374694,222.0187151,204.2193656,137.641292,158.361486,71.10851028,263.935811,55.78643281,11.50972077,3.986821828,10.80010436,4.255319319,1.775798802,4.171227006,-0.50255204,0.863943086,-0.513771494,-0.417033385,0.645052352,-0.391994641,-0.025793409,0.296159544,-0.014072286,0.012635933,0.184788574,0.024491437,-0.076350622,0.13748117,-0.049186836,-0.005982904,0.098350045,0.01014388
bee,bee_09,7,1860,1889,0.160239396,0.169763408,0.167171742,0.112884019,0.122577628,0.086881682,0.056347786,0.035558935,0.018476134,0.033052933,0.037046337,0.489515071,0.235461647,0.180482125,2.712263449,0.888784667,0.881728827,0.054154897,0.559535836,0.53466851,0.214575955,245.0825014,235.1818864,52.48030266,148.5734765,149.3313134,31.43683488,218.410004,203.1886347,143.8080165,158.361486,73.49464011,263.935811,53.28704069,13.05533329,4.163213412,12.99554495,4.380130773,1.975155425,4.426436085,-0.588779479,0.781188764,-0.612317451,-0.547815498,0.588520593,-0.440098415,-0.003816835,0.301922559,-0.040386958,0.026956475,0.187933754,0.027403999,-0.113776039,0.137769552,-0.076661757,0.010602525,0.099669833,0.018275295
bee,bee_09,7,1890,1919,0.134346805,0.152481553,0.161869568,0.11683105,0.135216093,0.102161914,0.068759371,0.042733355,0.020760545,0.032613632,0.032226115,0.516078624,0.252047142,0.197093017,2.618452098,0.884256732,0.881885963,0.047933684,0.524307597,0.543147217,0.202952646,244.0572595,237.5270907,50.4557689,142.0590892,144.1685576,29.37377491,220.8495327,193.0216435,162.4315247,171.558277,84.42276477,329.919764,49.48796458,14.77376613,4.294087045,14.60489746,4.609865542,2.094389873,4.417415718,-0.999837603,1.08438476,-0.911359329,-0.492107764,0.602517876,-0.407629054,0.058009489,0.302837986,0.011758232,-0.039632967,0.22217866,-0.011986048,-0.097694581,0.132613884,-0.066047438,0.025131916,0.099602595,0.024669721
bee,bee_09,7,1920,1949,0.140123812,0.164626782,0.176815848,0.126199543,0.141424447,0.100335476,0.061432059,0.033684563,0.01450548,0.020583972,0.020268018,0.544775315,0.26762399,0.150474091,3.620392796,0.881699648,0.864663969,0.047911207,0.509129225,0.459152079,0.208566327,241.3957914,231.5966222,46.02777558,139.6674356,134.7936345,31.36663954,220.2695785,201.6069352,161.5681833,184.755068,72.1891175,303.526183,46.88859672,14.4327025,3.969641623,14.60775774,4.819769079,1.988287962,4.988392624,-0.975300952,1.188393393,-0.795951736,-0.470584246,0.596554072,-0.423227152,-0.002272259,0.331322004,-0.039303482,-0.035472063,0.243542425,-0.00396331,-0.0766906,0.152999838,-0.071471849,-0.002863096,0.086280449,0.000648925
bee,bee_09,7,1980,2009,0.143258053,0.160887799,0.16683075,0.116926583,0.130894596,0.095476147,0.062988674,0.039429243,0.019684433,0.031847818,0.031775905,0.510128075,0.247821179,0.185726073,2.746669148,0.906413524,0.910559274,0.051254154,0.620593371,0.658930238,0.215129114,264.2760214,263.8921342,51.05370599,162.0938786,162.8989134,35.5674608,233.1976838,212.6366858,154.2914483,171.558277,71.3214138,250.73902,49.98784307,14.87489823,5.44769976,14.14396762,3.872973279,1.936051512,3.514274244,-0.612122214,1.091279335,-0.548057495,-0.434192265,0.533583019,-0.36331656,-0.01256795,0.297739755,-0.029279209,-0.032214903,0.214939344,-0.012646805,-0.050443657,0.152070983,-0.041524842,-0.018551208,0.094103263,-0.003008803
bee,bee_09,7,2010,2039,0.10152008,0.125560908,0.1454782,0.113469098,0.142500474,0.119038577,0.088794967,0.060113464,0.030133208,0.042936699,0.030454327,0.520486348,0.255969572,0.252432664,2.061881931,0.905390445,0.901912081,0.046700147,0.579198467,0.617147397,0.216740797,276.3766211,274.7679073,49.95793454,147.7481261,147.1741356,32.62927888,229.0921702,201.2417665,192.5251405,197.951858,90.23329403,382.706926,56.88616536,17.37144542,4.965001438,17.78995296,3.972732271,2.170114971,3.545508143,-1.576121398,1.381027775,-1.370889755,-0.158344786,0.694261193,-0.136519459,-0.035466071,0.363802774,-0.019995699,-0.080626916,0.230056205,-0.046824257,-0.055316164,0.16714603,-0.053368147,-0.010006997,0.098994084,-0.002914931
bee,bee_09,7,2040,2069,0.1019429,0.121392255,0.136621265,0.105081241,0.132153762,0.113265005,0.089592017,0.066500111,0.036774326,0.058263646,0.03841347,0.487121274,0.237235003,0.289543571,1.682376408,0.903022854,0.896291026,0.052059196,0.592960071,0.561868565,0.225906858,277.5456252,270.3104857,71.22012553,153.770341,146.3862092,38.14780512,231.3398487,216.3290205,175.3816462,184.755068,105.3944676,435.494088,47.68840226,15.22889124,5.503560939,15.52838944,3.533052667,2.526712384,3.449834375,-1.077863485,1.596470234,-0.84728332,-0.22693769,0.742293097,-0.286555115,-0.091895673,0.411279425,-0.040893458,-0.004477607,0.226775877,0.005550282,-0.081659812,0.151321913,-0.06438683,0.00534368,0.102450324,0.009379107
bee,bee_09,7,2070,2099,0.116769397,0.137297065,0.151212093,0.113163077,0.137084125,0.11094637,0.081370408,0.055065207,0.027882832,0.040363287,0.028846139,0.512405664,0.250247202,0.233527874,2.194194876,0.889839892,0.894816829,0.044900229,0.518278168,0.537268444,0.19949637,264.4322121,253.6938081,56.70566298,137.8832143,129.9456975,31.2876916,219.8118399,192.2096101,186.111747,184.755068,98.4663993,369.510135,44.68913169,16.42562344,4.088070334,16.9005709,4.255928023,2.345430205,4.05381153,-1.669284176,1.545430463,-1.211287524,-0.231854197,0.802653456,-0.121150003,-0.071656606,0.445889169,-0.043038241,-0.047816631,0.246467586,0.0068703,-0.10971153,0.193509417,-0.079256387,0.00872024,0.122015968,0.015250704
bee,bee_09,7,2100,2129,0.075497179,0.106110155,0.136477407,0.114426718,0.151936167,0.13265042,0.101010747,0.06809308,0.03344295,0.046586673,0.033768503,0.535490713,0.266362885,0.282901953,1.892849118,0.908618386,0.900340979,0.048138629,0.587173497,0.544504273,0.227734863,287.8387752,288.0797735,59.49851118,145.5014744,143.4870158,35.26803575,230.878188,213.2101355,220.6454045,224.345439,85.22121934,475.08446,50.38774574,15.71156612,4.594688349,16.6161382,3.680579261,2.324235064,3.579539095,-1.719387328,1.428423373,-1.566496028,-0.271032259,0.648476538,-0.230285255,-0.08496002,0.399680475,-0.09947669,-0.099040927,0.267182921,-0.056999491,-0.073935431,0.186635393,-0.070976789,-0.012432741,0.126243692,0.001331314
bee,bee_09,7,2130,2159,0.129061772,0.146359733,0.155976298,0.11364913,0.13387933,0.104448237,0.07353806,0.048081112,0.024176527,0.037637025,0.033192777,0.507952995,0.24752846,0.216625501,2.344843952,0.885729372,0.877738102,0.04781096,0.502098735,0.434323762,0.207454196,252.765404,244.7429745,50.41748654,135.3428458,128.5860893,31.82841333,238.1876061,199.3381548,187.5917609,197.951858,85.51507695,461.887669,50.68767277,16.94282362,3.213537416,17.31642237,4.740982715,2.09926514,5.187931359,-1.459223662,1.186931862,-1.444637071,-0.309604132,0.739545209,-0.344903413,0.06898949,0.347800076,0.093062214,-0.106413354,0.28114091,-0.099208222,-0.060050997,0.171451937,-0.052977615,-0.006709794,0.113117727,0.004034075
bee,bee_09,7,2936,2965,0.127344446,0.14653983,0.158135004,0.116152943,0.137452969,0.1072254,0.074802746,0.04773812,0.023082191,0.033259734,0.028266619,0.518966315,0.253605912,0.207149409,2.505275385,0.898307585,0.886714703,0.051451958,0.576937064,0.55223765,0.218218609,258.6906429,246.274167,59.97956014,150.1382628,149.8326155,33.51026416,225.0562253,211.6042401,167.1182354,184.755068,82.95089881,422.297297,54.38677317,15.25028157,4.783302329,15.47180128,4.092746991,2.071080234,4.334146122,-0.950307898,1.193433201,-0.807700704,-0.35956487,0.669734036,-0.32616051,-0.006189731,0.343388441,-0.066473223,-0.049274761,0.221947896,-0.023343121,-0.063760595,0.138447642,-0.041871193,0.003708496,0.096448388,0.002628095
bee,bee_09,7,3056,3085,0.059765861,0.077659727,0.095461584,0.079366428,0.108569426,0.103989971,0.094403168,0.083246739,0.055140684,0.117522254,0.124874158,0.387387409,0.187935854,0.475187003,0.815231492,0.890607126,0.894000037,0.046589773,0.505656667,0.50628464,0.207746381,332.5854412,312.0544101,135.8076664,132.8677097,127.3635751,27.67719381,207.3855821,186.2116518,308.8295656,277.132601,190.5026687,739.02027,49.98784292,19.08849372,4.202362229,18.85572482,2.069305278,4.502151372,2.636532629,-1.723719831,1.895100746,-1.87717245,0.090759641,0.860202358,0.078993937,-0.227104618,0.584126121,-0.152693123,-0.016351681,0.372113981,0.004419409,-0.108676349,0.244190185,-0.087860728,0.022229918,0.144692618,0.024858738
bee,bee_09,7,3086,3115,0.201925668,0.201812994,0.18468104,0.115443311,0.114315949,0.071115456,0.039519841,0.021483594,0.010283055,0.018276072,0.02114302,0.485555756,0.229759259,0.110705582,4.386009701,0.874822172,0.864309644,0.059547206,0.505853968,0.471133319,0.240953765,232.8334913,219.5967731,55.99198838,142.0876122,140.1165231,37.15806043,220.9737569,204.5750898,132.0912398,158.361486,73.86704532,316.722973,58.58575202,12.51700948,3.971941282,12.81441231,4.966260396,2.372431815,4.896434209,-0.578969126,0.829261639,-0.64465819,-0.550914575,0.613038312,-0.514694336,0.061134475,0.342697322,0.009531814,0.014899977,0.176094915,0.038250142,-0.117605367,0.146356172,-0.083994557,0.038711747,0.093427927,0.027368869
bee,bee_09,7,3116,3145,0.120246805,0.141967818,0.157112695,0.117585274,0.140950068,0.110514699,0.076486545,0.047900139,0.022800447,0.033492058,0.030943452,0.526162735,0.258535341,0.211622642,2.48632533,0.881241137,0.878904945,0.048324045,0.488610444,0.469049466,0.203371686,248.7963935,245.2937581,48.49252717,132.6686523,129.7076151,26.02446013,199.8756665,179.8900939,194.7451614,197.951858,77.42701617,343.116554,50.18779438,15.61584272,3.695444055,16.04075748,4.912092555,2.076801666,4.944346435,-1.492819259,1.117534041,-1.333921938,-0.480880965,0.658062077,-0.447748154,0.106370162,0.300373005,0.084632915,-0.065881269,0.291531648,-0.033025113,-0.085106524,0.195816948,-0.07283645,0.006752652,0.110066227,0.008334182
bee,bee_09,7,3146,3175,0.138890302,0.155229097,0.163423432,0.117873362,0.136975138,0.10410326,0.069999494,0.042530674,0.019624856,0.027540924,0.023809461,0.522375193,0.2548485,0.183505409,2.846647384,0.884659951,0.87131003,0.049514855,0.498507116,0.476704538,0.231403458,248.2542705,238.2843188,49.79227856,138.2660794,135.4280473,33.96587244,223.0436524,203.1536014,164.5282111,184.755068,78.82382674,250.73902,52.78716226,16.02519793,5.070364238,15.65797899,4.930372558,2.319811971,4.840900944,-1.412912396,1.462184253,-1.117739342,-0.288734782,0.644508004,-0.240877137,0.039826027,0.355216082,0.062325949,-0.115630515,0.299697183,-0.05920574,-0.030521585,0.188438556,-0.0402564,-0.012946115,0.127412666,0.008330009
bee,bee_09,7,3176,3205,0.095139172,0.113569179,0.130537917,0.103664719,0.13559866,0.121218135,0.098219191,0.072312341,0.038522821,0.056326999,0.034890868,0.491019431,0.239263379,0.300272219,1.635247616,0.90682874,0.907846977,0.047496796,0.588331531,0.602014248,0.214914743,283.6793692,282.8734697,62.13341637,148.8020515,148.2030026,32.2633064,221.824841,204.1289746,211.5186521,211.148649,109.7533044,435.494088,60.18536296,14.98354436,5.271930438,15.59503859,3.598990218,2.374985906,3.183510926,-1.57219896,1.501945269,-1.498713601,-0.023833274,0.75075875,-0.102924052,-0.094273236,0.433833542,-0.061804896,-0.039506563,0.290866028,0.004497668,-0.066005446,0.1827343,-0.049999557,0.002329602,0.138808758,0.012803646
bee,bee_09,7,3206,3235,0.109143781,0.127968412,0.141610101,0.107274206,0.132790544,0.111556084,0.08613707,0.062049474,0.033307305,0.051348575,0.036814447,0.493230935,0.24006475,0.269656872,1.829105746,0.883536612,0.878314847,0.047526517,0.519980115,0.500776707,0.195656259,243.1757749,236.1393779,49.24626808,142.9136305,141.5464101,29.52047973,223.6444801,191.3799851,160.7048418,171.558277,88.47764773,409.100507,52.18730809,15.44239981,4.892760902,15.3188418,4.597236854,1.933413973,4.675681147,-0.942414769,1.338254261,-0.729255299,-0.272308054,0.768428571,-0.232581225,-0.091966623,0.355715849,-0.059151135,0.012541655,0.202337389,0.023888962,-0.07552446,0.170260429,-0.059445104,-0.020526549,0.117507561,-1.57E-05
bee,bee_09,7,3566,3595,0.166771064,0.175189674,0.17093306,0.114438832,0.123057972,0.085946391,0.054533923,0.03331096,0.016688212,0.028473557,0.030656354,0.494376254,0.237496804,0.163663007,3.020696385,0.889655595,0.8860942,0.060484704,0.553832595,0.550352623,0.239253073,251.1097983,240.8978047,58.02152042,146.2306579,147.534479,36.44435861,231.7105919,211.3657728,153.6747758,171.558277,79.25506427,316.722973,55.48650577,13.62827472,4.506182113,13.98633856,4.445559378,2.199250308,4.397087656,-0.737997851,0.895213528,-0.770706632,-0.532042901,0.664562052,-0.478976713,0.05116484,0.260015926,0.023006936,0.012833718,0.196017508,0.002004898,-0.115732257,0.163590503,-0.088084628,0.014589778,0.092773542,0.02142428
bee,bee_09,9,60,89,0.098582725,0.117604746,0.134202015,0.105250677,0.135215493,0.118007329,0.093541443,0.068109011,0.036514462,0.055685648,0.03728645,0.492675515,0.240466171,0.291137014,1.69224623,0.921312772,0.925974033,0.048179211,0.658064092,0.687521149,0.219896268,295.7540352,296.0405234,63.45689851,163.675574,158.9671153,37.03322044,242.8044464,219.6293778,188.0850988,184.755068,120.6846006,607.052365,68.78327197,13.11437587,5.222420742,13.74027524,3.114805113,2.150533505,2.619225108,-1.097409803,1.499734845,-0.726732907,-0.072564054,0.717651242,-0.173579173,-0.180596105,0.41417886,-0.17056841,-0.013824028,0.22562155,0.000445135,-0.067423355,0.150998018,-0.044296315,-0.003627805,0.108036938,0.001389196
bee,bee_09,9,90,119,0.121540748,0.137038009,0.146535899,0.10829908,0.131213049,0.107547185,0.080695313,0.056169905,0.029230931,0.044451573,0.037278307,0.493595214,0.239512129,0.247826029,1.991700449,0.912243169,0.913983297,0.04805307,0.634827426,0.644006293,0.206430103,272.294638,271.8906714,56.44432985,160.4143637,162.3867543,31.80963792,224.6774856,203.6900161,158.8548244,171.558277,98.53206908,395.903716,60.98516852,12.77645257,4.388371054,12.49456438,3.580671327,1.974869721,3.407777667,-0.884313766,1.144549257,-0.69247586,-0.209554954,0.651871928,-0.199311295,-0.01401591,0.266627431,-0.02144194,-0.044184423,0.212443138,-0.019348034,-0.036955182,0.143619317,-0.023823373,-0.021809113,0.105686951,-0.001661663
bee,bee_09,9,180,209,0.078383384,0.10220507,0.124643454,0.101808343,0.134839746,0.121483972,0.100001291,0.076626801,0.043463821,0.07128809,0.045256029,0.482775515,0.236648089,0.336636032,1.434117174,0.896036093,0.894572935,0.043335369,0.554024612,0.529098523,0.186306883,273.4392356,256.1379175,67.71168599,142.8459083,139.8797202,28.06739715,221.3708107,202.3327188,214.9720178,197.951858,116.5530946,541.068412,48.78813477,16.92705879,4.406310423,17.44853333,3.735039267,2.269115336,3.932615306,-1.491005261,1.693457875,-1.040133677,-0.182830797,0.713505908,-0.191899957,-0.224862503,0.425444392,-0.14974637,-0.017904553,0.27109051,0.020667104,-0.07886424,0.196729103,-0.073202643,-0.03513874,0.114476277,-0.007091099
bee,bee_09,9,210,239,0.145184833,0.156937808,0.159217477,0.111528131,0.127291353,0.097140862,0.068364433,0.045612714,0.023445303,0.036201289,0.029075796,0.495177824,0.238819484,0.202699535,2.442915448,0.885366867,0.882015183,0.050956213,0.507458718,0.489718528,0.21790163,251.635871,239.9305165,58.41553776,137.3467701,134.6895131,29.1668336,214.7710627,189.0392818,179.4516845,184.755068,93.79128872,382.706926,58.38580066,17.53788895,4.589392433,17.40627144,4.683405928,2.459845916,4.686985596,-1.440734015,1.168919413,-1.358802203,-0.26781304,0.76256309,-0.175709071,0.036662737,0.385733801,0.028436394,-0.030800406,0.262016474,-0.010421451,-0.082500426,0.172606946,-0.06249771,0.00934669,0.126054153,0.020431911
bee,bee_09,9,270,299,0.103122636,0.12528997,0.142027948,0.108727222,0.134824841,0.112749087,0.086547702,0.062390586,0.033836514,0.053335092,0.0371484,0.498329099,0.243552064,0.273258295,1.823655892,0.900277733,0.902608836,0.045683686,0.556217175,0.587314852,0.212852472,271.1666563,264.0352317,58.51021531,146.1444774,144.8176325,32.2331426,221.4216126,200.185099,201.4052238,197.951858,98.25509914,435.494088,58.7857034,17.38735202,4.803596488,18.6169092,4.011315596,2.408053362,3.744946173,-1.476655187,1.536914742,-1.245930114,-0.116960903,0.831924609,-0.210337832,-0.144669924,0.426511364,-0.060283422,-0.025127531,0.262355429,-0.012195844,-0.071917719,0.192454323,-0.066252268,-0.006912161,0.139958306,0.005544089
bee,bee_09,9,300,329,0.144576674,0.153635139,0.15507939,0.109296014,0.126249179,0.097594369,0.068974075,0.045793582,0.023532384,0.038210932,0.037058262,0.488218952,0.235545194,0.213569235,2.285998499,0.875292686,0.868562462,0.049099021,0.490010912,0.478150657,0.202674998,233.1732251,223.4800006,44.7861408,138.4913385,138.1818148,28.71332053,201.7019726,184.9073249,143.931351,171.558277,75.35864376,263.935811,56.38628695,17.85506775,4.803588982,18.52060098,5.006662691,2.036097945,4.957776786,-0.966045323,1.063476875,-0.947118142,-0.367501746,0.682613548,-0.312218811,0.047539123,0.307250807,0.021205455,-0.042112165,0.235362648,-0.02229171,-0.072750496,0.148667604,-0.051543264,0.00720025,0.106885949,0.023712528
bee,bee_09,9,330,359,0.155747397,0.163651554,0.160610734,0.108843959,0.119654951,0.08719685,0.059188673,0.039594009,0.021560959,0.039672801,0.044278113,0.476306494,0.228498911,0.204294555,2.331469356,0.911558711,0.91467676,0.051696922,0.650913088,0.679860646,0.210965905,263.6450458,254.2257263,56.25361065,167.7560147,170.7659844,33.36734425,226.6461014,212.5280816,131.8445709,145.164696,86.48974423,620.249156,69.1831747,11.66500874,5.31612056,10.3681866,3.643132965,1.94873274,3.445850993,-0.379367181,0.75413974,-0.377244628,-0.42472739,0.510972788,-0.317452177,-0.041905255,0.250519422,-0.051773839,0.017073843,0.161799727,0.015518539,-0.079521981,0.11170207,-0.055467679,-0.000918219,0.07602037,0.00252141
bee,bee_09,9,360,389,0.167681146,0.178364874,0.175114072,0.116938161,0.124241682,0.084527667,0.051632405,0.030404623,0.015068863,0.026592954,0.029433554,0.500821582,0.241179843,0.153132399,3.270513526,0.893348624,0.895412778,0.052121475,0.581530328,0.600287397,0.211606558,249.077001,245.399735,49.20411552,157.4111427,157.2581603,35.91884532,233.824805,210.9451434,125.8011808,145.164696,75.83154017,329.919764,57.68597089,12.95479052,5.407211431,12.41063738,4.207495905,1.973080788,4.018593652,-0.369805755,0.922639266,-0.173345521,-0.500993575,0.58235732,-0.38332562,-0.0104355,0.286398261,-0.025350657,0.036963125,0.161183876,0.035339386,-0.104737151,0.154715655,-0.06988427,0.015682469,0.103555418,0.018511952
bee,bee_09,9,390,419,0.157090022,0.170058215,0.170575267,0.116516099,0.127290389,0.090146333,0.057674585,0.035241745,0.017504134,0.028948618,0.028954594,0.504528088,0.243806488,0.168323676,2.997368526,0.892408074,0.891604322,0.054202395,0.573218619,0.555737884,0.212712263,246.1745863,239.7807836,54.68668381,152.4434037,150.9305516,32.30291278,219.5629583,208.6264055,136.654616,158.361486,80.53773493,554.265203,65.68402571,13.84690674,5.146724539,13.28667577,4.257497106,1.944716678,4.202251882,-0.545110928,0.882010883,-0.573169901,-0.362979071,0.60684444,-0.36592913,-0.101947432,0.271039113,-0.086033363,0.025735536,0.173750112,0.034290077,-0.071078963,0.133951548,-0.045947227,-0.015802551,0.08992007,-0.001617224
bee,bee_09,9,420,449,0.089297314,0.115279082,0.138014072,0.110093745,0.14117077,0.121146234,0.093587907,0.066306988,0.03481295,0.052265833,0.038025107,0.510424821,0.251264515,0.284998784,1.790971926,0.904207202,0.900092423,0.042328368,0.581585367,0.550735877,0.187773444,281.0656197,274.2436893,62.16175966,144.4104709,144.4688811,29.1282118,228.3812666,197.4501284,226.0721221,224.345439,101.5344104,475.08446,47.28849949,15.54032245,3.745826961,16.03496265,3.595960405,2.063645157,3.696814505,-1.582551632,1.456252597,-1.496585753,-0.157295712,0.723037734,-0.201617894,-0.159942056,0.429653803,-0.103879724,-0.057490774,0.254571338,-0.033974847,-0.074194923,0.161654425,-0.075074081,-0.016408523,0.106149955,-0.012902013
bee,bee_09,9,450,479,0.085608648,0.103713688,0.121500364,0.097916889,0.129179724,0.115795667,0.094216516,0.071337469,0.040757526,0.07377018,0.066203328,0.464392644,0.227096613,0.34628502,1.341070555,0.909426785,0.907375008,0.0433584,0.596629518,0.589269337,0.200205131,292.9030251,288.5138716,70.14342113,146.9798095,141.5753069,31.74910981,221.6745071,202.7895967,227.058798,237.54223,113.0747803,475.08446,62.58477944,15.09948421,4.161637938,15.61406579,3.196431699,2.565674613,3.39087681,-1.741829881,1.413207967,-1.705097022,-0.095971621,0.72070178,-0.076070858,-0.078881033,0.385863824,-0.037594133,-0.067403252,0.304612309,-0.045402641,-0.054339694,0.19575676,-0.051481712,-0.017540628,0.135043063,-0.01520125
bee,bee_09,9,480,509,0.103898211,0.116619336,0.124475949,0.09279203,0.116039058,0.102991883,0.088663704,0.074222618,0.045956707,0.082130481,0.052210023,0.436298921,0.208831088,0.343183533,1.271328253,0.913901736,0.910640881,0.057686975,0.635850849,0.667838634,0.245928594,299.7575353,296.1570386,85.00621972,158.7329969,163.4133119,40.14624161,238.5719265,218.8365007,192.155137,184.755068,134.5331667,686.233108,60.08538726,12.66057275,6.273141702,13.13480605,2.802269682,3.009559968,2.681637817,-1.092440385,1.488013371,-0.695909864,-0.212518984,0.723722326,-0.266386997,-0.151934819,0.432721452,-0.086709063,0.038939497,0.233467952,0.012415136,-0.116675227,0.167632901,-0.075051056,0.019155892,0.107705173,0.003072468
bee,bee_09,9,510,539,0.125586422,0.14447037,0.155638578,0.114112007,0.134990154,0.105810691,0.075044189,0.049637603,0.025231732,0.038985412,0.030492842,0.51055143,0.249102161,0.219391778,2.327121981,0.877295074,0.871806234,0.050205825,0.481790539,0.464405882,0.21153267,243.8518298,237.3374302,54.09612888,134.3662892,130.0878728,31.07914068,220.7848263,190.6667034,168.4749148,184.755068,83.37035518,395.903716,46.48869398,16.46338274,4.358214282,17.34522005,4.921637939,2.294003098,4.990090133,-1.266347057,1.342982575,-1.052935627,-0.39869197,0.748101864,-0.360727645,-0.003333437,0.414265789,-0.010559916,-0.014628266,0.272278248,0.003217184,-0.114218515,0.177050183,-0.079879087,0.016378623,0.135037341,0.018465318
bee,bee_09,9,570,599,0.125393112,0.142532054,0.153822186,0.114066696,0.13702355,0.108864006,0.077030142,0.049496407,0.023996965,0.035302423,0.032472461,0.513776437,0.251090246,0.218298397,2.353551122,0.893788916,0.887298738,0.054729504,0.574622222,0.560480377,0.222178082,253.2915766,243.9513155,55.14254,153.6208546,152.4940072,34.21266443,231.357728,206.9322817,144.918027,171.558277,79.36802782,277.132602,57.28606813,12.16777807,5.612751183,11.90657376,4.216981295,2.008913163,4.27008029,-0.664737901,1.236073699,-0.424101977,-0.409424286,0.563963069,-0.341389157,-0.04098767,0.313083661,-0.013764374,-0.041593956,0.232096368,-0.022222229,-0.026608054,0.149286837,-0.028027358,-0.03747736,0.105165756,-0.013708269
bee,bee_09,9,600,629,0.094635476,0.117279579,0.1372918,0.108928003,0.140378618,0.121959106,0.095338786,0.067624226,0.034957149,0.049688847,0.03191841,0.508557528,0.249306621,0.279527418,1.819347568,0.913877484,0.919401815,0.045221514,0.616524232,0.668094467,0.224217917,279.1487512,275.3839436,52.17630118,157.849384,158.7298181,35.5327212,227.3384604,217.1700907,179.9450224,184.755068,85.89863776,343.116554,56.88616536,13.30598264,5.449811354,13.00547178,3.708909292,2.133869195,3.307791272,-1.281502868,1.548476501,-0.932578276,-0.050962605,0.712503727,-0.077219734,-0.115918281,0.383170546,-0.093457672,-0.048406109,0.252879458,-0.00585075,-0.019633528,0.169058855,-0.036180134,-0.031542196,0.129159627,-0.013304863
bee,bee_09,9,630,659,0.083069945,0.099984496,0.116085956,0.093875217,0.127298511,0.121485911,0.107335274,0.086727913,0.049644261,0.075343337,0.039149178,0.458745595,0.221173728,0.358199963,1.280696937,0.901557306,0.902949935,0.048202568,0.572433907,0.586098421,0.209297376,276.8360798,272.0797869,69.23636514,145.9425837,144.899549,30.30472917,207.9302851,197.1118431,212.2586591,211.148649,115.4747282,580.658784,53.58696765,15.45890087,5.464316077,14.6865027,3.712540384,2.524565333,3.791623043,-1.502778619,1.43353193,-1.169535009,-0.204629715,0.769908343,-0.232052004,-0.101790086,0.439733742,-0.049731894,-0.002488137,0.266751776,-0.016058987,-0.100759296,0.190419177,-0.079064877,0.01850348,0.122456992,0.014013777
bee,bee_09,9,660,689,0.086952471,0.101869422,0.113581206,0.087966511,0.114533209,0.106865672,0.096831066,0.084753226,0.053918468,0.096774785,0.055953965,0.422946597,0.20249972,0.38823151,1.089418521,0.898699335,0.905218719,0.048557278,0.576729891,0.578424622,0.196834494,273.8178744,261.7125356,74.59844809,147.8992044,143.8052899,29.27459116,210.1127511,200.4094663,189.6884472,184.755068,127.6444793,501.478041,56.98614106,15.770056,5.652358251,15.61628009,3.504202428,2.498414258,3.763041176,-1.191845966,1.476625252,-0.845610251,-0.160336428,0.819364049,-0.195369599,-0.215770975,0.444245263,-0.108507624,0.059477432,0.221569305,0.058687828,-0.138128816,0.214860867,-0.09566375,0.018789023,0.122787087,0.019838477
bee,bee_09,9,750,779,0.10946571,0.130705024,0.147627294,0.113414892,0.140801585,0.116126301,0.08532278,0.056747029,0.028049504,0.040219339,0.031520542,0.517970071,0.254216477,0.241859195,2.141618275,0.902254756,0.903120728,0.045161288,0.57226922,0.579552961,0.199822145,277.2973371,274.6758482,54.27897979,144.0551498,144.802054,29.97855064,219.1975738,204.2244072,213.3686695,224.345439,92.52433477,382.706926,54.2867975,13.60277722,3.470417352,13.87400616,3.899742465,2.037368594,3.707627011,-1.583218048,1.339012019,-1.582907166,-0.236893134,0.699037723,-0.300246557,-0.01089249,0.41156139,0.047865296,-0.106637823,0.252207461,-0.070244343,-0.055481728,0.156990214,-0.038905832,-0.012852868,0.097751601,0.003837888
bee,bee_09,9,780,809,0.065850304,0.088858213,0.114531837,0.098993274,0.138556655,0.131194479,0.110694067,0.084295836,0.046557675,0.073494255,0.046973403,0.483276245,0.237549929,0.362015238,1.334961057,0.90657103,0.906891083,0.048333503,0.592671703,0.595339685,0.213794098,283.9009865,277.5125788,68.13258079,148.5711676,148.3119274,30.96396949,222.5319425,206.4242524,200.418548,197.951858,115.6128524,567.461993,60.5852657,15.94603158,5.473781378,15.27035729,3.458847651,2.439924608,3.45258729,-1.503861196,1.539374971,-1.143329953,-0.111983167,0.685526286,-0.076598886,-0.219385697,0.475350446,-0.207947725,0.008770681,0.29682677,0.028860294,-0.099408322,0.186476468,-0.087801403,-0.00293633,0.103562136,0.00994647
bee,bee_09,9,810,839,0.107878812,0.124896279,0.136723641,0.103011512,0.127789345,0.109183319,0.087572481,0.066832403,0.03796471,0.060982549,0.03716495,0.476707817,0.230800857,0.290517093,1.640894213,0.897212533,0.901352342,0.05135868,0.566842282,0.54846384,0.213629332,275.4713599,264.7354585,72.22028957,146.5146206,139.0039909,33.05718245,220.0600468,207.4074544,185.0017366,184.755068,114.5552019,448.690879,53.88689478,14.06004064,5.213331735,14.59247419,3.662356481,2.551127665,3.622572967,-1.268692938,1.558138969,-1.265295384,-0.199951362,0.815129974,-0.257933714,-0.135451231,0.506090513,-0.077617716,0.043982103,0.25093981,0.059684381,-0.127078161,0.173042622,-0.099128209,0.027072983,0.118304231,0.021131088
bee,bee_09,9,840,869,0.098568089,0.117970625,0.134582953,0.105263255,0.134718512,0.117146334,0.092772367,0.067741501,0.0365069,0.056232964,0.038496499,0.491711055,0.239981767,0.291750231,1.685383602,0.908748088,0.914537066,0.044127084,0.615681266,0.641837671,0.193575551,272.2871461,266.9281482,60.65493957,157.7167469,158.3803545,29.44339983,223.3221554,202.4980788,173.1616254,184.755068,107.0824996,488.28125,55.78643287,13.72649213,5.574127274,12.79037421,3.571436378,2.101215836,3.520427576,-0.976678471,1.371730139,-0.729226847,-0.217665006,0.730073512,-0.250813854,-0.14861328,0.382677962,-0.120473101,0.042094652,0.21045732,0.052131283,-0.084874722,0.181485643,-0.067563265,-0.00295478,0.109586317,0.011738914
bee,bee_09,9,870,899,0.124825388,0.136206585,0.139342123,0.098267981,0.113407334,0.089485958,0.068732585,0.05457972,0.034930531,0.074031292,0.066190505,0.440503395,0.211675315,0.298464632,1.475898139,0.89113697,0.891868094,0.045921948,0.561695452,0.571218573,0.185196934,264.4036807,245.2449987,101.6819712,147.8897708,149.7082477,30.08193963,233.4517306,204.9962693,170.0782631,171.558277,156.7031739,646.642737,56.08635983,14.4865995,4.441285718,14.07288028,3.303447884,3.153550037,3.893671018,-0.719526858,1.237342012,-0.456871336,-0.247974745,0.790862517,-0.263888051,-0.088431273,0.368550658,-0.068160146,0.025387777,0.222624823,0.003607985,-0.09444413,0.176267317,-0.080309523,0.0132986,0.09614982,0.019732938
bee,bee_09,9,960,989,0.158061899,0.16150727,0.154395327,0.102775875,0.111868655,0.08169341,0.056823809,0.040043932,0.02324894,0.047375699,0.062205184,0.450733267,0.21464453,0.229697564,1.962290143,0.917775934,0.921868677,0.048378911,0.689236586,0.703951318,0.17613048,271.9221579,267.6805869,55.29891118,173.7800253,173.2634843,25.85270756,224.6779305,214.1991865,137.394623,158.361486,81.02767286,329.919764,61.8849497,11.24238966,3.45741675,10.68908214,3.219587806,1.485392562,3.242484912,-0.151838453,0.65314018,-0.088051752,-0.474780451,0.583757703,-0.37740178,-0.07697196,0.222698964,-0.044577269,0.043615986,0.149991732,0.040808957,-0.081020633,0.125541358,-0.069397902,-0.013072332,0.061289987,-0.007317052
bee,bee_09,9,1082,1111,0.132370607,0.153460875,0.164527502,0.118828347,0.137172814,0.103555848,0.070104213,0.043937384,0.021194449,0.030561848,0.024286113,0.524084511,0.256001162,0.190084007,2.757120492,0.890453712,0.883718241,0.047399402,0.526075849,0.482759501,0.211223981,257.7501602,249.3079796,62.66916813,139.4324319,130.8155483,31.0468083,226.7947498,195.9527539,200.6652169,197.951858,100.2269367,475.08446,53.18706501,15.76346695,3.509503778,16.25794254,4.383490896,2.258803471,4.61510859,-1.420556105,1.363177987,-1.416810576,-0.230347435,0.712497275,-0.262171914,-0.009045872,0.365158213,-0.023466453,-0.091289623,0.265480661,-0.069491306,-0.048083843,0.165905849,-0.04115373,-0.010950927,0.105071248,-0.008359685
bee,bee_09,9,1112,1141,0.063555156,0.083764872,0.107367028,0.093836949,0.134740544,0.132960535,0.117608878,0.093286993,0.052419777,0.079385219,0.041074048,0.468905057,0.228577493,0.383774915,1.221823103,0.898967965,0.896383806,0.039850159,0.524317982,0.521600642,0.193519045,299.3531974,304.882103,69.33593261,134.2689091,133.001333,24.89591297,226.0602306,180.2279741,273.1858977,263.935811,106.6109009,541.068412,50.88762417,20.10255103,4.444088572,21.17445702,3.443930378,2.78388449,3.456889155,-2.522779491,1.620350192,-2.354180192,0.137139849,0.819719953,0.137025104,-0.294135854,0.596782741,-0.279454699,0.007054646,0.347939957,0.046385443,-0.117930811,0.255601261,-0.124661416,0.008322975,0.172401026,0.034203156
bee,bee_09,9,1142,1171,0.131111624,0.15019309,0.160136702,0.115794996,0.134589843,0.103041821,0.071189506,0.045783113,0.022695642,0.03444801,0.031015653,0.513563362,0.250384839,0.205131924,2.503576001,0.895488601,0.896512388,0.05364509,0.559784563,0.576892623,0.22811601,259.5116988,258.616392,56.25569877,147.0536952,149.9078076,32.37449673,221.6941033,201.1921448,173.0382909,184.755068,86.68849622,369.510135,62.5847794,14.61549536,4.384466618,14.80494279,4.278181153,2.289245743,3.989010381,-1.11124324,1.250980046,-0.862405231,-0.333561363,0.69996921,-0.299121726,-0.026734008,0.325762729,-0.041823149,-0.010366566,0.251199404,0.012389957,-0.051813279,0.190919439,-0.049192705,-0.021874371,0.126087899,-0.000614973
bee,bee_09,9,1172,1201,0.122871412,0.144558617,0.158736983,0.117626656,0.139320763,0.107689984,0.073712163,0.046134183,0.022296363,0.034233849,0.032819028,0.523374386,0.256947419,0.209195585,2.501842402,0.890441872,0.895047081,0.050642753,0.536036488,0.543387025,0.216508003,256.8306174,251.0873173,50.68493127,142.1259021,137.683782,34.1018563,236.2543072,201.7329939,169.2149217,184.755068,81.30193515,316.722973,48.08830496,15.81031498,4.044075212,15.83541355,4.479457468,2.135959031,4.049325386,-1.202550829,1.199458789,-1.143539883,-0.404087395,0.639464752,-0.392667505,0.061770433,0.342517279,0.067149534,-0.058051609,0.224432311,-0.033894554,-0.09677363,0.139889885,-0.069868917,0.027811395,0.110136577,0.023724604
bee,bee_09,9,1584,1613,0.120891898,0.13808688,0.150914076,0.113905067,0.140013372,0.114522566,0.083060676,0.053728332,0.025428437,0.033848401,0.025600295,0.519355082,0.25391844,0.22166614,2.342960819,0.888405464,0.868571216,0.049458864,0.536559572,0.490814416,0.21439122,246.7464995,231.7638307,54.09795076,146.4817593,142.561882,33.89262213,226.4939865,210.4104182,148.8647307,171.558277,80.06853352,316.722973,54.58672459,15.94559043,4.76012105,16.44693931,4.469083529,2.031408541,4.770867284,-0.894810348,1.381289004,-0.721394466,-0.321448382,0.676995126,-0.386370744,-0.017065152,0.321919556,-0.036193663,-0.028162864,0.238800912,0.018672464,-0.066480944,0.155317615,-0.061389514,0.004904026,0.10929163,0.014999697
bee,bee_09,9,1614,1643,0.096491243,0.116436193,0.132758163,0.103151792,0.130884558,0.113298414,0.090812853,0.068905631,0.039241891,0.065300473,0.042718791,0.480092926,0.234036349,0.306979638,1.563924332,0.908212829,0.909587076,0.050684767,0.607634286,0.616693566,0.214073739,290.4718687,278.4901085,78.88626474,149.8968177,147.5665582,32.47813734,231.1653057,212.2894935,218.9187216,197.951858,136.0814957,739.02027,56.98614098,14.05408546,4.421038626,14.26435287,3.188734134,2.652942262,3.518843192,-1.321816707,1.4177044,-1.125947137,-0.160714808,0.732982675,-0.127551313,-0.155516246,0.394788441,-0.091859513,0.027584365,0.243006071,0.031753844,-0.092490638,0.165376188,-0.065195263,-0.010235571,0.109031521,0.001324963
bee,bee_09,9,1644,1673,0.111062136,0.130962234,0.145456614,0.110165385,0.135662474,0.112529105,0.085240725,0.060082962,0.031672457,0.04745637,0.029709538,0.503813578,0.245827859,0.254162051,1.982253352,0.895096129,0.89273881,0.048970136,0.518361223,0.494117307,0.224891864,266.838472,262.4327476,55.10822416,140.0934632,137.0944468,31.26001198,219.9654185,198.3259855,201.5285584,197.951858,97.33301838,501.478041,61.58502256,17.80019126,4.637071787,18.43691254,4.506106215,2.38986659,4.246314208,-1.774890444,1.624703778,-1.473448683,0.083315354,0.812028101,0.09214113,-0.23732363,0.498835427,-0.188923851,-0.018457745,0.302965936,0.041641188,-0.047908362,0.209362535,-0.040920037,-0.038854264,0.132258906,-0.012556942
bee,bee_09,9,1674,1703,0.040365847,0.055284997,0.073893888,0.067734291,0.104313982,0.115146303,0.118316471,0.112631866,0.075621593,0.146213069,0.090477694,0.361088463,0.172048272,0.543260693,0.664668855,0.905067759,0.906989737,0.045706769,0.582934357,0.584127318,0.194178311,309.0674005,306.1572715,86.18958348,142.2115645,137.9161445,28.63375855,231.1505295,199.9035841,264.0591453,250.73902,135.356942,567.461993,55.8864084,17.48596827,5.694637339,17.11978009,2.671110299,2.931906034,2.970734452,-1.812849681,1.656829142,-1.460910273,-0.086978326,0.775568626,-0.12029791,-0.305110535,0.527392434,-0.209195991,0.071207749,0.302004643,0.080730495,-0.134076263,0.218402835,-0.132630247,0.012834968,0.143797357,0.02327601
bee,bee_09,9,1704,1733,0.054254514,0.072125974,0.094736454,0.085150659,0.125981174,0.12859647,0.117927334,0.097798228,0.057942609,0.098092074,0.067394509,0.434464757,0.211131833,0.439154756,0.989320396,0.926787618,0.930114806,0.042573355,0.676812104,0.714243048,0.20097325,320.8735005,319.4224845,70.53306772,160.4761379,160.0184165,34.9345621,226.7275967,217.4445332,246.2989786,224.345439,142.460149,739.02027,67.08368529,12.81887161,5.262173798,13.27435803,2.2980554,2.335145076,2.107119197,-1.510396429,1.660677298,-1.132037228,-0.098867153,0.663725583,-0.09914693,-0.217146902,0.432543787,-0.137395227,-0.027254165,0.228984044,-0.007792987,-0.081216122,0.187087076,-0.053847887,-0.004715479,0.127307074,-0.003344509
bee,bee_09,9,1734,1763,0.131436383,0.152706011,0.164450405,0.11917877,0.137463116,0.102676515,0.06783526,0.041235754,0.019723491,0.031135664,0.032158631,0.523768806,0.256641886,0.192088801,2.726701413,0.882317733,0.881026354,0.048138267,0.509189315,0.496874241,0.203188393,245.4613179,240.000886,44.92255116,138.7030043,134.9135002,29.12633911,202.6843601,189.147703,172.6682875,184.755068,71.7082646,250.73902,52.78716221,16.04958175,3.372212087,15.83564332,4.790736238,1.955609676,4.788930723,-1.108171008,1.141608092,-1.02599134,-0.560400949,0.579249644,-0.523847222,0.034829723,0.339580353,0.00740784,-0.051479463,0.260493129,-0.029101952,-0.103472839,0.153455531,-0.079959223,0.007936665,0.119978846,0.013006426
bee,bee_09,9,1764,1793,0.147358624,0.158677085,0.159917618,0.110819061,0.124104465,0.091585542,0.061921627,0.04045258,0.021420381,0.03881623,0.044926787,0.486426686,0.234923526,0.207537605,2.343800221,0.89163655,0.885997227,0.053741512,0.574692061,0.553457291,0.205677459,248.6897417,237.4514939,54.20853785,151.86709,153.1111974,31.0282038,221.6961259,208.5568645,146.2747063,171.558277,77.1829985,316.722973,54.68670026,13.08607879,4.201344226,13.08644863,4.191446172,1.835037851,4.244124462,-0.497801478,0.878129549,-0.479056642,-0.592924868,0.62324441,-0.500057129,0.013032364,0.277065529,0.004726028,0.01850285,0.189281196,0.026345356,-0.094503314,0.143612417,-0.051195721,-0.006279886,0.09260667,0.003594823
bee,bee_09,9,2060,2089,0.151602911,0.163426481,0.164100898,0.112845873,0.124897008,0.090549051,0.059915489,0.0382146,0.019802217,0.034932142,0.039713329,0.49239283,0.237742882,0.192577777,2.556851769,0.907688337,0.912939489,0.05247491,0.634429336,0.657066857,0.208506975,265.9887551,258.7838581,57.86593534,161.8098606,163.2185542,32.72958799,241.7999412,214.7722956,154.9081208,171.558277,81.89905027,303.526183,62.18487672,10.29238154,4.125701677,9.866519906,3.670994422,1.917881192,3.513318784,-0.523568009,0.976989559,-0.545475229,-0.42754823,0.470344744,-0.332641314,-0.089716465,0.312538114,-0.086703279,0.007557495,0.198597209,0.014930247,-0.062580725,0.113286722,-0.052244068,-0.013793648,0.078410353,0.004586331
bee,bee_09,9,2090,2119,0.13880216,0.157644812,0.165822046,0.117741896,0.133182453,0.097595957,0.063893063,0.039284224,0.019390007,0.032153877,0.034489505,0.514342351,0.250924348,0.189210677,2.718357966,0.902822693,0.90721041,0.056502537,0.606376089,0.640900643,0.230294614,261.8740373,256.1156514,59.97590367,156.102855,157.0073078,35.22015525,235.8999448,212.0738728,161.4448487,171.558277,69.52607287,356.313345,55.98638418,11.27936821,4.70912111,10.87630845,3.984194465,2.151051419,3.752149269,-0.656166902,0.832566161,-0.653574248,-0.533531315,0.556752861,-0.548548809,-0.000394324,0.279571863,-0.035865681,0.009496009,0.180177984,-0.000819574,-0.091944193,0.113240294,-0.087024448,-0.005049738,0.086636241,0.005120215
bee,bee_09,9,2120,2149,0.108713272,0.13190249,0.150519436,0.115979297,0.143496292,0.116982409,0.084223148,0.054492683,0.026245139,0.037051804,0.03039403,0.526977434,0.259475589,0.232406805,2.267478501,0.892816239,0.891802076,0.048150283,0.539885218,0.53740278,0.208429511,258.9341198,254.769402,55.8898241,141.9233716,141.9198225,27.42992965,205.8284445,186.4540105,198.0751926,197.951858,88.05445617,422.297297,54.28679754,14.45848596,4.579799252,13.86588324,4.3599291,2.112446332,4.43240912,-1.362188798,1.29744574,-1.089688578,-0.3716368,0.679640273,-0.412252084,-0.008069046,0.314795531,-0.010362316,-0.045173136,0.283638614,-0.002284914,-0.066754147,0.162973493,-0.066730296,-0.028258235,0.120378824,-0.003715015
bee,bee_09,9,2150,2179,0.104653227,0.131555504,0.155046486,0.122196996,0.153372008,0.125285052,0.088165521,0.053574409,0.023253552,0.026466457,0.016430788,0.555900542,0.275569004,0.207890727,2.674003554,0.884564597,0.88171384,0.044776171,0.509591319,0.494218544,0.203173939,247.4443008,245.3238999,46.6658188,140.5874373,139.4921588,29.54428653,219.7422229,192.1094149,165.268218,171.558277,84.03973145,329.919764,51.38750266,14.53136241,5.24407209,13.98095795,4.722448597,2.041320978,4.735243459,-1.266768114,1.563066746,-0.715525275,-0.281815696,0.637495079,-0.163535343,-0.069908543,0.324821283,-0.080399129,-0.035166051,0.273252841,0.025795463,-0.037624904,0.177452527,-0.04232666,-0.030024287,0.13284693,-0.001516697
bee,bee_09,9,2180,2209,0.114035825,0.136274854,0.152057059,0.114460949,0.138335579,0.110421149,0.079067179,0.052307334,0.026448683,0.040930464,0.035660925,0.515274736,0.252796528,0.234414585,2.198134286,0.891897023,0.884454712,0.047303978,0.555608456,0.567772136,0.19787832,251.9122216,241.6325583,51.94317279,146.6815776,148.4895744,28.97586337,222.224921,196.4223134,172.1749495,184.755068,79.51637396,356.313345,53.58696774,14.09238666,4.550339779,13.88346289,4.265851957,1.976852397,4.251616092,-0.952876951,1.185508717,-0.887868364,-0.464457633,0.618518149,-0.369245639,-0.047618188,0.312260314,-0.04161323,0.005004393,0.197037544,0.020637074,-0.09118547,0.137923809,-0.072871922,-0.003497087,0.106256862,0.013045896
bee,bee_09,9,2245,2274,0.102570615,0.123786115,0.141626063,0.110423133,0.139947747,0.119233476,0.091386103,0.063697772,0.032592522,0.046328195,0.02840826,0.511230418,0.25037088,0.262412851,1.94819124,0.89121784,0.890427181,0.051386436,0.506954276,0.468736712,0.235062874,276.9228069,277.2823762,69.25452672,135.1038404,131.8104427,32.63570985,228.1615957,199.2682595,220.768739,224.345439,103.9798287,409.100507,53.78691904,18.87778416,5.592002895,20.43440772,4.259010046,2.826058883,4.028342745,-2.046396329,1.707114032,-1.876507798,-0.016718281,0.843151853,-0.063333283,-0.120640511,0.514600906,-0.09913636,-0.017922264,0.336898621,0.022376638,-0.072134479,0.229874443,-0.084691566,-0.010528359,0.171950116,0.009642402
bee,bee_09,9,2300,2329,0.127481714,0.150759115,0.164475167,0.120162185,0.139558123,0.105228187,0.070462605,0.043531065,0.020966481,0.0315861,0.025789257,0.529423662,0.259720308,0.192335509,2.752604891,0.895853144,0.89633643,0.04949802,0.537500682,0.522153394,0.229418059,266.0970968,259.9908452,62.11605372,142.421132,137.596851,35.14607719,233.6404973,206.6283086,200.5418824,197.951858,104.9753227,554.265203,57.78594648,15.54689335,4.349577421,15.90244209,4.336629219,2.531539218,4.016763149,-1.504677204,1.439545209,-1.529164816,-0.19522612,0.727061878,-0.212068785,-0.034878291,0.438711213,-0.004833079,-0.091749087,0.275329308,-0.066760263,-0.049663489,0.191118407,-0.045979915,-0.004733518,0.135580383,-0.002502283
bee,bee_09,9,2330,2359,0.042156419,0.050047172,0.058722184,0.049646328,0.074507398,0.08660909,0.101154189,0.113712387,0.088406377,0.202941198,0.132097259,0.269485,0.124153726,0.63831141,0.422184212,0.900860283,0.89812934,0.042323184,0.579188608,0.567753079,0.176748073,302.3887448,280.8878328,100.707195,144.5305235,145.6144407,27.24579789,212.1078628,192.8286289,244.6956302,197.951858,148.7718049,541.068412,43.08952069,15.92783954,5.331977623,15.58519773,2.43535155,3.352274223,3.395198637,-1.382511332,1.524375288,-0.975762089,-0.116108525,0.822635088,-0.17290141,-0.221727058,0.440415255,-0.129137575,0.104194167,0.281144844,0.068725516,-0.133333632,0.17901808,-0.104717852,0.045666725,0.138491822,0.025076095
bee,bee_09,9,2360,2389,0.116120548,0.132420091,0.143971059,0.108312809,0.133777179,0.111989861,0.085443438,0.059953821,0.031067307,0.045396606,0.031547282,0.498050908,0.242089988,0.253408454,1.965407625,0.889606806,0.886684503,0.050882179,0.531654156,0.532999511,0.215773735,262.0204944,246.5002975,67.11514454,141.5012455,141.0963364,29.54297933,215.8831012,192.1071839,187.5917609,184.755068,106.3146033,382.706926,61.18511983,17.03888612,4.943187918,17.79935013,4.219593457,2.632873873,4.222490479,-1.397584485,1.492144315,-1.242064636,-0.216155429,0.759366045,-0.238181603,-0.060796478,0.385112868,-0.062338054,-0.008442687,0.299849525,0.028860165,-0.075385341,0.211636037,-0.069797255,-0.005659514,0.124652727,0.015712166
bee,bee_09,9,2390,2419,0.142562624,0.158822764,0.16529723,0.117392132,0.13407906,0.100208643,0.066930643,0.041050243,0.019355001,0.028039553,0.026262107,0.516977065,0.251471192,0.181637547,2.846201528,0.887268462,0.887674529,0.050238711,0.532408327,0.549812461,0.213717795,249.4195898,247.2780022,49.78917538,144.6288995,145.5087877,32.23996467,216.523163,200.0806505,159.5948314,171.558277,85.79369958,356.313345,49.58794027,15.34220421,4.052747867,15.61309718,4.567416016,2.140440482,4.397418281,-1.017325186,1.276882145,-0.884323359,-0.351607867,0.664554781,-0.367670885,0.034524934,0.316058693,-0.005479021,-0.057703274,0.267774667,-0.014542211,-0.04037817,0.173014257,-0.047234331,-0.015257365,0.111359366,0.000215496
bee,bee_09,9,2534,2563,0.161259467,0.170152044,0.166811414,0.112213433,0.121447672,0.085840856,0.055609199,0.035105295,0.018253986,0.032860388,0.040446247,0.486313375,0.233661105,0.182275115,2.668018485,0.906519888,0.90586051,0.054079376,0.639309632,0.650919336,0.209009423,262.3840513,248.9595332,62.47531591,165.1478431,164.347513,32.12029498,225.9606103,214.6345123,142.5746716,171.558277,86.6964459,554.265203,64.88422028,12.59606743,3.769472118,12.40499861,3.63427095,1.843618671,3.550350779,-0.289987484,0.822096481,-0.296969619,-0.44653288,0.474236638,-0.365968037,-0.095667462,0.309354044,-0.06184732,0.008905345,0.18461788,0.00981805,-0.044267971,0.109756006,-0.037158789,-0.030506064,0.083489162,-0.01834249
bee,bee_09,9,2774,2803,0.077045488,0.099073717,0.119087764,0.096171931,0.1264741,0.114249625,0.096210771,0.077521181,0.04701143,0.08650375,0.060650243,0.45598342,0.222646031,0.367897376,1.239431019,0.899333384,0.898953702,0.041918659,0.551338108,0.541315107,0.190928013,282.7629081,269.3602128,84.61326148,139.6136078,136.9133549,27.43981284,239.4505856,186.8457602,242.5989439,224.345439,133.6461312,646.642737,51.18755121,16.21333372,3.722344798,15.70914903,3.492764065,2.854535052,3.907023521,-1.717581683,1.311423949,-1.613356302,-0.241875959,0.759022543,-0.303887195,-0.068962335,0.522577686,0.038078882,-0.049169959,0.279323234,-0.042806652,-0.114908608,0.174538746,-0.084892338,0.031464024,0.112063478,0.030725914
bee,bee_09,9,2804,2833,0.116398794,0.142501904,0.160900809,0.120931194,0.144040605,0.111076855,0.075086401,0.045883006,0.021518067,0.03170585,0.029956517,0.536949462,0.264971799,0.20414984,2.630173321,0.902693747,0.900289257,0.046467039,0.59533808,0.603400674,0.199712445,262.5887983,256.2140366,44.779827,153.0409887,156.819677,29.61238257,213.2264813,202.1081778,179.081681,184.755068,66.17101952,303.526183,48.88811047,12.59573185,4.295767153,12.07935896,4.048296051,1.816337314,3.961328024,-0.942256543,1.03805637,-0.852329264,-0.455679231,0.562035322,-0.402072847,-0.054320389,0.316094009,-0.094915263,-0.031221378,0.230528494,-0.012396262,-0.073398187,0.129283032,-0.058475275,-0.023750977,0.101187265,-0.012319657
bee,bee_09,9,2834,2863,0.125587908,0.144557489,0.155027299,0.112637531,0.131386673,0.100946643,0.070367113,0.046614043,0.02451344,0.042720999,0.045640863,0.499998146,0.244024204,0.229856458,2.175262556,0.900300715,0.905907147,0.047190634,0.595007914,0.611345698,0.192726786,256.5723127,249.8127919,46.8259744,153.128765,155.1143685,29.21337254,218.1756881,199.3368472,165.3915524,171.558277,74.03931577,303.526183,51.58745403,12.40888696,4.022292315,12.2829872,4.034895648,1.753683545,3.867753776,-0.786877453,0.838300382,-0.781377762,-0.415045484,0.582556659,-0.410902183,-0.039291748,0.280521126,-0.073592655,-0.007185095,0.192103042,-0.004362118,-0.09011202,0.131402869,-0.074883855,0.000281434,0.09647667,0.007913876
bee,bee_09,9,2894,2923,0.095031459,0.106706543,0.113991704,0.085126721,0.106991605,0.096386439,0.085680189,0.075688412,0.050007313,0.101316474,0.083073141,0.402496469,0.192118326,0.395765529,1.017007393,0.90219196,0.902545806,0.046556536,0.582323949,0.572516992,0.194465486,300.3931176,285.5209393,98.27640898,146.3583725,147.0314285,28.06148098,229.8014867,190.7126053,242.7222783,211.148649,155.7336866,633.445946,60.98516845,15.27840247,4.310759913,15.3582152,2.727538715,3.095712313,3.291192963,-1.473110363,1.693633688,-1.069074931,-0.112807383,0.782332141,-0.119011359,-0.284614577,0.490304933,-0.173087204,0.054027437,0.253724141,0.06760406,-0.142837992,0.193019839,-0.096518358,0.01752524,0.119833904,0.020999601
bee,bee_09,9,2924,2953,0.119314104,0.137475919,0.149934252,0.112153038,0.136359868,0.11070183,0.080818582,0.053829436,0.026747477,0.038921198,0.033744295,0.509148989,0.248512907,0.234060988,2.175283428,0.908987295,0.913741451,0.046675667,0.611417987,0.622860471,0.203750083,276.62117,269.8139027,55.17830091,152.7691091,146.1875925,32.41619783,227.9919197,206.6647751,186.9750884,197.951858,88.73143713,343.116554,60.48529007,11.4608268,4.086372136,11.68884792,3.682435956,1.99609935,3.499548489,-1.23736411,1.236404394,-1.057360939,-0.314847671,0.580818186,-0.321202644,0.015913793,0.266677775,0.004887312,-0.063950501,0.239653623,-0.025317378,-0.03181142,0.152221072,-0.037067799,-0.015709884,0.098515249,-0.014909547
bee,bee_09,9,2984,3013,0.105624357,0.129053642,0.148279183,0.115077875,0.14387345,0.119388987,0.088121595,0.058646496,0.028727716,0.038934998,0.0242717,0.526619495,0.258951325,0.238702505,2.206174983,0.901817141,0.899669256,0.049783764,0.575490793,0.59155806,0.22854632,267.895839,255.6899779,58.46465348,150.4202267,150.9965999,33.34340763,229.9745337,205.1793116,174.7649738,184.755068,101.2925798,422.297297,65.38409867,15.44021612,5.493317042,15.59151919,4.060073399,2.293195429,3.899764952,-1.263817078,1.481540327,-0.858765599,-0.177389774,0.730563912,-0.151938988,-0.078938157,0.350312087,-0.042085273,-0.020222029,0.229711792,-0.008086503,-0.057961289,0.175036729,-0.043325261,-0.01359857,0.117272918,-0.003294337
bee,bee_09,9,3014,3043,0.056953574,0.081641132,0.110301215,0.09841812,0.141407183,0.137253726,0.117949277,0.09040732,0.049346377,0.073075014,0.043247063,0.487380244,0.239825303,0.37402505,1.303068454,0.919323672,0.916781754,0.036502468,0.641901425,0.648604512,0.172664458,326.7227665,323.3441171,65.96887656,147.6664927,139.3089733,28.58662124,214.881245,204.9070048,276.7625979,277.132601,105.6101284,435.494088,45.68888845,13.92442772,3.606212452,13.45353853,2.21137593,2.290549169,2.255291347,-2.089070436,1.571888714,-2.273284577,-0.029822064,0.706043606,-0.041886498,-0.25136004,0.404147281,-0.230713476,-0.012309717,0.257665947,0.001513754,-0.097216791,0.14852951,-0.090777302,-0.030763498,0.102477271,-0.019025264
bee,bee_09,9,3044,3073,0.083228793,0.107559401,0.130304376,0.105956123,0.139620822,0.124471187,0.10016884,0.073516399,0.039320941,0.058330613,0.037522506,0.500352508,0.245576945,0.308859299,1.620001434,0.912634697,0.913317507,0.046457974,0.608477613,0.635202753,0.220629493,291.3140726,288.377649,60.87389741,149.8298304,149.8067481,34.16890669,232.2637851,212.6931016,226.6887945,224.345439,95.88087529,475.08446,52.58721083,15.66168205,4.484897635,16.36317081,3.463266736,2.296831094,3.454547896,-1.598897005,1.435041477,-1.396719483,-0.147021808,0.766304581,-0.25487714,-0.071820066,0.386379161,-0.033648393,-0.124658798,0.256025712,-0.074953339,-0.044197451,0.171788395,-0.037768743,-0.03261611,0.104907107,-0.020229755
bee,bee_09,9,3232,3261,0.131218389,0.150849942,0.16169001,0.117282375,0.135952028,0.102546694,0.068717876,0.042555023,0.020734477,0.033367316,0.035085871,0.517471107,0.253234403,0.200460562,2.581411032,0.887071723,0.882583269,0.04843651,0.532846627,0.532287973,0.203915854,249.6652349,241.1549093,47.51904678,141.5012407,147.1444938,29.30849453,222.776668,188.8400708,178.3416741,184.755068,71.28233697,263.935811,46.38871826,14.61525122,4.225241228,15.35292587,4.562507681,1.967636746,4.427173093,-1.04799196,0.978714077,-1.191180718,-0.59714402,0.556816055,-0.513865009,0.064797939,0.332744157,0.001281898,-0.051003654,0.238357219,-0.031300127,-0.105223029,0.152177444,-0.093046099,0.011802305,0.096323277,0.008533551
bee,bee_09,9,3262,3291,0.142460026,0.165967364,0.177003118,0.125754435,0.140541554,0.099654621,0.061190069,0.033735026,0.01456628,0.02033498,0.018792525,0.542953729,0.266295989,0.148618881,3.653329412,0.896561997,0.893269167,0.054038623,0.56053636,0.559523858,0.23937129,259.0372372,246.9610353,57.50438371,146.8239527,147.8450407,35.05048172,225.7065882,216.6428839,179.9450225,184.755068,78.46892534,475.08446,51.58745398,13.23367551,5.65144426,12.61292078,4.415956927,2.433891235,4.167178267,-1.110067405,1.120529308,-1.13203747,-0.456806955,0.503147297,-0.412090819,0.057377915,0.355815181,0.069434863,-0.083033387,0.239234511,-0.068532568,-0.053584105,0.150734096,-0.048937817,0.000309097,0.095483276,0.002079026
bee,bee_09,9,3292,3321,0.139696173,0.150903936,0.155233931,0.111271605,0.130525351,0.102208828,0.072370237,0.047233073,0.023432336,0.035469251,0.031655279,0.499239715,0.241796956,0.210160176,2.375520063,0.879187129,0.871760841,0.046248139,0.495943614,0.46750849,0.198311328,238.2649622,230.8474708,44.72161431,139.6812904,139.3538008,28.25116282,212.2627593,188.8169872,148.1247237,171.558277,79.74004256,329.919764,56.68621398,15.97918948,4.923058078,16.56081448,4.904265018,1.999048213,4.886196689,-1.080852908,1.257062881,-1.114613123,-0.319612186,0.677021924,-0.295536947,0.057155215,0.345321071,-0.003593043,-0.061164633,0.278108708,-0.005137255,-0.045918078,0.163561958,-0.028572082,0.004141531,0.103890776,0.014462724
bee,bee_09,9,3322,3351,0.143032832,0.148229848,0.146402021,0.102399902,0.119859668,0.097276114,0.075005059,0.055401394,0.030717253,0.048831339,0.03284457,0.465937705,0.22225957,0.242799614,1.919021602,0.894963624,0.896189711,0.056049727,0.563885522,0.543779134,0.23162905,267.7063258,258.1835813,69.01300991,149.5152228,145.4818745,37.43154402,238.2263288,215.4885939,165.761556,171.558277,113.6907757,488.28125,52.68718655,15.63139418,6.531522572,17.0152923,3.955698512,2.44802025,3.842096269,-1.071830056,1.616932536,-0.823923578,-0.199879435,0.738026356,-0.198874557,-0.110984608,0.480764538,-0.063860598,0.004758301,0.24609347,0.044866495,-0.101495214,0.195665735,-0.050549729,0.032528727,0.114470079,0.019937372
bee,bee_09,9,3382,3411,0.125253184,0.142709264,0.154170384,0.114386975,0.137610779,0.109752689,0.078131959,0.050465796,0.024414606,0.034786371,0.028317992,0.515920828,0.251997754,0.216116724,2.387232322,0.896133041,0.889472125,0.059311671,0.55934217,0.541572633,0.25192798,264.1775539,258.3704669,59.39270447,148.9948377,151.0640695,38.8839862,238.0019599,213.8729303,168.5982492,184.755068,90.25009548,422.297297,55.78643279,15.50593102,5.701242437,15.65334231,4.328701497,2.38641844,4.009780762,-1.072735748,1.549669913,-0.603808353,-0.22895293,0.737396833,-0.113289386,-0.100482573,0.316792173,-0.094585169,-0.035918336,0.254283791,0.019682309,-0.046451526,0.190607604,-0.038909741,-0.036063878,0.137801843,-0.00862997
bee,bee_09,9,3432,3461,0.153946681,0.164008746,0.163423558,0.11213497,0.124346935,0.090649418,0.060378283,0.038634667,0.019954691,0.034670446,0.037851604,0.490554882,0.236481905,0.191489692,2.561782188,0.880093747,0.872850307,0.04718085,0.539710753,0.529674858,0.174238462,233.9858853,227.6743753,43.43585358,147.9243407,144.696275,27.30055856,215.1136235,199.199352,120.0044598,145.164696,69.5795799,329.919764,52.98711367,12.432458,3.664726733,11.98882485,4.478614076,1.506202711,4.536686512,-0.331859859,0.834038513,-0.27882148,-0.44803243,0.602534082,-0.423407404,-0.071566733,0.290526383,-0.066629331,0.046919931,0.179347947,0.035280779,-0.078488158,0.115806025,-0.048267765,-0.011393183,0.097190839,0.002343141
bee,bee_09,9,3462,3491,0.080758878,0.103342809,0.125754761,0.103461565,0.138401596,0.125634375,0.103062476,0.077389437,0.042424746,0.064624623,0.035144733,0.493252298,0.241863161,0.322646015,1.528772322,0.89318438,0.891103257,0.044072725,0.516366435,0.48733553,0.208714764,284.1681163,275.2549253,77.08464889,136.5424213,133.4359649,27.82582749,199.6973702,190.1494573,232.3621811,224.345439,122.0069402,488.28125,49.78789161,18.51811162,5.142010496,19.06902833,3.633016622,3.051533141,3.759883404,-2.088574534,1.823884984,-1.605737865,0.015653367,0.80192789,0.066762967,-0.295636202,0.569332362,-0.191641399,0.009890485,0.320151571,0.028951973,-0.125895632,0.2446802,-0.109682997,0.004067916,0.150861192,0.017985668
bee,bee_09,9,3492,3521,0.166866594,0.175855937,0.172402684,0.116154647,0.126055663,0.089199101,0.057071281,0.034274348,0.016218146,0.023993485,0.021908112,0.503812096,0.24221031,0.153465373,3.282904061,0.869630466,0.85822573,0.059753618,0.482700799,0.461797154,0.232814074,229.976101,221.2664982,52.29059527,137.5923306,134.070578,35.64929403,218.2203225,206.4308075,126.5411878,145.164696,71.66321675,329.919764,58.28582501,14.9107988,4.562542779,14.91195504,5.144362235,2.234595216,5.038054159,-0.617395436,1.046526206,-0.419249294,-0.529037045,0.693917361,-0.41301903,0.055874038,0.332402846,0.029244667,0.006337948,0.227138984,0.024764528,-0.086494443,0.176748979,-0.068295952,0.005807967,0.113380564,0.010787742
bee,bee_09,9,3522,3551,0.118705613,0.141836408,0.157650883,0.117919328,0.141210575,0.111092937,0.077909743,0.05000213,0.024359541,0.035071261,0.024241581,0.527873723,0.259129903,0.211584256,2.494862954,0.882120892,0.870588306,0.05727986,0.491918148,0.456879252,0.244956812,259.7647909,240.8528209,79.66517058,134.978487,134.1560983,33.61227814,233.0849903,199.6374388,187.3450919,184.755068,123.5404413,567.461993,54.78667597,17.36725653,6.009581157,18.67301285,4.538846283,3.164096963,4.998296807,-1.530077182,1.730499921,-1.285689228,-0.170924698,0.775216,-0.157640801,-0.103490466,0.424202832,-0.109416319,-0.054725265,0.300373167,0.007033185,-0.033439847,0.199305207,-0.048654285,-0.033262497,0.152089089,-0.006992748
bee,bee_09,9,3612,3641,0.118768132,0.143096642,0.160431817,0.120685323,0.144657872,0.112800001,0.077093508,0.047170993,0.02169445,0.029571188,0.024030076,0.538575012,0.265343194,0.199560215,2.698809542,0.873590048,0.873092953,0.046116672,0.459768583,0.435834767,0.197355486,240.2190025,230.8220947,47.1616022,130.7145544,127.5893342,28.82104574,202.4971026,188.7808644,165.021549,171.558277,87.86820678,329.919764,48.68815916,17.7594268,4.233918964,17.98589735,5.1575192,2.105073465,5.28177813,-1.434219596,1.35671031,-1.133872442,-0.382527859,0.766825559,-0.314391539,0.068122698,0.37532089,0.008995784,-0.043444345,0.260006206,0.01534465,-0.095018535,0.189586424,-0.079717672,0.011549219,0.146030661,0.025772043
fly,fly_01,2,575,604,0.121106283,0.138603639,0.149235984,0.109811319,0.130829986,0.103766332,0.074808633,0.050710775,0.026705502,0.045439447,0.048982101,0.49364362,0.240641304,0.246646457,2.001421898,0.926203145,0.934562479,0.048802745,0.690006913,0.731143316,0.207922571,293.9974908,293.461903,67.35109121,164.1056434,167.3358363,29.50735911,223.2742624,204.8074801,213.738673,211.148649,127.5721866,739.02027,68.18341784,8.294807842,3.190146554,8.075988056,3.022895166,2.065383688,2.853642788,-1.01293788,0.895552357,-0.85939312,-0.359639588,0.52777146,-0.302521427,-0.065664388,0.25622679,-0.082250362,-0.033724796,0.176219004,-0.018169637,-0.080892306,0.115990836,-0.064363946,-0.012789463,0.065071317,-0.004622029
fly,fly_01,2,605,634,0.096295118,0.111909936,0.123557146,0.094392674,0.119915053,0.106891961,0.091025654,0.074707828,0.045461906,0.080421213,0.05542151,0.444756834,0.214307727,0.347038112,1.281579224,0.916904188,0.917970375,0.056825006,0.642114027,0.641331611,0.244672542,310.1595135,302.4103306,85.88543788,156.0759194,153.6694201,37.14495819,229.0424691,215.2823297,235.4455434,224.345439,171.3542272,739.02027,70.98273704,11.60654194,5.620454083,12.41001819,2.79752016,2.845939764,2.63066682,-1.33014894,1.45600326,-0.867456703,-0.229049707,0.737032407,-0.268008634,-0.138562736,0.427450547,-0.097043998,0.014328013,0.255863433,0.012468142,-0.112408625,0.172387263,-0.07882017,0.012393912,0.130570337,-0.003979065
fly,fly_01,2,650,679,0.144625323,0.158940834,0.163048049,0.114310403,0.128945009,0.095363286,0.063918726,0.040637763,0.020587253,0.034243366,0.035379988,0.501666746,0.243255412,0.194767096,2.575726375,0.894512627,0.889256818,0.052429118,0.568686798,0.543880813,0.21099543,254.1686899,246.1665677,54.1031739,148.4874576,148.7938962,29.6129214,205.1735302,191.9272809,162.1848557,171.558277,84.90605504,356.313345,61.58502263,10.92480781,3.684351212,10.71291024,4.22238839,2.012660796,4.227992371,-0.920672408,0.902014971,-0.922571439,-0.416428861,0.66802128,-0.401345637,0.040559755,0.33571949,0.024368455,-0.02399117,0.201841441,0.002683651,-0.093391705,0.128391501,-0.072918746,0.013677166,0.093832399,0.023069873
fly,fly_01,2,736,765,0.120696415,0.136367229,0.147018065,0.109833543,0.13458137,0.111349573,0.083637227,0.057537637,0.029212058,0.041478013,0.028288869,0.502782551,0.244414913,0.240153804,2.09358562,0.88722179,0.887038468,0.053727319,0.514003275,0.480262846,0.229270967,256.8238717,253.3219596,63.07366432,137.8954112,134.3944703,34.35385308,217.4693801,206.1691775,177.2316636,184.755068,104.5229476,567.461993,52.08733244,13.04368637,4.63088748,13.66333059,4.523866545,2.350475133,4.569129363,-1.420376163,1.482064331,-1.158978512,-0.268682241,0.743463122,-0.255501769,-0.069744302,0.491924794,0.009743331,-0.016772122,0.239576977,-0.008094414,-0.10440037,0.165073865,-0.076020497,0.017007975,0.120164674,0.015898943
fly,fly_01,2,745,774,0.105272642,0.126247191,0.143846913,0.111857622,0.14127146,0.119489957,0.090368715,0.061646333,0.030731968,0.042139712,0.027127487,0.516465952,0.253129082,0.252014215,2.049352467,0.890304494,0.888098244,0.050123946,0.512801041,0.487510705,0.225689308,263.1019862,260.7695778,53.54140908,137.596587,130.2217134,34.07846846,219.1941268,203.1495996,188.8251057,184.755068,87.26161755,329.919764,43.48942341,12.9667253,4.636296231,13.39234896,4.551800354,2.284991055,4.249146161,-1.695815267,1.527984588,-1.386827083,-0.214444132,0.707847006,-0.180131807,-0.066233866,0.469685947,0.002644146,-0.058394849,0.255851452,-0.032606635,-0.08190758,0.176851847,-0.074248062,0.002436936,0.120909841,0.008313976
fly,fly_01,2,895,924,0.048144773,0.06425887,0.082867809,0.072865998,0.106465565,0.110083762,0.106606478,0.097667697,0.065065483,0.132396572,0.113576993,0.372283134,0.179331563,0.515313224,0.722440482,0.942077894,0.943614598,0.030919251,0.751155113,0.76724247,0.139433123,392.4342333,389.1183719,89.62789868,164.7000689,169.1888616,26.04916759,222.4170732,204.8483251,381.1035774,382.706926,168.6514786,686.233108,55.086603,10.71184363,3.095732702,10.6831632,0.446964303,2.385023826,0.066573124,-1.385895925,1.396051899,-0.975908324,0.079080095,0.68617827,0.145704864,-0.314031481,0.320507512,-0.339737328,0.055137918,0.182327842,0.041603894,-0.123236275,0.127149094,-0.119358796,0.007662266,0.095680816,0.013425701
fly,fly_01,2,935,964,0.064744057,0.076423684,0.083927349,0.062779433,0.077597853,0.068330529,0.061316485,0.058650849,0.044394965,0.126362571,0.275472225,0.292635163,0.140377286,0.566197095,0.516843279,0.905693617,0.915767369,0.065580709,0.633709352,0.648902329,0.222939364,459.6637097,470.3857966,148.3296547,156.7121722,152.199332,34.13535306,238.1367144,216.4220858,514.7981655,527.871622,243.2983946,739.02027,44.4891802,11.03420537,3.524456967,11.60701372,-0.646929675,3.64195272,-1.340536305,-0.339724629,1.732220383,-0.454142999,-0.135609465,0.90351756,-0.174030054,-0.14235371,0.419921209,-0.121187177,-0.026156674,0.234691601,-0.010988979,-0.08306068,0.160229667,-0.067543735,0.006091341,0.089461061,0.000732529
fly,fly_01,2,1016,1045,0.112594018,0.133043439,0.14846836,0.112877655,0.138888149,0.113738578,0.083358726,0.055578893,0.027643188,0.040358778,0.033450217,0.513972742,0.251765803,0.240389802,2.138080473,0.902028321,0.895195125,0.051084464,0.564930345,0.520740456,0.232508089,273.1984825,271.9859877,62.36402893,144.9923992,134.3810608,35.50622358,233.9291817,205.5656641,204.8585895,211.148649,125.1497349,712.626689,61.58502255,12.34760558,3.684540027,13.17020499,4.053131202,2.268684217,4.230611969,-1.549981483,1.414401,-1.476403196,-0.15910599,0.659146668,-0.19167126,-0.068551282,0.376178852,-0.089805388,-0.121191362,0.250264265,-0.097157315,-0.036673462,0.157306338,-0.045954703,-0.027291136,0.119164557,-0.023772876
fly,fly_01,2,1117,1146,0.101714269,0.124987793,0.143138647,0.110237747,0.136812064,0.113550857,0.085635213,0.060322238,0.032209418,0.051357026,0.040034728,0.503739316,0.247049811,0.269558623,1.868756083,0.908875583,0.90907772,0.044083048,0.600072354,0.598466922,0.201855096,284.4452956,275.4669914,62.76781737,147.6953141,144.1545927,30.74687032,230.7853022,199.0668539,224.8387772,224.345439,112.8459033,646.642737,56.78618962,10.78061341,3.182633593,11.08429129,3.502061505,2.221199637,3.499645198,-1.557501421,1.35274366,-1.446426382,-0.15923223,0.644251283,-0.209040243,-0.100212949,0.390615038,-0.071259859,-0.083646852,0.237005455,-0.026017387,-0.059887275,0.142830147,-0.058964479,-0.001522784,0.08546749,0.010823309
fly,fly_01,2,1125,1154,0.058845186,0.073366575,0.086183198,0.068938367,0.091320422,0.085855637,0.079273968,0.07481569,0.054886613,0.143182392,0.183331953,0.332297624,0.160258789,0.535490615,0.620547987,0.907785807,0.903030414,0.042387246,0.58490671,0.5586773,0.19578646,332.6393962,326.2903237,113.0375398,142.0460638,132.6533715,30.72236204,218.7387492,206.244061,303.7728514,277.132601,171.5173832,725.82348,56.68621395,12.63464586,2.900121254,12.44426839,1.871007883,3.787476478,2.394634154,-1.747289044,1.416014703,-1.783465979,0.052033264,0.744036477,0.013428148,-0.176025151,0.460504583,-0.186811267,-0.046370137,0.296643324,-0.017919115,-0.082146399,0.157069297,-0.060270276,0.011203463,0.098301377,0.020297874
fly,fly_01,2,1155,1184,0.104788365,0.132666909,0.153231111,0.116653169,0.140289175,0.109546359,0.075726137,0.048502726,0.024580749,0.043025727,0.050989571,0.519719814,0.256942344,0.242824911,2.140306826,0.900185686,0.895723234,0.051658315,0.551816802,0.526551967,0.244025985,277.1285144,258.7845398,78.6668183,141.2301664,130.1757552,38.23001915,233.2692426,218.6333392,217.8087112,211.148649,133.530939,739.02027,66.08392839,12.76331903,4.29926891,13.88336537,3.988806804,2.808480058,4.089262016,-1.624226753,1.431457441,-1.755908011,-0.237059819,0.525588791,-0.317955109,-0.023540552,0.372606648,-0.060807837,-0.155851226,0.281775713,-0.119024959,-0.035351275,0.145917963,-0.043064411,-0.019945131,0.098750968,-0.012525671
fly,fly_01,2,1315,1344,0.12036274,0.125192491,0.122664562,0.084561007,0.098177406,0.082098397,0.070931445,0.064659816,0.04544067,0.101535525,0.084375941,0.387501372,0.182738413,0.366943397,1.056024923,0.90621844,0.912260517,0.050153614,0.605633277,0.612349264,0.202122741,344.7517698,343.9535405,116.1301887,143.8415037,139.4469273,29.15131362,223.1661848,203.5993759,306.4862103,303.526182,177.7991999,646.642737,55.58648145,11.13122041,2.48637889,10.87135594,1.589316163,3.758923085,1.556786523,-1.507064247,1.342059326,-1.50438633,0.074881801,0.788435659,0.219607105,-0.246712666,0.370875087,-0.256517663,0.066430345,0.277055514,0.065068739,-0.129386037,0.163140298,-0.158561408,0.051459659,0.113637308,0.049488258
fly,fly_01,2,1340,1369,0.030920127,0.044535764,0.061677539,0.057814487,0.090861207,0.102971622,0.109554755,0.109235437,0.0772185,0.165810496,0.149400064,0.313324857,0.148675695,0.611219252,0.512622689,0.954631751,0.957482292,0.026110016,0.802599158,0.822226569,0.122226822,424.2176415,420.5885594,61.84446156,166.5690414,164.4175951,24.67112514,221.647948,209.3476829,409.2238413,409.100507,116.3070231,541.068413,55.58648142,9.276378152,2.264072105,9.160669857,-0.592063046,1.77831012,-0.662049621,-1.639279009,1.175950841,-1.791837935,0.165267095,0.58570608,0.138301397,-0.302439789,0.282487379,-0.306144316,0.015261096,0.194395096,0.010261926,-0.108584999,0.118665462,-0.108333785,-0.000728685,0.087419005,-0.002874187
fly,fly_01,2,1798,1827,0.080298855,0.099998727,0.11951046,0.097913256,0.132232796,0.123276307,0.105230931,0.082496812,0.046633563,0.072005258,0.040403035,0.472932819,0.230146052,0.346769599,1.363824338,0.904622573,0.903210236,0.04127942,0.5656784,0.5753486,0.201266109,291.8982899,284.6213406,69.27569813,142.3341279,141.2704085,29.87630705,221.2718761,198.3716221,231.0055018,224.345439,118.69404,448.690879,53.88689475,13.0961782,3.985496518,13.60296692,3.402186661,2.494840014,3.389084939,-1.979858195,1.64436182,-1.922202431,0.142835445,0.777110298,-0.018373133,-0.220789337,0.508286562,-0.113254443,-0.023215258,0.289630116,0.007954797,-0.08194556,0.208544421,-0.061424685,-0.013431136,0.122115106,0.001589496
fly,fly_01,2,1987,2016,0.126573907,0.138776599,0.145117867,0.105800155,0.127008624,0.103379986,0.077430722,0.054362214,0.028939708,0.047129008,0.04548121,0.481306632,0.232808779,0.253342862,1.89982314,0.912713392,0.911293753,0.049554301,0.637072034,0.624560371,0.203928947,279.1974811,272.0448865,63.89393511,157.3111927,159.197333,29.07432572,217.9026136,203.0949041,186.8517539,197.951858,112.8427624,475.08446,66.98370961,10.84437974,3.715622012,11.46519855,3.419278946,2.039187134,3.694149788,-1.013623055,1.094095277,-0.713961273,-0.251814237,0.696120876,-0.270336176,-0.014368891,0.272005415,-0.015551515,-0.044346679,0.202050066,-0.006931877,-0.058445359,0.13686205,-0.052721017,-0.017651616,0.093694043,-0.0024244
fly,fly_01,2,2835,2864,0.102309299,0.12348575,0.141382071,0.11011665,0.138812625,0.116685103,0.087504262,0.059499313,0.030090356,0.045442917,0.044671654,0.506996448,0.248929275,0.267208503,1.897381415,0.926160298,0.924704901,0.041397614,0.695322014,0.666394412,0.1714691,297.422289,293.3816371,58.55149943,163.6413361,161.4802479,26.706904,233.4643283,210.8634632,197.4585201,197.951858,110.519401,501.478041,60.68524143,10.49960613,3.12279847,10.32227355,2.822701677,1.739630853,2.967944307,-1.093020201,1.154147507,-0.994204196,-0.246552785,0.610553916,-0.264992124,-0.015778167,0.268934705,6.95E-06,-0.083259535,0.167882298,-0.07193414,-0.042079561,0.117369868,-0.030739946,-0.023594219,0.081645551,-0.011138066
fly,fly_01,2,2850,2879,0.092432731,0.10145125,0.108905303,0.083725599,0.109887967,0.103331463,0.092692556,0.078966181,0.049183118,0.091695267,0.087728565,0.405850332,0.193613566,0.400265687,1.013952344,0.949268824,0.959598987,0.041132344,0.792837994,0.830807655,0.159884617,349.3111985,353.346385,73.76488223,175.3456947,175.5310493,26.14203929,224.9328769,212.9934039,277.5026048,277.132601,165.848438,739.02027,75.78156996,9.118073734,3.274949658,9.356440217,1.539282007,1.79261576,1.240965273,-1.037564786,1.122040247,-0.841140014,-0.077377203,0.533453195,-0.032854627,-0.132666842,0.237602739,-0.120010522,-0.041492148,0.13910281,-0.052684896,-0.052863367,0.09242691,-0.030714274,-0.024180277,0.060752233,-0.016715443
fly,fly_01,2,3570,3599,0.038805644,0.050103484,0.061273683,0.051321495,0.072738804,0.076362117,0.081081018,0.087741639,0.070265022,0.190964557,0.219342537,0.2616961,0.124060299,0.649394773,0.40298461,0.928932537,0.920122556,0.041097524,0.677697114,0.636363696,0.193754275,395.8069674,397.408855,108.7704426,155.4270897,149.6238883,32.72330829,225.9383282,210.8088583,366.5501074,356.313345,170.0517387,699.429899,64.48431747,11.46440005,3.821058964,12.78767077,-0.067879076,3.544642281,0.226580965,-1.414169773,1.31888199,-1.118921495,0.162507214,0.841508737,0.029488575,-0.239784719,0.425201277,-0.199640462,0.05168719,0.248851568,0.041043584,-0.139353631,0.156572847,-0.13040614,0.022395214,0.090461436,0.023079908
fly,fly_01,3,15,44,0.054039719,0.065142736,0.077050845,0.064334192,0.091911289,0.096146633,0.097668394,0.096015973,0.068418011,0.151720015,0.137552194,0.329442959,0.156245481,0.551374586,0.597493913,0.950466354,0.952563211,0.032817914,0.78737065,0.809666888,0.143240166,417.0515672,442.147819,86.44611939,169.4389208,166.6686046,27.21628428,230.5188054,219.2951378,419.5839385,435.494088,175.0511403,699.429899,66.68378252,9.912443379,3.417367523,9.271741007,-0.070300222,2.367109781,-0.589820433,-1.188323818,1.13123117,-1.014384982,0.169020724,0.67805073,0.18963854,-0.241249364,0.345981272,-0.258285264,0.064725959,0.194651734,0.042225541,-0.110450105,0.11114942,-0.106197063,0.02860062,0.081860726,0.02941312
fly,fly_01,3,185,214,0.049085906,0.061298183,0.076406939,0.067386469,0.10170155,0.111403211,0.114566395,0.109265023,0.073316135,0.141533563,0.094036626,0.356898169,0.169088019,0.532717742,0.669957354,0.907151486,0.904889478,0.03433684,0.587061497,0.564034625,0.151617354,346.6546873,336.4980969,98.18141304,136.8374347,132.3540582,25.24726181,221.938229,199.7310645,318.3263214,329.919764,147.7056313,541.068412,48.88811045,14.66452521,3.219430891,14.65647832,1.354448826,3.337661756,1.86390229,-2.211413631,1.583932637,-2.478744772,0.229804026,0.742569824,0.335106194,-0.301331148,0.465452974,-0.274765632,0.008244262,0.30590953,0.000998551,-0.10990345,0.19944673,-0.102487998,0.011959952,0.130159773,0.02065698
fly,fly_01,3,209,238,0.040450534,0.048602695,0.057180333,0.047681527,0.068661184,0.073537024,0.077873583,0.081715091,0.063409981,0.173960798,0.266927251,0.247060067,0.116342711,0.663886703,0.372141913,0.909691399,0.909112802,0.048633338,0.605069364,0.595805772,0.204075109,421.8345369,417.8629985,135.9573227,146.2129894,140.838431,31.70047898,225.6211899,210.7425088,405.89381,422.297297,217.999417,699.429899,69.28315036,12.50043856,3.706606943,12.82862587,-0.413318336,3.851498548,-0.485799537,-1.049915273,2.073746872,-1.025770689,0.268379878,0.714559851,0.215680916,-0.431145939,0.476573337,-0.454578768,0.048451871,0.270856322,0.041936568,-0.091943338,0.196373341,-0.061700327,0.022143856,0.131460941,0.029088108
fly,fly_01,3,490,519,0.109833054,0.136630483,0.157361041,0.120738201,0.147314653,0.117157716,0.081647646,0.050825954,0.023563635,0.031437072,0.023490544,0.542571611,0.268052854,0.210964852,2.571857855,0.883872484,0.875567277,0.044043621,0.491826683,0.441063213,0.202628208,248.5713207,243.0976437,50.31569552,135.7670704,128.9997433,30.2360589,217.4130198,192.6288828,182.7817157,184.755068,87.12250474,501.478041,48.7881348,12.28445837,3.80290475,13.25187997,4.824629512,2.021777475,5.152154979,-1.484844274,1.454179905,-1.296172421,-0.278998305,0.66402244,-0.219452891,-0.047871809,0.357810737,-0.030120642,-0.085843419,0.271797179,-0.040949356,-0.052554663,0.178345702,-0.058307303,-0.026327255,0.112815422,0.001494594
fly,fly_01,3,505,534,0.101457849,0.126042587,0.145252985,0.112125693,0.139229647,0.115520316,0.086990687,0.060927448,0.032075087,0.048525056,0.031852644,0.512128641,0.25135534,0.260370923,1.966919481,0.900102257,0.897844229,0.05129892,0.549117243,0.507785564,0.233583793,281.2496223,274.6625019,73.31911719,141.197656,130.1065709,34.52964235,225.4916539,209.6526404,224.8387771,224.345439,120.0444609,567.461993,54.6867002,12.97189025,4.704995996,13.66550798,3.885775147,2.599035079,3.864406074,-1.742611122,1.611088085,-1.677419441,-0.042206915,0.744041145,-0.111290548,-0.208669943,0.449202072,-0.18904636,-0.025502732,0.285215569,0.008634128,-0.073161201,0.182066607,-0.072125088,-0.027457988,0.117577539,-0.013744096
fly,fly_01,3,700,729,0.11440472,0.133805094,0.147543336,0.110679286,0.133762043,0.10683181,0.076557072,0.051066498,0.026553251,0.045705499,0.053091391,0.498816476,0.24444133,0.252973711,1.971811514,0.913758443,0.90981036,0.041369632,0.646859771,0.622012528,0.164762403,278.0153642,275.2989504,50.52810143,155.0095727,153.7656593,27.68851982,244.4212918,214.1354954,195.8551718,211.148649,85.9272871,435.494088,50.6876728,11.19788648,3.002046765,11.19251652,3.406433478,1.495643922,3.511584747,-1.028825439,0.997830216,-1.068726523,-0.489977617,0.48781276,-0.475621458,-0.013087696,0.221153215,-0.004703869,-0.050303464,0.177559327,-0.050070019,-0.078649923,0.115634558,-0.060793078,-0.014093962,0.070906241,-0.006373311
fly,fly_01,3,775,804,0.021405089,0.032693184,0.049373073,0.05014097,0.084616188,0.101469443,0.110930064,0.111133572,0.078400351,0.172476852,0.187361215,0.285599673,0.134757157,0.660302054,0.432528827,0.930740833,0.92974309,0.038269047,0.697839718,0.695622536,0.16353965,439.7947052,436.4017281,100.0001955,155.2252574,154.8634478,26.50959701,225.9872818,200.5488304,449.8008888,435.494088,161.8721923,739.02027,57.3860437,11.28692667,3.704520354,11.02362823,-0.899967517,2.578610165,-1.110186858,-1.463388528,1.818381235,-1.582777486,0.153027917,0.703150764,0.202652158,-0.387095498,0.433012628,-0.357118464,0.019717131,0.230143521,0.026518932,-0.131038471,0.162958649,-0.115596532,0.017336509,0.100516614,0.018107134
fly,fly_01,3,940,969,0.145269495,0.15869736,0.162298837,0.113736661,0.12833908,0.09480282,0.063221064,0.039906533,0.020224178,0.03478846,0.038715511,0.499177398,0.242075741,0.196855747,2.535752226,0.903971276,0.907349666,0.050302749,0.608565037,0.642203655,0.20929887,262.8530365,255.2687186,49.81766482,155.1397767,158.0277515,30.69672739,209.971558,196.8363796,178.835012,184.755068,67.90734976,263.935811,47.08854814,9.399597227,3.658431256,9.606693557,3.947585924,1.852997697,3.72485456,-0.818997033,0.840149647,-0.786187368,-0.488724772,0.52462128,-0.439185271,-0.024558934,0.257795503,-0.046064196,-0.021220634,0.1614562,0.012175814,-0.098739426,0.126438333,-0.079699044,0.009179425,0.073424253,0.011005154
fly,fly_01,3,1290,1319,0.093114684,0.117468098,0.138398579,0.10931724,0.13900858,0.118108229,0.090262748,0.063435621,0.033377722,0.05226612,0.045242381,0.504832627,0.248325819,0.284584592,1.773928179,0.919460772,0.921596156,0.039809932,0.657450975,0.656375894,0.169428282,293.66853,290.8793459,56.22197172,155.8842237,153.9373672,27.50512371,226.6825945,205.3215948,225.9487876,224.345439,94.38376524,409.100507,47.38847516,9.532277366,3.212748058,9.313575376,3.066294894,1.70147456,3.018017145,-1.302795454,1.2705821,-1.138500991,-0.265739767,0.607837088,-0.268884872,-0.163512676,0.326018298,-0.172725129,-0.045533613,0.192705366,-0.021069218,-0.073682652,0.130443862,-0.071479742,-0.032068558,0.083687292,-0.030732623
fly,fly_01,3,1300,1329,0.119856751,0.135022411,0.144215634,0.106428969,0.128749514,0.105552516,0.07976098,0.056666811,0.03047508,0.049430289,0.043841045,0.484946633,0.235178483,0.260174204,1.863930495,0.920564559,0.922847654,0.042112152,0.662936021,0.673731283,0.181031963,293.2206261,300.1061915,56.52784542,158.1143712,156.9774172,28.27587161,228.8211921,203.7585591,212.998666,211.148649,99.27011752,422.297297,51.48747831,9.414575044,3.695816195,8.973961938,3.082038268,1.831159047,2.861345886,-1.250912238,1.262511412,-1.125203865,-0.219346218,0.60484342,-0.201910506,-0.146931713,0.314241491,-0.122125281,-0.0372144,0.184854797,-0.007306304,-0.07024972,0.132699162,-0.060080292,-0.02055637,0.093867462,-0.018415707
fly,fly_01,3,1400,1429,0.13585606,0.150807373,0.156235943,0.110560591,0.126261858,0.095413043,0.066160627,0.044129995,0.023495478,0.041810152,0.049268881,0.488471434,0.236822449,0.224865133,2.172286242,0.920209275,0.920850283,0.046968541,0.674795272,0.65849189,0.190417316,281.8066716,278.2686629,59.26456125,165.2263831,163.9872511,31.48420686,234.6831038,219.8996746,178.0950051,184.755068,106.9927263,739.02027,63.38458491,12.1850731,3.243964824,12.12766028,3.244959085,1.77421345,3.160171655,-0.697012386,0.984059759,-0.606461687,-0.39238144,0.58227107,-0.344754995,-0.050546078,0.259646179,-0.035677219,-0.023318812,0.173731733,-0.003264311,-0.065835538,0.120772795,-0.047606717,-0.020172429,0.081773033,-0.006570517
fly,fly_01,3,1425,1454,0.045190109,0.052715687,0.058479624,0.044967646,0.058100714,0.054780225,0.053718155,0.057457852,0.048615955,0.162265418,0.363708616,0.216328209,0.10306836,0.685765995,0.31545485,0.891471872,0.898343225,0.053922048,0.561651258,0.558884907,0.204991094,459.4966554,475.6318724,162.5823207,145.7729196,145.2919604,34.26163572,246.1502119,215.9160194,485.9378946,541.068412,252.7674983,739.02027,49.98784293,12.64565485,3.317882108,12.74474971,-1.078911989,4.278458692,-1.567301333,-0.04655842,1.823922042,-0.027053273,0.027715817,0.782442337,-0.11040341,-0.359989547,0.433064104,-0.401377492,0.016876954,0.288665006,0.042524188,-0.06439829,0.166578488,-0.063272207,0.006868379,0.127367714,0.007278414
fly,fly_01,3,1475,1504,0.123586944,0.140501733,0.1509556,0.111218473,0.132806235,0.105395359,0.075566155,0.050430713,0.025936685,0.042187695,0.041414409,0.500375667,0.244024707,0.235535656,2.124415792,0.91301362,0.91898318,0.056248737,0.634472315,0.648809618,0.236454691,281.0933715,266.239244,74.93794126,155.9201185,153.8494398,34.76079135,234.3858826,209.1525316,191.1684611,197.951858,144.8639657,739.02027,75.08174016,10.51051675,4.004214464,9.901067886,3.4795572,2.411887102,3.49577748,-1.01769021,0.961212581,-0.911544992,-0.311911908,0.599205002,-0.242022537,0.008394873,0.30384795,-0.004955437,-0.061587476,0.181755324,-0.046011945,-0.079798967,0.129109761,-0.056616024,0.015116437,0.089155912,0.016875456
fly,fly_01,3,1505,1534,0.053591489,0.058242926,0.06055691,0.044996652,0.058846936,0.060573773,0.068091783,0.080222078,0.068297669,0.195854848,0.250724936,0.224974271,0.103843588,0.663191313,0.339229822,0.928642714,0.934490313,0.039989955,0.697815641,0.730241781,0.168576495,437.8700788,469.7581726,124.0248439,160.478526,159.6542947,28.76358376,226.7898802,205.678132,437.8374431,488.28125,213.6606078,739.02027,65.78400136,9.246425402,3.604663181,8.340858009,-0.693802447,3.434603933,-1.636855665,-0.718013672,1.069804924,-0.528558488,0.212287771,0.764116325,0.16541268,-0.244965279,0.322028589,-0.247778948,0.018891566,0.189236622,0.038011132,-0.107018736,0.154734737,-0.110779944,0.012248041,0.113378217,0.018755614
fly,fly_01,3,1920,1949,0.075558064,0.095312747,0.115288246,0.095269804,0.12941887,0.120992174,0.103226581,0.081000057,0.046261165,0.076233092,0.061439201,0.460969094,0.224688674,0.368160095,1.252088695,0.938298557,0.941152679,0.034343464,0.744804303,0.758463052,0.145352928,325.3193464,321.6049558,71.2522276,169.417911,172.2522562,23.9133213,223.699378,208.9822053,247.902327,224.345439,128.3728358,514.674831,52.18730811,11.13955159,3.53815022,10.0366253,1.970019622,1.919857479,2.150545752,-1.106203255,1.170574773,-0.920281059,-0.149966527,0.627643976,-0.197878854,-0.129462902,0.30418555,-0.101813369,-0.030521072,0.178562804,-0.017195254,-0.061371548,0.121828459,-0.050909115,-0.013312624,0.069818792,-0.011770346
fly,fly_01,3,2290,2319,0.035808174,0.045006097,0.054961349,0.046890672,0.06842194,0.073720537,0.078099331,0.081815715,0.063306769,0.17260611,0.279363305,0.243994498,0.115312612,0.675191231,0.361370952,0.904393719,0.907386872,0.048632271,0.587231359,0.576185429,0.196660405,431.0257461,419.448237,139.4370403,142.0405017,136.7805178,27.41481903,222.1817397,193.7936085,438.4541156,422.297297,200.6441058,739.02027,57.88592214,12.00650505,2.371128119,12.10723357,-0.67581012,4.00243488,-0.559914095,-1.097185995,1.999055254,-1.434588296,0.222303047,0.759718267,0.269866038,-0.317626919,0.468859252,-0.320885211,-0.014587073,0.262337272,-0.004280989,-0.085686718,0.202627019,-0.072455659,0.009403179,0.127792957,0.026199562
fly,fly_01,3,2865,2894,0.064314737,0.06600238,0.065423899,0.047378087,0.061037287,0.061181598,0.06530661,0.072676831,0.06015921,0.177441679,0.259077681,0.235020871,0.108415374,0.634662012,0.370308711,0.927110607,0.931833706,0.040954947,0.697194734,0.713302547,0.164861491,396.7890574,389.9224751,125.4711807,165.973116,166.9773946,30.4800216,221.4232515,211.8296716,362.8500725,356.313345,223.7392485,699.429899,56.28631124,11.4079788,3.918317998,11.21785634,0.06822301,3.447786509,0.678798828,-0.70153615,1.155077156,-0.469039435,-0.035100307,0.834133842,-0.090272604,-0.156098033,0.341692828,-0.209188275,0.041183738,0.179078945,0.041610367,-0.119423679,0.159154952,-0.105176216,0.024182492,0.094272645,0.029097489
fly,fly_01,3,3305,3334,0.086760532,0.110046793,0.13170423,0.106118882,0.13809578,0.120511381,0.094333291,0.067578494,0.036045788,0.05759513,0.0512097,0.496430272,0.244214661,0.306762402,1.618289165,0.93050897,0.9398107,0.047157627,0.699200013,0.742436099,0.208914013,308.1082065,310.2454585,65.90561821,164.6442519,164.4958397,32.71471957,230.8260326,213.015405,227.305467,224.345439,139.6976511,739.02027,79.28071898,9.092975347,4.145219151,9.17449116,2.765309548,2.022868941,2.55669128,-1.242589114,1.234949756,-1.041339599,-0.241366136,0.568641771,-0.222583869,-0.113851389,0.319033059,-0.10569462,-0.058562314,0.193600096,-0.041378053,-0.061649686,0.119833424,-0.054002222,-0.029121442,0.078658141,-0.015352168
fly,fly_01,4,245,274,0.167777583,0.168067462,0.158298941,0.104799341,0.114249945,0.083763493,0.057789554,0.039107159,0.021227607,0.038689153,0.046229762,0.46111172,0.219049286,0.203043234,2.271002634,0.901521223,0.902514646,0.051566392,0.618438469,0.632379049,0.19202164,258.4368371,255.7271852,53.42854114,158.7509008,160.6385699,27.59822724,217.9559623,201.3132504,142.6980061,171.558277,80.86444649,316.722973,58.28582497,13.15166157,3.169781038,12.99354426,3.796029907,1.699582971,3.691901765,-0.486510997,0.801478197,-0.415428684,-0.464046005,0.627428667,-0.439690216,0.000839906,0.249434496,-0.015872761,-0.001942992,0.163834536,0.002898644,-0.079410942,0.122694458,-0.056968629,-0.001094275,0.07175352,0.00812281
fly,fly_01,4,270,299,0.088202005,0.093663778,0.093623549,0.065323683,0.075944569,0.0625834,0.052803255,0.048076,0.035472675,0.102974168,0.281332917,0.297475202,0.141268252,0.520659015,0.571343611,0.884397458,0.890980533,0.072450511,0.557161593,0.53300761,0.238648008,383.2851472,350.1185635,170.7250922,141.9876161,139.6336834,32.62496705,226.4018107,201.2964007,360.3833828,277.132601,244.2746292,739.02027,48.1882807,12.63139431,3.073763928,12.65199939,0.574607699,4.452356976,1.387540968,-0.444164042,1.68687883,-0.91445532,-0.308877927,0.836083503,-0.358092756,-0.074832334,0.361588064,-0.082069952,-0.010368118,0.231965985,-0.006607253,-0.096970905,0.152815237,-0.093339296,-0.005990663,0.090003112,-0.007338815
fly,fly_01,4,300,329,0.047100213,0.066754437,0.089938603,0.080705686,0.117732798,0.117821769,0.106434722,0.088203556,0.053361838,0.101001296,0.130945081,0.406198857,0.198438484,0.479946493,0.846341963,0.922418461,0.927243574,0.054066378,0.670923182,0.685980035,0.210389641,396.6446556,382.8932198,121.398277,162.2495012,162.0232924,38.87046378,249.8520003,234.6916968,407.1271549,356.313345,233.6114981,739.02027,60.78521702,11.8643875,4.740090349,12.48744462,0.727488641,2.980640508,0.701838572,-1.149020667,2.086476025,-0.921281392,-0.14790934,0.849719424,-0.122095462,-0.270893667,0.472527933,-0.214297371,0.015733099,0.253347071,0.012828883,-0.107524255,0.179119317,-0.094044342,0.007983945,0.123580941,0.012478543
fly,fly_01,4,430,459,0.080891237,0.091009442,0.099277387,0.076330345,0.098576869,0.089871771,0.078741831,0.068449631,0.046228271,0.110810491,0.159812724,0.364056373,0.174907214,0.464042949,0.784531633,0.921897387,0.929569478,0.039079379,0.670617863,0.706643533,0.172559466,443.7811752,476.1408463,133.446264,159.6368728,159.6836187,28.99660704,230.4418003,213.8316224,476.3178044,541.068412,222.8582721,739.02027,49.08806176,9.737151139,4.032460035,8.943962191,-0.167832672,3.483142706,-1.458553193,-0.684705631,1.575241898,-0.265295987,0.116068515,0.688051445,0.181715206,-0.308193401,0.371025056,-0.394602948,0.014130067,0.206364755,0.040926003,-0.094646644,0.126113848,-0.108632658,0.020656038,0.105365299,0.027026601
fly,fly_01,4,505,534,0.103911765,0.122133844,0.13693181,0.105631277,0.133416551,0.11416516,0.088714641,0.063403241,0.033628892,0.052585338,0.045477482,0.490144798,0.239047828,0.283809594,1.727019835,0.938664184,0.951564242,0.044169165,0.737530232,0.796278652,0.196430519,322.3241571,322.7444676,76.75757189,171.3519175,173.8164881,30.77477526,230.507231,219.7451681,242.7222784,237.54223,166.4117938,739.02027,68.58332062,11.75522235,4.372802079,10.7209637,2.287374218,2.18951425,2.119934172,-0.989685344,1.134129364,-0.715090333,-0.086485449,0.601724119,-0.08541631,-0.088018149,0.271414475,-0.074916181,-0.056842505,0.188751448,-0.032236048,-0.045112803,0.1217357,-0.038857172,-0.015749713,0.077123433,-0.00771485
fly,fly_01,4,765,794,0.105182735,0.123277446,0.137917202,0.106250772,0.134085281,0.114708407,0.089195383,0.06377031,0.033713121,0.051437132,0.040462212,0.492961662,0.240336053,0.278578158,1.76956322,0.905768707,0.904730905,0.041689293,0.594585668,0.606562825,0.188350615,271.6865102,263.3917945,49.44956634,148.4050854,149.574202,28.73027739,212.5858828,200.3733556,202.2685653,197.951858,82.7930102,382.706926,45.68888846,11.57976645,4.02544324,11.85896733,3.778984353,1.906258086,3.627031982,-1.364908033,1.155585631,-1.295068752,-0.327855896,0.712628363,-0.37232768,-0.012961266,0.35990032,-0.033041709,-0.061733187,0.195586715,-0.030076658,-0.093511241,0.128474164,-0.091417553,0.011609619,0.08333271,0.017102674
fly,fly_01,4,795,824,0.070170784,0.08204819,0.092886454,0.073496409,0.097461954,0.091751443,0.083710074,0.076579127,0.054057489,0.131707038,0.146131038,0.35559626,0.170958363,0.492184766,0.722485303,0.916199278,0.918364342,0.040873485,0.628349154,0.655832072,0.191119476,305.6037219,301.0212881,95.49880794,153.3980868,153.2045896,28.1888332,207.9688326,196.6355727,233.7188606,224.345439,151.5262398,659.839527,56.48626256,11.66671604,4.432142901,11.26519756,2.462336326,3.096525854,2.707135553,-1.410336447,1.305963907,-1.288606033,0.000678447,0.782600527,-0.024073293,-0.128805467,0.369268441,-0.131578177,-0.027605732,0.253322399,-0.013234348,-0.074730417,0.17880441,-0.06015386,-0.015777563,0.105669515,0.006237629
fly,fly_01,4,810,839,0.106340257,0.126321854,0.143080959,0.110904143,0.139599215,0.117392888,0.088079259,0.059734667,0.029944333,0.043544497,0.035057928,0.510977205,0.250503358,0.256360684,1.993196449,0.906009359,0.909920687,0.046863727,0.581848111,0.60451154,0.215556473,277.0850864,274.7461439,53.41247585,146.4972762,143.4044629,29.56169059,206.5116295,191.4862304,215.2186869,211.148649,87.81564085,382.706926,51.18755124,11.91103067,3.874469522,12.29117238,3.926863375,2.191322612,3.440792617,-1.637079626,1.16279442,-1.600667004,-0.18251341,0.67976325,-0.207148102,-0.006884198,0.319086177,-0.023140478,-0.094952635,0.236114254,-0.069215759,-0.04557465,0.135482473,-0.049554458,-0.016971568,0.113524239,-0.002002601
fly,fly_01,4,960,989,0.12019665,0.133407049,0.138573904,0.09880756,0.114987894,0.091141854,0.069537752,0.054028948,0.033717918,0.070500367,0.075100104,0.443511213,0.213795454,0.302885088,1.4642887,0.935249499,0.947639723,0.0505242,0.73862789,0.777375666,0.194880105,336.4925377,321.0858008,92.94002702,169.4016109,169.1964437,28.76582362,221.9958959,210.1267259,271.5825493,224.345439,162.3665897,633.445946,58.28582497,11.16580591,3.646492457,11.473261,1.823559944,2.594150839,2.027214162,-0.815432961,0.859355669,-0.799552803,-0.175935316,0.687086189,-0.259503018,-0.104322824,0.283224831,-0.082540622,0.042499198,0.173557284,0.017348079,-0.097365442,0.106192299,-0.093743228,0.011144525,0.073453129,0.012842145
fly,fly_01,4,1540,1569,0.115682036,0.133272611,0.141624601,0.101634297,0.117739475,0.092159826,0.069587687,0.054304962,0.034451915,0.073086833,0.066455758,0.453158199,0.219373771,0.297887154,1.521241155,0.925407317,0.934782476,0.05034523,0.672871099,0.713240862,0.223440575,374.8323498,395.3503778,109.3015933,154.9160139,151.9093456,33.60855323,236.6389159,214.2250069,333.7431328,316.722973,180.4103873,739.02027,64.68426874,9.491912751,3.474989135,9.220291088,1.107849069,3.665369483,0.466484043,-1.432576807,1.258134872,-1.321706165,0.104537659,0.706074438,0.124246929,-0.259203216,0.340382398,-0.314374343,0.054624159,0.258997549,0.065877687,-0.108898731,0.139872528,-0.127344188,0.021286792,0.11174044,0.020188211
fly,fly_01,4,2116,2145,0.12519661,0.139597188,0.146741292,0.106345968,0.126020432,0.100970227,0.075127798,0.053403647,0.029235536,0.049781728,0.047579576,0.480077918,0.2323664,0.255128284,1.881711862,0.912809059,0.909579861,0.053122208,0.638394399,0.617136863,0.221124574,280.430911,268.4834359,82.30981852,158.9648988,162.5151607,33.03855788,229.2347583,213.06219,201.6518929,184.755068,185.1372867,739.02027,61.18511982,9.66942797,4.22356648,10.14073026,3.364157598,2.39045501,3.602778618,-0.876557014,1.082244389,-0.820261176,-0.302105584,0.599066666,-0.290715652,-0.091558025,0.288563317,-0.088291886,-0.012726969,0.174513381,-0.002952453,-0.073575257,0.117995331,-0.057104305,-0.00993906,0.075862414,-0.000628912
fly,fly_01,4,2330,2359,0.113700882,0.131464084,0.143630921,0.107682861,0.131888315,0.109336305,0.083254701,0.059264265,0.031642569,0.04929661,0.038838488,0.492538402,0.239571176,0.262296631,1.877791566,0.913709692,0.908267843,0.05782557,0.625895452,0.618861882,0.245038048,294.7339158,280.968489,81.45134646,154.0931281,148.0890165,36.47491248,224.9156813,215.9751618,217.9320456,211.148649,160.236881,739.02027,79.08076757,10.57949021,4.060886765,11.55899756,3.332973778,2.497766196,3.573873664,-1.248746059,1.348328656,-0.945379241,-0.119186432,0.682776529,-0.081176019,-0.133115285,0.388090997,-0.098627137,-0.033550644,0.202266321,-0.00953124,-0.06817435,0.143110195,-0.049165213,-0.014666563,0.085894551,-0.002710342
fly,fly_01,4,2512,2541,0.09446734,0.117262088,0.137535132,0.109001828,0.139485,0.119135133,0.090806716,0.062882065,0.032389297,0.049956161,0.047079239,0.505157094,0.248486829,0.283113478,1.784291931,0.916730548,0.919305937,0.052175001,0.648017753,0.656031618,0.22152912,291.4180412,283.3608777,73.7868739,155.7686167,158.4391388,32.0016091,227.7404418,210.2761421,229.1554844,224.345439,128.6163377,739.02027,65.78400137,9.703600106,4.279205803,9.482433519,3.202573294,2.292707836,3.253631143,-1.199844188,1.204510985,-0.933479102,-0.384837268,0.566000899,-0.252609512,-0.054529309,0.22800664,-0.069186467,-0.042924028,0.219723221,-0.016651185,-0.044780898,0.14772755,-0.048340166,-0.044720042,0.094661948,-0.02438685
fly,fly_01,4,2805,2834,0.083193507,0.107376495,0.12904395,0.103695395,0.134669546,0.118326647,0.094957383,0.071262929,0.040058925,0.067069878,0.050345345,0.485735539,0.238364942,0.323694459,1.500598868,0.923500822,0.931457467,0.042818359,0.652412139,0.696792568,0.203920933,321.4992651,312.8630281,85.8471381,152.3591108,149.2567961,29.22835552,221.1895685,203.6728206,282.31265,237.54223,140.6092502,541.068412,55.086603,10.58682319,3.788205085,10.30397675,2.344353008,2.93522968,2.399060574,-1.641577739,1.228543299,-1.557194907,0.164122236,0.706399788,0.144130784,-0.21480551,0.340168323,-0.237039139,-0.029748772,0.228912043,0.009209233,-0.073694538,0.145358551,-0.075411909,-0.020872578,0.103064056,-0.005165649
fly,fly_01,5,665,694,0.049742021,0.070915292,0.094654689,0.083864803,0.121242315,0.121527423,0.11174326,0.095227921,0.058669845,0.105508324,0.086904107,0.421289231,0.205107119,0.458053456,0.919738133,0.95566384,0.963412921,0.035246816,0.808084286,0.836962554,0.156795883,369.3260239,375.4689969,60.93691966,177.3285751,184.6612001,31.62468927,232.4816772,218.8019441,299.8261478,277.132601,153.3334599,739.02027,74.98176441,10.03390839,3.52313268,10.00012089,1.123573116,1.622770238,0.831856239,-1.270235849,1.345843592,-0.762605144,-0.109720941,0.561624023,-0.166342921,-0.241141394,0.329223202,-0.162177443,-0.034795646,0.154166214,-0.036867406,-0.07784601,0.115931474,-0.065225959,-0.016199565,0.074443834,-0.022221353
fly,fly_01,5,710,739,0.046979534,0.060128231,0.074096742,0.062829722,0.08934969,0.091258797,0.089658426,0.085899191,0.061059366,0.144926974,0.193813327,0.317534952,0.152179412,0.575357284,0.551891774,0.956449542,0.966996824,0.031065535,0.819862056,0.86309208,0.134112897,427.4098527,427.3411952,98.6548038,185.7606803,187.7432493,26.75712321,237.3303001,222.3168848,448.8142129,422.297297,231.8268226,739.02027,53.88689467,7.855262911,3.402183501,7.497136323,-0.105831037,2.184004388,-0.618764524,-0.579417215,1.186696419,-0.378992599,-0.190463654,0.545536258,-0.169794718,-0.170086184,0.303679276,-0.193158899,-0.008849453,0.180664181,0.000232254,-0.067918482,0.104585286,-0.076398015,-0.014010134,0.065560995,-0.011284985
fly,fly_01,5,730,759,0.065628359,0.082340756,0.098905198,0.081660962,0.112462737,0.10981901,0.101748052,0.090066217,0.058371698,0.113294258,0.085702753,0.402847908,0.1941237,0.449182977,0.896845893,0.93727649,0.941811902,0.042331916,0.723522683,0.752359481,0.190233355,347.6919999,342.2641541,87.31754341,167.725832,163.6671086,34.27123583,236.3453399,218.8694063,278.8592842,250.73902,198.6692234,739.02027,70.68280994,9.552988907,4.482590178,9.713498915,1.590591121,2.48742441,1.610729299,-1.241100013,1.491715648,-0.817344206,0.050514676,0.666381505,-0.016315042,-0.232898888,0.392018072,-0.169634674,0.037772067,0.222648309,0.047913453,-0.082265506,0.136497505,-0.066659639,0.004465492,0.10285905,0.002956335
fly,fly_01,5,740,769,0.062042771,0.081269498,0.10156167,0.086264744,0.121073818,0.118871458,0.108310952,0.092184551,0.05688189,0.101667301,0.069871348,0.427771689,0.207338561,0.428916042,0.99733199,0.93986569,0.94576214,0.042621058,0.72982079,0.750244526,0.194659719,365.6774301,365.5708447,86.41543367,166.0139141,160.479784,34.40067275,233.7019109,216.3817001,336.4564915,329.919764,194.8376154,739.02027,65.28412291,9.567331626,4.35990365,10.33990742,1.278379881,2.431056365,1.00244334,-1.427371885,1.577128033,-1.067051655,0.134357479,0.666979332,0.129956228,-0.294069658,0.39944141,-0.285334067,0.058976065,0.191689272,0.057767419,-0.112376862,0.143646172,-0.093991563,0.016178609,0.104213115,0.013314203
fly,fly_01,5,855,884,0.105938011,0.126373932,0.141175758,0.106710025,0.130092538,0.105881891,0.078842421,0.056091464,0.031297686,0.0572518,0.060344475,0.483860211,0.236802563,0.283827846,1.704766525,0.941043732,0.953401306,0.043581753,0.755192179,0.798461344,0.182978762,325.6278563,330.1506929,66.57789232,172.8188001,171.1449029,29.50344724,227.9605009,213.9886179,246.7923166,224.345439,131.8251098,554.265203,65.18414727,11.39505381,3.453186446,10.48852044,2.183392801,1.954700682,1.907462237,-0.999108614,1.042129615,-0.995241446,-0.232947823,0.514822386,-0.183283497,-0.138271187,0.335179562,-0.10141216,-0.026580349,0.153405817,-0.030587609,-0.074376134,0.11386619,-0.062949211,-0.000411235,0.073213996,-0.006405258
fly,fly_01,5,1825,1854,0.087134914,0.105441356,0.119696084,0.091869581,0.11402432,0.095461897,0.074620557,0.058068015,0.036716924,0.085799174,0.131167179,0.421051882,0.205893901,0.386371848,1.08975818,0.955598915,0.963970754,0.032157277,0.817730218,0.854535766,0.134063796,378.4053525,369.4090549,94.52952814,182.051598,179.9112313,22.99034512,230.7507836,216.0300639,322.3963596,277.132601,187.6286541,739.02027,55.78643273,8.662448857,2.735442613,8.139825449,0.713058735,2.350113456,1.016711575,-0.663678154,0.726828522,-0.630875956,-0.264388485,0.541101999,-0.22997283,-0.105333695,0.271609879,-0.132373171,-0.050865522,0.129643383,-0.048046028,-0.068771862,0.095727214,-0.080273226,-0.009441729,0.057208759,-0.003745494
fly,fly_01,5,1855,1884,0.062091707,0.074928655,0.085652666,0.067210597,0.087627122,0.081219578,0.074481587,0.070634049,0.052513431,0.140825372,0.202815235,0.321709963,0.154837719,0.541269675,0.594361699,0.963374298,0.969592738,0.03164375,0.846155418,0.87461218,0.134508344,437.8515223,442.6427055,86.53510654,183.0916405,182.3500086,23.91988504,225.0189418,215.2957771,437.7141087,435.494088,189.1646994,725.82348,72.28242097,6.724520942,2.234168651,6.741874435,-0.290717134,2.15863492,-0.677348472,-0.673890088,0.885123466,-0.463499499,-0.013636056,0.439437598,0.055374235,-0.228893806,0.257431363,-0.200927044,-0.003400479,0.128628686,0.017271934,-0.072777707,0.080413438,-0.06803357,0.004815622,0.049088155,0.009068502
fly,fly_01,5,2135,2164,0.080092752,0.096812572,0.111706833,0.088521988,0.115769322,0.105334062,0.090722699,0.075979035,0.048235034,0.096495606,0.090330098,0.421332204,0.20429131,0.401762472,1.048709709,0.940399778,0.937382182,0.036491531,0.748714592,0.730043073,0.152577705,325.2233895,309.1554989,68.54103143,168.5672823,165.8852291,26.34113448,225.618973,213.1511154,260.7291141,237.54223,152.613011,686.233108,70.58283431,11.36518792,3.162139733,11.729666,2.088794474,1.786279769,2.38459572,-1.100591463,1.052349646,-1.008916754,-0.230144461,0.561828044,-0.305665403,-0.125384613,0.383605296,-0.034593315,-0.046830668,0.16386489,-0.038037491,-0.077837529,0.105871446,-0.067959217,-0.011201496,0.057132937,-0.009021321
fly,fly_01,5,2340,2369,0.108415427,0.124799939,0.13669684,0.103082798,0.126896899,0.105241864,0.079653976,0.056619333,0.030985814,0.055884008,0.071723102,0.471918401,0.229979696,0.294866233,1.600449111,0.934652743,0.937821464,0.037412631,0.733681819,0.74517803,0.150700069,303.0094022,302.921771,59.05762291,169.5013869,168.355378,24.59718486,228.5084759,212.3496904,221.5087459,224.345439,117.1360098,739.02027,63.68451195,10.9350218,2.226580239,11.31779203,2.593289748,1.529796294,2.681365576,-0.928207639,0.91887054,-1.072281756,-0.362611091,0.491312029,-0.414754032,-0.005441681,0.254841816,0.012086328,-0.092041939,0.162615613,-0.089399114,-0.041202994,0.085393708,-0.040569662,-0.017697314,0.054273029,-0.017243977
fly,fly_01,5,2764,2793,0.027418513,0.035210994,0.045138734,0.040743338,0.063234341,0.073040182,0.083048408,0.093548807,0.076543912,0.212826573,0.249246199,0.222156596,0.103977679,0.715213898,0.310615602,0.937998283,0.933464756,0.037462587,0.725372458,0.718642833,0.17086588,429.5334013,428.9583077,99.0167335,160.5529298,157.1609757,32.82818061,240.7541102,220.5407435,408.6071688,409.100507,183.9344608,739.02027,66.58380683,9.548406554,3.509818346,10.838271,-0.779427315,2.996402533,-0.429603415,-1.222850807,1.315084673,-1.065512406,0.16058531,0.732682714,0.085902811,-0.283488333,0.330394235,-0.311145926,0.049128472,0.228850766,0.038760383,-0.119419567,0.129625894,-0.099171687,0.009686989,0.09538358,0.007522133
fly,fly_01,5,3225,3254,0.101263267,0.118479701,0.130226016,0.09766453,0.119548333,0.100086475,0.079565307,0.062638107,0.038475502,0.075970605,0.076082156,0.447525354,0.217212864,0.332731677,1.345003753,0.939658636,0.948454565,0.044604911,0.750769264,0.780322401,0.182292704,354.7176556,359.6133414,86.06172234,168.0086847,170.5703582,29.84354289,235.8685645,213.8363711,296.7427854,277.132601,157.0620781,739.02027,54.38677314,7.878536916,3.15053874,7.781240637,1.358583613,2.527699567,1.218321353,-1.167563516,1.154331128,-1.119590632,-0.157423738,0.616370682,-0.213705392,-0.168826773,0.340207467,-0.126875479,-0.017126713,0.169870956,-0.010091944,-0.08621026,0.10624511,-0.071127326,-0.004013915,0.069925102,-0.011469227
fly,fly_01,5,3240,3269,0.10391444,0.122638766,0.136472215,0.103685581,0.128435075,0.107901292,0.083784967,0.061774184,0.034694847,0.059946253,0.05675238,0.476494164,0.232120657,0.296952631,1.604613378,0.930669884,0.940846483,0.0425123,0.708064196,0.740490298,0.177913764,330.4997813,334.781974,80.17332654,160.1520412,160.4440197,28.06567829,243.6838228,210.7970614,271.2125458,263.935811,131.6986068,527.871622,54.58672455,8.221463297,3.299548919,7.612634631,2.017296197,2.453072082,1.84195766,-1.369886033,1.106420655,-1.496674281,-0.145279144,0.668478382,-0.19649612,-0.066458906,0.322888104,-0.057272032,-0.077408616,0.18627391,-0.054635583,-0.055885249,0.112250742,-0.04651188,-0.015146577,0.079231666,-0.019139611
fly,fly_01,5,3255,3284,0.065329103,0.082903159,0.101603678,0.085606379,0.119715168,0.116925473,0.105194856,0.087499339,0.052673368,0.093449301,0.089100177,0.423850698,0.205321548,0.427917041,0.990497356,0.945829139,0.947256655,0.029348994,0.769064202,0.786133131,0.131571269,349.6193767,349.7144615,67.24836345,167.9869491,166.6208777,27.58831874,241.7142645,218.6820113,295.879444,303.526182,138.8598516,620.249156,54.58672451,7.980073575,2.121084753,8.559213027,1.418797056,1.86629538,1.655846063,-1.38189795,1.212008404,-1.495930325,-0.064337615,0.625980703,-0.09808784,-0.121477649,0.272515524,-0.108242719,-0.075210255,0.168660255,-0.058101755,-0.051685945,0.091205484,-0.053895278,-0.030556249,0.060472354,-0.023079557
fly,fly_01,5,3330,3359,0.134254467,0.146253232,0.150332797,0.106783291,0.123492988,0.09534924,0.067810401,0.046414643,0.025300513,0.046762923,0.057245504,0.475958317,0.23027628,0.243533984,1.954381513,0.922221073,0.925077153,0.045498314,0.693234708,0.710192504,0.180469278,279.5198786,267.8053635,63.94264613,171.7739816,172.4711891,29.33836684,223.2597351,212.3070107,167.2415698,171.558277,141.3655283,739.02027,74.18195901,11.85266952,4.009519783,11.75151066,3.078818781,1.735443774,3.028815393,-0.466573455,0.856324111,-0.455974622,-0.416571889,0.548945224,-0.388952101,-0.025318574,0.252434315,-0.014560226,-0.021711876,0.153013204,-0.006151725,-0.063493417,0.101676148,-0.046027735,-0.005347753,0.064109613,-0.004235441
fly,fly_01,5,3345,3374,0.139979791,0.153950345,0.158373632,0.111606922,0.127016195,0.095433282,0.065455574,0.042905972,0.022462726,0.039413127,0.043402434,0.492430031,0.238623117,0.213639833,2.304954208,0.918953384,0.921925955,0.047053978,0.670111793,0.699662937,0.201618487,289.0977646,270.5730779,84.5371554,167.3320775,169.6695818,31.17566124,217.8462664,208.9199337,180.0683569,184.755068,155.7057411,567.461993,60.98516848,12.07827547,4.104835338,11.30647373,2.869978744,2.534970221,3.064265014,-0.715895503,1.186876871,-0.452530476,-0.221381752,0.528150379,-0.181700554,-0.097416094,0.315771227,-0.0742413,-0.031508511,0.201373937,0.014797109,-0.038752761,0.107588475,-0.033711702,-0.010555975,0.0700264,0.002793315
fly,fly_01,5,3455,3484,0.090529308,0.1050038,0.118086998,0.093044218,0.122578031,0.112701012,0.096064161,0.075999024,0.043857096,0.074025279,0.068111071,0.44641026,0.21562225,0.358056631,1.246758812,0.947175148,0.953893595,0.039540908,0.784393503,0.815193074,0.159455056,339.4230045,346.2750007,63.68715974,177.8881162,174.4119152,27.61684366,232.2787048,216.6951294,234.7055365,250.73902,124.885837,514.674831,72.28242099,10.57199775,3.53455815,10.02317951,1.788543101,1.613495909,1.374843641,-0.993188718,1.285992292,-0.760662853,-0.126078793,0.539292802,-0.151517763,-0.12237663,0.250301646,-0.104069018,-0.052243284,0.150431486,-0.04700503,-0.036542277,0.09583741,-0.041493503,-0.033234227,0.073166542,-0.022290914
fly,fly_01,5,3560,3589,0.116714646,0.132469657,0.141679782,0.104011054,0.1244087,0.100251354,0.074735693,0.053488336,0.029961944,0.055632608,0.066646226,0.470350891,0.228419755,0.280464805,1.677040693,0.942172158,0.946543078,0.046361983,0.762048957,0.779129731,0.18882839,329.0328762,319.8679692,84.48454384,178.2026973,180.2625474,32.48094169,233.0087739,223.4974188,220.275401,211.148649,168.8735743,739.02027,77.98103508,10.56011594,3.584692934,10.40794817,1.985805289,2.250114586,2.122520823,-0.640906076,0.946731922,-0.451224145,-0.247491198,0.58740515,-0.247609153,-0.05988195,0.270617733,-0.044577514,-0.036419981,0.146468152,-0.033288135,-0.055936547,0.106599098,-0.036638792,-0.010371585,0.060475448,-0.007117325
fly,fly_01,11,465,494,0.071996928,0.095956676,0.118054631,0.096520675,0.12784956,0.115881514,0.097272538,0.077431017,0.046136735,0.083220445,0.06967928,0.458306381,0.224370235,0.373740015,1.226270569,0.927472073,0.929268223,0.036328132,0.688103221,0.690932382,0.155452829,331.1111452,322.7319793,77.03699604,153.9972,150.7140528,24.54373512,222.509683,202.2316864,290.4527264,277.132601,122.4071785,593.855574,51.78740529,9.587128848,2.289786237,9.830590558,1.941039387,2.359509695,2.208647654,-1.627125704,1.21014269,-1.638006401,-0.114709607,0.682315476,-0.147296011,-0.229457852,0.330630421,-0.227212726,-0.00497201,0.215162025,0.010732457,-0.105505641,0.127689736,-0.107844325,-0.013992317,0.086454425,0.000798327
fly,fly_01,11,480,509,0.060311138,0.080891707,0.099402924,0.080667372,0.10558698,0.094825932,0.081214814,0.070560716,0.048838799,0.121169919,0.156529698,0.380483208,0.186254352,0.478313947,0.795467518,0.94182006,0.948889316,0.044027448,0.747258779,0.774214457,0.192897338,369.0877896,360.1518284,100.7813695,166.8669032,166.5334188,30.16950818,222.4137148,214.7342048,342.9932196,290.329392,184.0630938,699.429898,71.88251811,7.906424479,3.254154855,8.133117179,0.918912688,2.891489924,1.104226654,-1.079100346,1.044349843,-0.991483076,-0.043614061,0.665312513,-0.178114662,-0.221805814,0.278654364,-0.237602606,-0.027542587,0.169132623,-0.043682977,-0.101326455,0.109587992,-0.088828944,-0.007566274,0.078104899,-0.012323701
fly,fly_01,11,825,854,0.074883256,0.098093146,0.120029538,0.098113535,0.129746677,0.116671277,0.09652978,0.075780646,0.044991474,0.082123322,0.063037347,0.464561027,0.227860213,0.362462571,1.281679998,0.917584,0.921917396,0.03372646,0.639318406,0.663712283,0.158496497,321.8199758,312.9095876,80.47748626,146.977098,142.9069059,26.84542828,228.7908636,202.1984171,274.789246,250.73902,124.4735578,567.461993,43.08952067,13.31674515,3.074015387,13.23736102,2.159543671,2.687974882,2.586290374,-1.831832236,1.316643912,-1.937050057,-0.107484876,0.68587437,-0.117355824,-0.175077957,0.392244737,-0.175432534,-0.033142573,0.270057973,-0.02326978,-0.088717191,0.147171034,-0.085343648,-0.000858962,0.115429548,-0.005472589
fly,fly_01,11,880,909,0.139152907,0.150229593,0.152037104,0.105952882,0.119695672,0.089754719,0.062294858,0.042402351,0.02361978,0.047152501,0.067707633,0.467440378,0.225648555,0.243177122,1.922221851,0.926015822,0.925743536,0.040344231,0.714505304,0.718650012,0.153357523,280.4950489,279.2584652,47.8544459,176.3689847,177.9604446,24.38376474,220.5878959,212.5498543,152.1947619,171.558277,76.51321295,356.313345,51.38750264,11.00699446,2.416012807,10.93472776,3.03829242,1.289206468,3.03155737,-0.281436003,0.766338582,-0.202818097,-0.453629017,0.45610253,-0.386570973,-0.079120276,0.243360966,-0.054221454,0.004548551,0.156614428,0.015130733,-0.056837065,0.084462549,-0.040380581,-0.020751894,0.060024032,-0.015148587
fly,fly_01,11,915,944,0.116436471,0.132327577,0.143036167,0.106681712,0.129964477,0.106470257,0.079339751,0.054995644,0.029003808,0.048105838,0.053638297,0.486152614,0.236646189,0.265083338,1.833961415,0.932166305,0.942297812,0.045502068,0.721421826,0.756674801,0.190287864,300.8208057,299.4358037,61.09116184,172.7530321,174.3568015,30.85042489,248.8311213,211.7840648,196.7185132,197.951858,96.09913777,409.100507,60.3853143,11.72009328,3.315489338,11.24368922,2.766756265,1.77784535,2.62748846,-0.76417724,1.079134031,-0.583107438,-0.291323072,0.494085051,-0.263886179,-0.066751709,0.259636322,-0.069098075,-0.044455367,0.168532813,-0.025756443,-0.027356683,0.091183311,-0.035205292,-0.025362911,0.061851415,-0.020793366
fly,fly_01,11,945,974,0.065265839,0.080537266,0.095005104,0.077335531,0.105567752,0.103200942,0.097210933,0.088700935,0.059457511,0.121977006,0.10574118,0.38110933,0.182903284,0.473087565,0.805578834,0.950161055,0.957457504,0.039323691,0.78230979,0.82216186,0.176212561,390.6323605,401.3650874,77.87213105,170.0597566,169.7117115,32.69237909,238.3367629,222.1241722,348.2966027,356.313345,157.4885705,739.02027,69.88300446,11.1435377,3.712003534,11.54561914,0.545009263,2.372330459,0.29896342,-1.325710235,1.273129747,-1.157505033,0.121394303,0.594664797,0.115215363,-0.230846538,0.348082482,-0.20454023,0.023690967,0.191617307,0.024330684,-0.087750315,0.14155452,-0.070444182,0.01210054,0.075849023,0.010508592
fly,fly_01,11,1370,1399,0.09162721,0.108216518,0.123686256,0.098345949,0.129680778,0.117855023,0.097730025,0.074072045,0.040766768,0.064256545,0.053762885,0.469568005,0.228026726,0.330588268,1.4204013,0.940393406,0.94275936,0.037534083,0.745318575,0.775784239,0.171884326,328.0259865,327.2827384,62.80740815,169.500666,168.6162255,29.82950451,233.0456811,216.5776845,244.5722957,237.54223,125.0486044,646.642737,57.58599511,11.39893119,3.854714195,11.16070317,2.092360053,1.910444536,1.91608569,-1.255736958,1.223575331,-1.072586752,-0.231393309,0.590241119,-0.283621406,-0.105536891,0.297693151,-0.096795806,-0.054157322,0.183156431,-0.034626133,-0.070286592,0.112535581,-0.067771312,-0.017422525,0.068015272,-0.013182199
fly,fly_01,11,1535,1564,0.059603081,0.082175953,0.107295741,0.093846716,0.134030625,0.131615323,0.116616734,0.09338126,0.05312308,0.081598642,0.046712843,0.466788407,0.227877342,0.391432559,1.192512979,0.931437958,0.929388724,0.038659395,0.69712949,0.693686885,0.18219951,327.0514904,323.129928,64.5941207,158.7420245,151.6787481,32.03934015,226.63731,216.752067,266.8958387,250.73902,119.9602023,633.445946,49.28801312,12.6868347,4.014179834,12.27307359,2.222323933,2.112028695,2.10686305,-1.617550181,1.32051275,-1.664452941,-0.14496539,0.703648151,-0.249734682,-0.142770573,0.419439176,-0.073096557,-0.084343459,0.203729767,-0.076555229,-0.085799698,0.151372415,-0.059441709,-0.006251233,0.083621874,-0.013971354
fly,fly_01,11,1760,1789,0.102058462,0.123491054,0.141370223,0.109828779,0.137841911,0.11525436,0.086302324,0.059236369,0.03064986,0.04847336,0.045493295,0.504295274,0.24767069,0.270155209,1.866687212,0.927234093,0.933097306,0.049375766,0.705055249,0.7170831,0.19762404,300.471389,301.6489527,69.79630998,166.7551682,163.2659257,28.35351568,220.2486573,210.3541269,210.5319762,211.148649,141.9413643,739.02027,65.88397705,8.681449169,4.259994471,7.876946113,2.779766245,1.984129508,2.716241636,-0.895088258,1.096058322,-0.631580572,-0.325662817,0.547784781,-0.285315624,-0.090815911,0.262130427,-0.040848652,-0.034080847,0.164540975,-0.035803126,-0.062928586,0.105317415,-0.055629742,-0.022529891,0.072625885,-0.012710121
fly,fly_01,11,2000,2029,0.127887748,0.146937831,0.157375203,0.114137313,0.132492503,0.100420629,0.06800974,0.042987102,0.021618278,0.037706752,0.0504269,0.504425649,0.246629817,0.220748772,2.28506661,0.925453083,0.921784658,0.045245339,0.69891913,0.686386264,0.189097715,284.7573005,277.2677694,57.87317442,171.7059697,175.2111483,31.9549596,231.708037,219.8615108,171.0649391,184.755068,105.9762371,739.02027,59.4855332,11.15951272,2.904056921,11.21225538,3.118215449,1.654315301,3.294946558,-0.560494387,0.873992363,-0.572441262,-0.462676424,0.498282724,-0.429621447,-0.026857764,0.228490006,-0.026767207,-0.042802176,0.161199071,-0.020514582,-0.064897836,0.098726707,-0.050754629,-0.01482262,0.057230927,-0.008428157
fly,fly_01,11,2020,2049,0.0281939,0.035582635,0.043931327,0.038259638,0.057817884,0.065621332,0.073505209,0.081161096,0.065585538,0.19061049,0.319730951,0.205630181,0.096077522,0.730593284,0.281456435,0.911469244,0.909521848,0.046776395,0.626856042,0.627572759,0.192406312,413.9573368,383.9527768,141.5860404,152.9985195,149.722479,31.71608393,222.3169184,208.4015506,391.4636746,356.313345,222.8947601,739.02027,47.18852372,12.42592844,3.079755465,12.32635728,-0.456349953,3.852260606,0.676058334,-0.718292242,1.802260291,-0.781960773,-0.07477193,0.711192358,-0.120523283,-0.277405916,0.466403074,-0.174529841,-0.000743015,0.236567654,-0.03506613,-0.081530005,0.186763521,-0.08436881,0.011591791,0.115269993,0.00411112
fly,fly_01,11,2310,2339,0.055922616,0.067473074,0.077030556,0.060554957,0.079939757,0.076931894,0.075427813,0.077217273,0.060277641,0.163088788,0.206135631,0.294457163,0.140494713,0.582147146,0.505812259,0.925669749,0.926740576,0.050988145,0.675635149,0.698074483,0.221464734,421.0718484,432.372999,126.7294696,159.0089016,154.9648623,37.68322477,231.510323,221.4363503,427.4773458,448.690878,225.3417642,739.02027,64.58429308,9.470315673,3.411079052,10.24312307,-0.154099233,3.86095618,-0.601262717,-0.881777586,1.231159818,-0.563962821,0.006275148,0.803439823,-0.173391725,-0.136190219,0.363680671,-0.132531363,-0.018933869,0.222466109,-0.030281381,-0.10721869,0.140528284,-0.088252256,0.012148643,0.083615284,0.009674905
fly,fly_01,11,2565,2594,0.040004478,0.047458889,0.05554584,0.046241075,0.066381108,0.070738436,0.074763987,0.078669541,0.061126657,0.166082398,0.292987589,0.238906459,0.112622183,0.673630173,0.354655223,0.902595975,0.916480984,0.061937632,0.615381358,0.639365958,0.21150674,434.4412938,423.9660387,153.9321189,153.9504043,152.1896945,34.47937389,249.6457576,217.7122206,432.4107255,422.297297,259.8357061,739.02027,67.28363661,10.90362015,3.84208552,11.27693559,-0.476548085,3.874716538,-0.282709453,-0.459742225,1.727266182,-0.659441672,-0.161898389,0.865297218,-0.094612703,-0.132547288,0.424410215,-0.122148937,-0.034139365,0.213618476,-0.008558529,-0.078042745,0.163888015,-0.049266031,0.001317782,0.121062356,0.002646998
fly,fly_01,11,2670,2699,0.086749356,0.103659922,0.11753924,0.09190717,0.119763423,0.110208307,0.096821122,0.081413509,0.050128217,0.088020181,0.053789552,0.43941814,0.211670593,0.370172582,1.187062906,0.91926578,0.919847432,0.052999663,0.634092221,0.623397654,0.23868265,306.934597,301.0019311,75.43474318,154.3801237,147.7943539,37.64907488,225.7465104,220.4119462,232.8555191,224.345439,146.6924581,739.02027,86.37899268,11.61297507,4.334400222,12.92612217,2.984798628,2.652856033,2.869229883,-1.521726804,1.447751545,-1.328503344,0.017991752,0.744313492,-0.00635947,-0.154730118,0.357608152,-0.113410386,-0.004913329,0.255343828,0.012997356,-0.07273627,0.173722897,-0.048257205,-0.005296304,0.115072494,0.001146696
fly,fly_01,11,2820,2849,0.089152634,0.102937768,0.114488424,0.088313551,0.112071925,0.097273158,0.078752234,0.06250682,0.039571722,0.091548222,0.123383542,0.412147057,0.200385476,0.395762541,1.041399866,0.91399019,0.911920439,0.047357864,0.618064965,0.621523481,0.222283863,304.8368222,289.294239,104.666483,152.5015894,154.2073503,32.51855487,234.283806,202.9940845,245.9289752,224.345439,177.5644265,739.02027,59.4855332,12.15189499,4.449171512,12.9489507,2.639003441,3.432271112,2.993618441,-1.284173316,1.221673304,-1.117980812,-0.091668257,0.70200191,-0.13634787,0.000441357,0.36701233,-0.015036212,-0.119349391,0.25464657,-0.055534069,-0.034122993,0.174306248,-0.021681433,-0.010838764,0.115082574,0.001608592
fly,fly_01,11,3280,3309,0.054993478,0.072571432,0.0927229,0.080820889,0.116502237,0.117450946,0.109330371,0.094932657,0.059856865,0.112330299,0.088487926,0.407496972,0.197323126,0.464938118,0.876454211,0.939980823,0.938571414,0.031091134,0.737158909,0.739091708,0.142983836,395.2404197,407.557665,80.20701102,158.0453668,155.5186014,26.24365656,219.4420242,205.7397402,380.2402359,409.100507,132.9635514,620.249156,44.68913163,11.49675293,3.243922448,11.19205226,0.246991149,2.492326464,-0.390215578,-1.779777702,1.243919293,-1.837260488,0.153149514,0.672695826,0.266173535,-0.290003993,0.335680164,-0.318895214,0.026769844,0.222882465,0.048559147,-0.11232678,0.134816872,-0.122427225,0.009545122,0.091438071,0.016118125
fly,fly_01,11,3330,3359,0.031960857,0.043600529,0.060189284,0.058415445,0.096943748,0.115960842,0.125788488,0.121726275,0.080495778,0.14870456,0.116214193,0.33150932,0.155359193,0.592929294,0.559104304,0.951231392,0.949284259,0.027729068,0.791256506,0.781951972,0.118567321,398.2888373,405.133595,53.5759346,161.0582089,156.161597,22.64139558,220.4991081,204.0405669,376.5402012,395.903716,104.5931924,739.02027,52.08733238,7.528937895,2.380087924,7.879819663,0.159873573,1.628958993,-0.168021735,-2.022966963,1.038411849,-2.287233079,0.086301952,0.467382976,0.177411398,-0.26233337,0.23356968,-0.316758952,-0.027626575,0.153429589,-0.010502638,-0.068517087,0.086563412,-0.078195687,-0.025469805,0.067380704,-0.017940403
fly,fly_01,15,360,389,0.03729815,0.044968032,0.051712398,0.041216797,0.055643164,0.055529652,0.056994901,0.061424795,0.050562943,0.158415067,0.3862341,0.204102012,0.096859961,0.713631806,0.286004646,0.881323744,0.89230321,0.078124971,0.567630194,0.55968573,0.22835499,501.0467234,508.6579238,157.9938893,150.2763861,147.3693379,32.20174743,237.7058799,204.8417364,551.3051749,567.461993,243.0764972,739.02027,47.28849939,11.57250531,3.404961258,11.83980489,-1.330077595,3.707866729,-2.214533488,-0.074341445,2.021928081,-0.354688887,-0.346062102,0.992896549,-0.252439853,-0.05283938,0.476501598,-0.087540105,-0.034218749,0.298204802,-0.022433258,-0.08158203,0.169999844,-0.084166894,0.013221158,0.108760934,0.004980213
fly,fly_01,15,1410,1439,0.09935201,0.123514502,0.144346084,0.113488877,0.143262188,0.11949311,0.087925569,0.057994981,0.028372754,0.041534485,0.040715441,0.520590258,0.256751065,0.256543229,2.029249649,0.928189917,0.932739939,0.04931621,0.6935166,0.709369396,0.214622258,312.1327782,314.8015768,69.82910276,162.7966179,161.6021092,35.41177706,228.0608547,213.0543473,241.365599,250.73902,149.7966787,739.02027,56.48626261,11.21703472,4.174994515,11.78156872,2.694283383,2.083652762,2.446888581,-1.300926305,1.300826247,-1.04621056,-0.300242316,0.501737542,-0.276206104,-0.053266276,0.28825647,-0.087183982,-0.102307108,0.2090902,-0.059291105,-0.051884948,0.109695535,-0.043799099,-0.028015002,0.084536083,-0.017407787
fly,fly_01,15,1845,1874,0.089003139,0.099732108,0.107509685,0.081806624,0.105709057,0.098580056,0.089878704,0.079923566,0.052323407,0.103249759,0.092283893,0.393605423,0.187515682,0.41765933,0.942407831,0.936653148,0.93269648,0.036550909,0.740540562,0.75133105,0.152559191,328.9575623,312.0126239,83.0867307,169.2119023,166.6309049,25.87601625,224.3158156,211.0383008,264.6758177,224.345439,162.024723,686.233108,59.08563037,9.317752238,2.501432413,9.049443786,1.863016571,2.220525089,2.43823372,-0.959061437,1.039680619,-0.827545862,-0.115094536,0.665030653,-0.11448182,-0.087403579,0.335867969,-0.072637516,-0.063159663,0.176824119,-0.045767262,-0.055317579,0.114930565,-0.051113199,0.007701641,0.0682081,0.013191411
fly,fly_01,15,1980,2009,0.140374241,0.160512538,0.169175219,0.119852522,0.134809525,0.097758639,0.062940277,0.037691676,0.018020396,0.02871744,0.030147528,0.521595904,0.254662046,0.177517317,2.938281815,0.883234159,0.872347897,0.044569463,0.511875972,0.491785349,0.196627135,240.5351526,229.9793354,45.6343965,139.6561524,139.3879259,28.68605769,225.380549,190.6140034,161.1981798,184.755068,78.02375401,329.919764,48.08830495,12.03281375,3.423365374,12.73655119,4.757922701,1.94865625,4.757413242,-1.03958606,1.080821217,-1.067869248,-0.484687751,0.59412271,-0.383443097,0.06367427,0.28885398,0.047993937,-0.044243754,0.242504557,-0.000391395,-0.081321538,0.151478286,-0.060274017,0.006626646,0.08951452,0.010191277
fly,fly_01,15,2010,2039,0.123647405,0.137403712,0.145000424,0.105880919,0.126343943,0.101361194,0.074691828,0.052285744,0.0285032,0.050585774,0.054295856,0.47858648,0.232224862,0.260362403,1.838155102,0.93332675,0.943406173,0.045208758,0.727573412,0.759389503,0.185996841,304.1220804,292.691661,64.55892176,170.9946419,174.2643891,26.33590167,223.5026985,204.610843,205.7219311,197.951858,109.8946779,593.855574,57.18609236,7.882132215,3.788772553,6.979085311,2.639671294,1.95884431,2.713507355,-0.875589473,0.886733765,-0.772600234,-0.324808833,0.449812943,-0.259809365,-0.130239218,0.247912869,-0.122657553,0.008648222,0.173957931,0.019103101,-0.083268463,0.097248004,-0.069774875,-0.012656773,0.075755762,0.004710488
fly,fly_01,15,2540,2569,0.039074623,0.04843472,0.06097305,0.055271036,0.087357734,0.102194133,0.112665377,0.114578366,0.080713781,0.16513125,0.133605931,0.305795953,0.14262877,0.606694704,0.504035969,0.953113608,0.957260986,0.029385369,0.803277791,0.823493257,0.127627876,379.0245688,390.8187782,65.22610278,173.723594,173.0010284,27.87874479,228.1531418,217.0847456,317.216311,329.919764,157.7512271,739.02027,58.38580061,7.023659516,2.465378413,6.872336525,0.556609256,1.883391901,0.383718908,-1.389113497,1.247556565,-1.102730558,-0.08487546,0.594454711,-0.152998941,-0.187453703,0.319507188,-0.115583701,-0.012521261,0.169927979,-0.037030164,-0.085928786,0.10036714,-0.063864793,-1.42E-05,0.072572865,-0.008868313
fly,fly_01,15,2375,2404,0.209473087,0.195222438,0.166828137,0.099544885,0.096629615,0.061957499,0.039136722,0.026945605,0.016192464,0.035438055,0.052631492,0.424960136,0.1961745,0.170344338,2.494712418,0.911380186,0.92850155,0.074614573,0.677500834,0.744971441,0.262805306,281.9185333,278.7043899,86.07077117,172.5817939,181.6118262,39.32523476,240.5471774,223.6624634,135.5446056,158.361486,133.2913187,739.02027,97.1763668,8.186493843,3.26346312,7.93813244,3.20834013,2.355791159,2.963751826,0.012967051,0.664832893,0.011755554,-0.473178481,0.57212052,-0.325776609,-0.126714953,0.260500836,-0.092330787,0.058472961,0.166364921,0.023012895,-0.06081141,0.120241888,-0.053451451,-0.034916312,0.093316831,-0.012814902
fly,fly_01,15,3075,3104,0.034912354,0.040840095,0.046258378,0.037131183,0.051830713,0.055233719,0.061096886,0.06970648,0.058975759,0.18440905,0.359605385,0.190453992,0.088961895,0.733793559,0.259547103,0.90944783,0.907836691,0.051000909,0.617664466,0.609306797,0.211980017,394.1754611,374.3198539,145.5232633,152.1871717,150.3637133,34.63888991,238.6162311,215.6844247,358.5333655,290.329392,232.0876889,739.02027,57.8859222,12.75043771,2.927037711,12.86949239,-0.160829622,4.139870259,0.93577395,-0.683122492,1.690119495,-0.659301672,-0.060344816,0.783540144,-0.110526374,-0.173081434,0.421079161,-0.082648255,-0.005547107,0.225189204,-0.030549142,-0.079240562,0.156850479,-0.070638266,0.01563609,0.112574889,0.00477943
fly,fly_01,15,3230,3259,0.133709343,0.154381734,0.165121254,0.119028627,0.13685036,0.102273584,0.067996723,0.041706865,0.019961878,0.030380122,0.028589511,0.523273825,0.255878986,0.188635098,2.774000332,0.889436928,0.887830932,0.040857674,0.526881162,0.557295456,0.192312174,249.5830907,241.3470252,39.82666619,142.1681822,143.1827317,27.56247867,209.4536186,188.4746184,179.575019,184.755068,79.63539584,461.887669,45.98881559,11.89063647,3.895947585,11.86108064,4.637700201,1.925933327,4.327502485,-1.277548292,1.215748064,-1.064744548,-0.371455418,0.591527822,-0.325817266,0.022489342,0.325734944,0.010395797,-0.110723772,0.260122341,-0.052745101,-0.04408036,0.155780609,-0.044695297,-0.008876595,0.109529623,0.004659739
fly,fly_01,15,3245,3274,0.072775297,0.088358346,0.100090906,0.076836325,0.096675494,0.084910943,0.073168145,0.065227531,0.046265185,0.119139534,0.176552293,0.358513669,0.173511819,0.480352688,0.74635508,0.92063014,0.920844257,0.037251102,0.666807432,0.658996201,0.148245251,382.3563384,361.769432,128.7343011,153.5860411,150.509685,23.81344741,223.80666,202.6976974,374.5668493,356.313345,208.4366574,739.02027,48.98808613,8.767848966,2.465661244,8.357616615,0.665467296,3.477419732,1.164571367,-1.035635469,1.110994481,-0.822475866,-0.115050033,0.7441516,-0.094771786,-0.165338495,0.358769154,-0.181805726,-0.029603142,0.197780417,-0.00341509,-0.112178274,0.122089258,-0.121238668,0.006754424,0.08807602,0.018290299
fly,fly_02,1,75,104,0.027366863,0.035513686,0.044650447,0.039021346,0.058446987,0.065216466,0.072099981,0.079338506,0.06420551,0.186384058,0.327756149,0.207335247,0.097468333,0.729784204,0.284104871,0.938465038,0.946715024,0.042406728,0.749913003,0.777819041,0.164376298,476.4398704,484.5391175,110.7230686,172.230405,171.4462173,26.88776914,250.1634493,210.6837484,520.7182211,567.461993,200.8898399,739.02027,62.98468214,7.044345092,2.631602417,6.74032583,-1.225495014,2.497905287,-1.778534534,-0.247436652,1.37830954,-0.113369181,0.018808261,0.575623453,0.003008483,-0.382453611,0.298383641,-0.407511539,0.055216602,0.169018465,0.047612095,-0.091018571,0.092774529,-0.086618877,0.00531058,0.070999868,0.001448455
fly,fly_02,1,90,119,0.067590441,0.080729935,0.093209043,0.074794802,0.100082538,0.094146198,0.084058319,0.073342308,0.04911509,0.115300693,0.167630632,0.362232581,0.17487734,0.489447042,0.740085341,0.947212122,0.955332551,0.038398027,0.783351071,0.819021168,0.152131044,389.8563448,382.4200406,102.9071528,174.9811594,172.7701668,26.99571176,252.0458503,216.3370143,362.4800692,303.526182,194.7911211,739.02027,79.0807676,7.19511809,2.580565901,6.811911218,0.443277321,2.425074537,0.728148989,-0.703641969,1.257100772,-0.564869365,-0.108697585,0.586250222,-0.129179382,-0.277767222,0.312106125,-0.227902946,-0.008440742,0.175624816,-0.024328124,-0.077078359,0.107235914,-0.072497693,-0.010062943,0.080247299,-0.009435713
fly,fly_02,1,1135,1164,0.086990872,0.104148222,0.121842968,0.098941727,0.132202844,0.120022588,0.097501707,0.071458927,0.038300993,0.061805118,0.066784035,0.473010127,0.231144571,0.335850779,1.408393715,0.935957759,0.936996285,0.03812111,0.737754615,0.726904336,0.155588238,315.6406056,312.7947468,56.65601199,169.9669031,168.6961868,28.43174225,231.5856593,216.1913978,220.028732,224.345439,104.8713545,620.249156,52.48723514,7.440181638,2.229958699,7.657838499,2.359977257,1.465194692,2.289321585,-1.054570385,1.324528245,-0.680283856,-0.317561692,0.433487621,-0.312727524,-0.10521148,0.274742163,-0.096753714,-0.058501809,0.185228337,-0.032442949,-0.034495645,0.102435185,-0.044958933,-0.031011856,0.062997412,-0.020855326
fly,fly_02,1,1150,1179,0.050289494,0.072027817,0.099586932,0.09162317,0.136114962,0.136675803,0.120434185,0.093684283,0.051570469,0.079512705,0.068480178,0.464000867,0.227738132,0.413681821,1.121637072,0.947894173,0.946312854,0.03625026,0.772025217,0.784386206,0.166149073,351.0134618,349.919341,56.58279051,168.8731314,166.4304676,32.32747178,236.7231294,220.4306473,292.0560748,290.329392,120.5497557,739.02027,66.98370957,7.526092568,2.969018488,7.875302658,1.60938484,1.576330688,1.395618773,-1.546337791,1.349268983,-1.444488459,-0.149116235,0.507973483,-0.137418209,-0.122685991,0.289227531,-0.121783966,-0.094628369,0.172044716,-0.07226063,-0.035436696,0.101636627,-0.030473344,-0.037405801,0.063320178,-0.028690789
fly,fly_02,1,1395,1424,0.074727959,0.091697279,0.106011344,0.083355928,0.107612148,0.096643708,0.083282678,0.071664815,0.047822756,0.107347904,0.129833481,0.393623128,0.190968075,0.439951634,0.894696366,0.961787967,0.963759687,0.023533978,0.843888549,0.847106865,0.093260153,383.6349323,384.7200019,74.53146153,179.0208903,178.4508818,17.52053007,222.7217873,212.370241,351.7499685,329.919764,157.4785052,739.02027,61.38507118,7.091770595,2.530621369,6.658661877,0.59721115,1.86076308,0.525877637,-0.927045243,0.789320651,-0.860927297,-0.12415195,0.552582173,-0.036283013,-0.204991796,0.23710164,-0.224263288,0.009879246,0.130744052,0.018076783,-0.088816962,0.073738878,-0.087219295,-0.006937107,0.049743651,-0.005574181
fly,fly_02,1,1635,1664,0.068187906,0.08879593,0.10976135,0.091607825,0.124753127,0.116296416,0.098864684,0.078012676,0.045625313,0.082932304,0.095162469,0.442418718,0.216360952,0.400597446,1.104397252,0.956365299,0.963943542,0.031863629,0.81230116,0.8540775,0.143985866,351.425022,341.6056813,60.11866033,178.0514326,181.0333631,25.97868494,230.0860531,215.1388387,275.035915,263.935811,118.0957231,580.658784,61.48504686,8.599595068,2.514181324,8.244418751,1.477853438,1.695561639,1.609633749,-1.172740123,0.968280043,-1.067282643,-0.2045276,0.492345432,-0.261702819,-0.058261053,0.261391583,-0.067098662,-0.106515939,0.169229414,-0.101354215,-0.021570553,0.088967003,-0.026030505,-0.038076285,0.059872119,-0.03112188
fly,fly_02,1,1650,1679,0.069895995,0.08726514,0.103413426,0.08347725,0.110766725,0.101868787,0.087829809,0.07291578,0.045990942,0.096589579,0.139986566,0.399526189,0.194243975,0.443312676,0.901228884,0.972221667,0.9754337,0.022705159,0.886509876,0.900582669,0.092170721,372.078764,377.3651373,53.85869716,192.2381527,194.5302415,20.23381998,230.1336047,220.533464,277.5026048,263.935811,160.8029978,739.02027,93.77719329,7.575843518,2.033289802,7.282081541,0.948000358,1.295784096,0.842735061,-0.770492118,0.755548788,-0.628569845,-0.284578337,0.418398636,-0.334010169,-0.070989464,0.190640867,-0.051855622,-0.07673483,0.125743974,-0.06213693,-0.036694165,0.064503196,-0.036070058,-0.037445614,0.045250175,-0.034440006
fly,fly_02,1,2205,2234,0.070098746,0.084435876,0.097217238,0.077242053,0.102221865,0.095809899,0.086774336,0.07771743,0.052720661,0.11744322,0.138318675,0.372491055,0.179463918,0.472974322,0.78755027,0.961621274,0.976181876,0.035248697,0.844815512,0.899468764,0.137738045,385.7246205,398.5913767,82.19894612,184.1378802,185.7526627,22.59843132,225.36283,215.0537882,341.5132057,329.919764,185.4021941,739.02027,74.98176442,7.301577112,3.098317933,6.833538481,0.721590718,1.964809085,0.34672781,-0.751728145,0.837716611,-0.619009792,-0.145528988,0.52128058,-0.151747535,-0.149741573,0.235562946,-0.142146451,-0.000614835,0.133245456,0.008415502,-0.068913981,0.094413058,-0.064192169,-0.009924574,0.057012163,-0.008386375
fly,fly_02,1,2620,2649,0.092523083,0.108816848,0.124207941,0.098761575,0.130165766,0.118106721,0.097835177,0.074353874,0.041207466,0.065302287,0.048719261,0.471242003,0.228927341,0.327418066,1.439266957,0.907248475,0.907134664,0.049389936,0.603183105,0.594807513,0.200837425,295.1227367,291.847503,71.76375855,146.4108536,142.5412832,32.34517355,236.025696,214.4724917,222.3720873,224.345439,134.5177976,739.02027,58.58575195,12.958587,3.476941971,12.72906826,3.163386391,2.30881633,3.118209061,-1.534094292,1.492797448,-1.400943688,-0.155247368,0.784731746,-0.180515976,-0.090130795,0.427509874,-0.025723437,-0.040070411,0.221476715,-0.040332217,-0.09921788,0.174122029,-0.073167553,0.002374385,0.089831717,-0.004312216
fly,fly_02,1,2630,2659,0.077020571,0.096101464,0.115824134,0.095897256,0.130854916,0.122934647,0.105069072,0.082152878,0.04652238,0.074751212,0.05287147,0.465510952,0.226752171,0.361367013,1.28819437,0.908880696,0.909139286,0.044281011,0.604553417,0.603875383,0.180286381,309.973592,315.7556799,74.32365512,142.1625596,138.0770584,27.63867115,229.2597856,198.5422129,264.1824798,250.73902,114.1609833,488.28125,47.68840218,12.41479567,2.963156707,11.92708619,2.762310267,2.442925621,2.759721521,-1.892510291,1.469451159,-2.01513817,-0.095761859,0.748091427,-0.097542216,-0.167424651,0.446860673,-0.122516541,-0.049576931,0.261566687,-0.044787388,-0.089997126,0.195425705,-0.072717963,-0.014762739,0.105738421,-0.01494981
fly,fly_02,1,2645,2674,0.073552435,0.096333568,0.117502975,0.095767059,0.126553453,0.114196873,0.095265135,0.075620679,0.045374561,0.084769651,0.075063609,0.454020361,0.222320512,0.376093636,1.207200328,0.930666153,0.940098735,0.037435146,0.695941597,0.7407067,0.170074014,347.2746651,333.9269824,85.11908634,153.9283158,151.5678937,26.83912759,220.352521,206.3937955,315.7362971,277.132601,140.7919526,607.052365,51.98735664,10.95144136,2.075587712,10.87064107,1.656335182,2.664471035,1.785125354,-1.642661095,1.097362806,-1.743409414,-0.018362157,0.678630439,-0.058264086,-0.181451127,0.354364555,-0.250308102,-0.036731068,0.227072473,-0.03283529,-0.087912922,0.127314086,-0.092392556,-0.00487834,0.089194136,-0.003423412
fly,fly_02,1,2660,2689,0.066137659,0.080297177,0.092876314,0.074089059,0.09900142,0.095106753,0.089823702,0.084484843,0.059241918,0.131444363,0.127496793,0.361073546,0.173090479,0.492491619,0.733156732,0.95566075,0.962325884,0.031715256,0.810965201,0.838230268,0.135602186,387.3262234,380.1690939,80.49089185,175.3416628,178.6435663,25.3250527,218.427422,211.8155181,343.1165541,329.919764,175.9845352,739.02027,66.48383105,9.438204403,2.959234839,9.434171438,0.460759295,2.249259583,0.740705098,-1.094902703,0.916049948,-0.972643489,0.045801644,0.617761418,-0.04023478,-0.209351634,0.268634369,-0.194387113,0.014526763,0.156321883,-0.008563703,-0.088112483,0.101954405,-0.078003818,-0.000619356,0.063408546,-0.015342476
fly,fly_02,1,2675,2704,0.043930776,0.048972914,0.053127002,0.041383577,0.056445918,0.059008251,0.064637645,0.073802116,0.062716452,0.192710465,0.303264884,0.209964748,0.097829495,0.697131562,0.301183822,0.956887049,0.970920139,0.034801286,0.815389871,0.878743863,0.153995223,423.0672995,421.8935657,94.4441254,180.2852348,183.904164,26.28930228,221.0955675,212.4268653,386.1602914,395.903716,198.5727626,739.02027,67.98346639,7.645290075,3.101809599,7.130049701,-0.533870379,2.526472548,-0.345272147,-0.764890305,0.767167886,-0.692500573,-0.03031056,0.660284796,-0.06100389,-0.139037778,0.234901352,-0.1637495,-0.016804953,0.132312976,-0.027169963,-0.093269373,0.111668769,-0.080846573,0.000214494,0.066542009,-0.009016667
fly,fly_02,1,2690,2719,0.046597229,0.059467067,0.073495806,0.062695811,0.089547334,0.090928975,0.087297857,0.081101016,0.056951197,0.143008886,0.208908822,0.316667925,0.152243145,0.577267779,0.548563313,0.937517686,0.94515925,0.037821207,0.73284131,0.780519504,0.166567048,362.5554138,342.1244123,104.6182904,166.9332283,171.5356757,27.60548148,220.8585219,205.4991757,306.7328792,263.935811,176.7733775,699.429899,52.18730805,7.829290001,3.08251376,7.160652514,0.908890054,2.84589159,1.604626354,-1.065756451,1.228864577,-0.753837127,-0.154824587,0.67277871,-0.2339061,-0.175357629,0.302293967,-0.143209521,-0.018014368,0.156039524,-0.018179115,-0.09846792,0.098257126,-0.095026702,-0.011606419,0.072319393,-0.014227523
fly,fly_02,1,2705,2734,0.06637164,0.087101903,0.109506443,0.093527309,0.131362881,0.127423472,0.112154089,0.089542821,0.050917929,0.078999137,0.053092375,0.461820106,0.224890191,0.384706352,1.200448352,0.926088726,0.916294292,0.043401487,0.681655877,0.65634052,0.190208575,310.4814465,310.4567687,63.07869761,158.6527166,156.160412,31.91387168,231.3151428,216.9825838,234.335533,224.345439,129.9241049,739.02027,67.18366094,9.000335707,3.493054414,8.664711856,2.630685774,1.878031548,2.595065456,-1.415381024,1.463106161,-0.939765133,-0.230119619,0.631363067,-0.210835273,-0.168991344,0.354780115,-0.099822999,-0.008362343,0.194116412,-0.008808344,-0.09367806,0.128083537,-0.067612681,-0.015947502,0.076240489,-0.013101521
fly,fly_02,1,2720,2749,0.064349942,0.085784655,0.107866706,0.091103378,0.125555529,0.118841616,0.102605923,0.081693642,0.04746246,0.081871117,0.092865031,0.44336723,0.216658908,0.406498173,1.090699194,0.936950788,0.941749943,0.044996377,0.739525039,0.769515657,0.196072768,382.2294808,384.861935,112.8767192,177.936284,174.2912866,38.51776984,245.8507723,229.2243758,397.0137266,290.329392,246.7088709,739.02027,63.68451195,7.183177938,3.801515287,6.152417387,1.283103731,2.509898511,0.651458735,-0.804971273,1.529903114,-0.732001134,-0.32093464,0.66584995,-0.265996738,-0.075281247,0.3614865,-0.039805061,-0.050629131,0.192229466,-0.057023622,-0.070209771,0.150898659,-0.041291374,-0.013710811,0.080181568,-0.011585079
fly,fly_02,1,2735,2764,0.041829539,0.052807076,0.063540467,0.052605736,0.073610056,0.075820658,0.078426274,0.082025165,0.063518083,0.16676423,0.249052715,0.265576918,0.126215792,0.639786467,0.415102431,0.937968987,0.937223139,0.035747639,0.757780317,0.754469679,0.140579518,467.7576101,477.1794801,113.728679,180.2379192,181.1386833,31.31468209,248.7660653,226.994046,544.1517744,567.461993,233.4981866,739.02027,53.38701628,7.626874431,3.294732135,7.69447178,-0.587611008,2.492944381,-1.130543408,-0.317222514,1.302409104,-0.173101401,-0.20870389,0.775597363,-0.346530261,-0.135342477,0.357164704,-0.132329346,-0.020353847,0.187735291,-0.013147978,-0.077653652,0.136152965,-0.066759795,-0.005626721,0.088319898,-0.010770938
fly,fly_02,1,2750,2779,0.04378298,0.057375038,0.071152908,0.0598694,0.083891437,0.084713826,0.084185216,0.084057338,0.062845718,0.158425907,0.209700233,0.299627571,0.143760837,0.599214411,0.500033987,0.952482126,0.95792458,0.029775779,0.808121806,0.824132997,0.11739849,402.4948062,388.2781084,99.10085557,178.1728168,176.6264101,22.80672612,228.9133823,215.6096138,358.2866965,290.329392,196.1936542,739.02027,51.98735664,9.132404704,2.234274695,9.017627169,0.072975037,2.279421272,0.606514174,-0.684440858,0.991901019,-0.623979782,-0.149004135,0.665934303,-0.269011976,-0.184460479,0.271701885,-0.184755026,0.003370068,0.151227639,-0.004196046,-0.093772116,0.09225742,-0.082601627,-0.001339756,0.071626563,-0.007312327
fly,fly_02,1,2765,2794,0.071869754,0.090891208,0.108259968,0.087099153,0.114290544,0.103088701,0.087161715,0.071821324,0.04574112,0.098267334,0.121509178,0.412738366,0.201389696,0.424500671,0.972291432,0.956903112,0.964602699,0.030305902,0.822507677,0.855781551,0.125989012,353.453584,353.4681602,62.34757922,183.1223741,180.6873844,26.98575066,237.3939761,225.6378326,253.3290446,237.54223,121.7405967,607.052365,52.7871622,9.44627627,2.42506876,9.042541143,1.275864626,1.740668834,1.365721905,-0.865505977,1.038107013,-0.820006928,-0.356890797,0.524339925,-0.388507108,-0.133303092,0.256355793,-0.105008799,-0.021975644,0.171943775,-0.022525957,-0.084810124,0.090087692,-0.077090083,-0.014204349,0.06618542,-0.00975061
fly,fly_02,1,2825,2854,0.027924142,0.038464525,0.052287339,0.049334637,0.079478134,0.093546633,0.10332598,0.106437028,0.07740896,0.177235138,0.194557484,0.274646743,0.128812771,0.658964591,0.416785282,0.96478273,0.971746543,0.024577861,0.847459406,0.878917171,0.108977336,430.5621674,433.3084986,61.79383787,179.0515537,183.3684531,25.97474755,230.2517948,216.4883703,406.3871481,395.903716,157.1946632,739.02027,68.68329627,8.315943918,2.57622185,9.059818902,-0.612520762,1.677612879,-0.651274868,-1.174190901,1.026942305,-1.106115544,-0.023914731,0.597920033,-0.068119922,-0.20546486,0.274057636,-0.207834975,-0.020497607,0.171290208,-0.018622846,-0.091811722,0.10025323,-0.080423142,0.003205543,0.07072697,-0.002493206
fly,fly_02,1,2840,2869,0.06309397,0.073344154,0.083099178,0.066946751,0.092924426,0.094798662,0.093933666,0.08934393,0.061544703,0.13310426,0.147866301,0.337769017,0.159871177,0.52579286,0.642399398,0.953740908,0.956134557,0.030492409,0.811759279,0.820282505,0.121844894,365.0759531,360.4193014,75.73787203,180.7537919,181.4887068,25.3854103,234.9658484,217.6535211,269.2391939,263.935811,156.078294,646.642737,56.78618961,8.053639773,2.238362555,7.898727094,0.900497868,2.054763289,1.083577653,-0.920048132,1.05063842,-0.744668156,-0.220151828,0.585809124,-0.241851458,-0.098240231,0.279936326,-0.092801392,-0.021729302,0.162605848,-0.043663746,-0.074174198,0.091383804,-0.066180224,-0.002003587,0.062418145,-0.00752755
fly,fly_02,1,3435,3464,0.068258137,0.088031914,0.110229732,0.09448553,0.133337028,0.129447617,0.113115215,0.089044758,0.049954601,0.076949469,0.047146,0.467499907,0.227822558,0.376210043,1.242656639,0.919795338,0.921216035,0.043896717,0.642567648,0.641719053,0.197020687,347.1990429,357.5067076,76.25322537,145.7436426,138.8922139,29.97757485,229.9873282,199.409265,309.446238,316.722973,114.3366082,475.08446,53.18706496,12.30494525,4.166918346,12.65432276,1.770555902,2.628115112,1.334279106,-2.279453405,1.535230563,-2.323351693,0.001995817,0.669778634,0.054159838,-0.28670926,0.474460096,-0.19718397,-0.016833914,0.253351718,-0.001213017,-0.124049392,0.186745597,-0.102420215,-0.003121198,0.108973049,0.006435308
fly,fly_02,1,3450,3479,0.075878334,0.095064535,0.11568086,0.096976556,0.13424203,0.127890064,0.109862825,0.085009153,0.046912508,0.070547297,0.041935839,0.47478951,0.231218586,0.354267622,1.340200122,0.911697361,0.909935451,0.040759886,0.608163466,0.592320229,0.182560637,328.2984397,328.3620752,70.7122755,143.0647804,136.9979535,29.34633617,229.3063152,201.2575595,286.1360192,303.526182,118.8841698,501.478041,48.78813471,13.27931207,3.486385936,13.31566257,2.287456948,2.551130045,2.197302065,-2.250246282,1.693933348,-2.448344345,0.005789761,0.697238877,0.041312545,-0.29324561,0.490552688,-0.268960842,-0.021341455,0.280981349,0.008284085,-0.106725771,0.195055782,-0.10861053,-0.013640683,0.117351859,0.000903541
fly,fly_02,1,3465,3494,0.088844142,0.104444766,0.11750026,0.09171094,0.119137055,0.108090634,0.092056068,0.074391153,0.044783277,0.083150787,0.075890919,0.436438889,0.210847995,0.370272203,1.178697417,0.922839916,0.927773155,0.038859747,0.666017711,0.678467927,0.170317926,363.2213337,348.9208993,105.0489888,152.1467117,146.9180793,28.85396969,228.7631606,209.6663127,324.4930459,303.526182,165.8385833,646.642737,46.98857238,10.70438472,3.159741073,10.00128326,1.084277552,3.200393138,1.464550998,-1.58146352,1.433728457,-1.496468514,0.007834693,0.70206865,0.006116652,-0.246765115,0.332969278,-0.248686446,0.005933246,0.21118007,0.01909382,-0.109216029,0.132758023,-0.120965392,-0.006058115,0.088957632,0.004978189
fly,fly_02,1,3480,3509,0.079069558,0.090423501,0.099047126,0.075763152,0.097333493,0.089543479,0.081516877,0.075224283,0.053015679,0.123885911,0.135176942,0.361687249,0.173096644,0.468819691,0.771484764,0.937532332,0.935612277,0.036053547,0.734345163,0.731237651,0.151043342,394.3542918,402.2278668,103.6507316,162.6319975,157.4648947,28.90897343,227.0898782,216.2844165,362.9734072,356.313345,190.0093016,739.02027,61.98492527,10.26064067,3.122055757,10.09179017,0.206834616,2.936840757,-0.057460922,-1.151938246,1.13898311,-0.947734578,-0.03798134,0.738790948,-0.091581586,-0.203024165,0.312383816,-0.216510698,0.040353588,0.207163792,0.025071269,-0.123936444,0.12179879,-0.131489528,0.017821144,0.087429085,0.013816252
fly,fly_02,1,3495,3524,0.104945332,0.120358253,0.131366221,0.098835911,0.121683135,0.101682654,0.078947171,0.059380691,0.035098578,0.069846583,0.07785547,0.453567921,0.220519046,0.321128494,1.412418796,0.941058311,0.950792629,0.041493494,0.76010067,0.792141154,0.170942361,321.2112702,315.7338878,76.99857609,178.8458552,179.5233565,29.11429267,227.386531,217.9870746,217.0687042,211.148649,174.9564577,739.02027,74.98176452,10.84784996,3.498200443,10.74182771,2.054458444,2.07766634,2.168160745,-0.652277763,0.999035265,-0.41854167,-0.262635773,0.583523405,-0.268723695,-0.120200867,0.288159801,-0.099166807,0.006043863,0.192868548,0.01374288,-0.066386062,0.106066309,-0.055287166,-0.008780482,0.077977276,-0.006381771
fly,fly_02,6,930,959,0.099352087,0.116936537,0.132311523,0.103551567,0.133396936,0.11722001,0.093632385,0.068468678,0.036672626,0.055963182,0.042494468,0.486480037,0.236948504,0.297231339,1.636705061,0.928049112,0.930436538,0.049764364,0.683536377,0.695335279,0.223088453,314.5756939,305.4479226,76.68357938,162.2864521,164.9127983,33.58524527,230.011521,209.7391446,248.395665,250.73902,158.2573168,739.02027,68.08344214,9.537152294,4.245064092,10.83683149,2.658599036,2.381078239,2.692209452,-1.34239761,1.328446933,-0.868334397,-0.018232901,0.627603331,0.022140539,-0.115231545,0.279611478,-0.113762622,-0.039502933,0.218400224,0.003105268,-0.044388022,0.145358329,-0.044160685,-0.027177331,0.099937415,-0.011358605
fly,fly_02,6,945,974,0.098694988,0.12085206,0.139536089,0.109264789,0.138840287,0.118599707,0.091170149,0.06378482,0.032826698,0.048150569,0.038279846,0.506240871,0.248105075,0.274212082,1.84616545,0.925443804,0.924434427,0.047019111,0.665237142,0.685904953,0.223890284,301.724934,289.4143045,64.00544838,161.2010575,158.1917357,35.7007621,228.9089354,215.1084252,230.7588327,224.345439,117.4852255,725.82348,71.08271267,10.44422301,3.920305018,11.64018299,3.090291601,2.166038428,2.920967131,-1.344852413,1.333364924,-1.115271032,-0.121740152,0.669769648,-0.185716003,-0.041859304,0.305620445,-0.00614674,-0.091021549,0.208433579,-0.057333892,-0.028678584,0.142605963,-0.038366781,-0.030492834,0.095529174,-0.018933497
fly,fly_02,6,960,989,0.102700981,0.12382624,0.140251064,0.107859059,0.134821576,0.113826886,0.087776604,0.062912971,0.033649933,0.052272183,0.040102502,0.496758585,0.242680635,0.276714194,1.795204571,0.919801693,0.923045401,0.044012533,0.658425711,0.668028067,0.194060926,299.4803841,287.917876,70.03856938,158.0495011,156.8197364,29.903124,225.0857533,210.5619619,225.9487876,197.951858,115.8138218,475.08446,50.18779439,10.66135416,4.093862907,10.29552501,2.855665569,2.220779489,3.101186348,-1.226985328,1.40574736,-0.989384552,-0.196586224,0.697685369,-0.301952547,-0.172439528,0.367826937,-0.12542884,0.002204876,0.190746462,0.035905362,-0.09439285,0.128336663,-0.101278046,-0.010879027,0.085001643,-0.001636894
fly,fly_02,6,975,1004,0.112610464,0.131416521,0.143820456,0.107438275,0.130936303,0.108321954,0.083054233,0.060152368,0.032751377,0.05173835,0.0377597,0.490516989,0.238374578,0.265456027,1.84782766,0.909919908,0.903994751,0.046809311,0.608992102,0.58349544,0.20737343,289.2903008,279.4373099,73.32733598,150.7132211,151.3656304,29.42362647,225.3387623,201.2817891,217.0687042,197.951858,127.4905092,475.08446,56.88616535,11.79423227,4.267099301,12.54838636,3.259511386,2.457252194,3.500806284,-1.427920183,1.494973469,-1.2717743,-0.015186369,0.721676823,0.011310787,-0.20334097,0.373340583,-0.180143974,-0.026647422,0.223606279,0.005986597,-0.069931833,0.151811186,-0.063910996,-0.014476312,0.108413807,0.000537359
fly,fly_02,6,990,1019,0.087222316,0.106533588,0.125196983,0.10143563,0.135749925,0.124953392,0.104246215,0.078472767,0.042091419,0.059869498,0.034228267,0.48733593,0.237185555,0.318908166,1.528138762,0.904606352,0.895025297,0.042799121,0.568394422,0.534932456,0.197561443,287.8094394,286.1748315,68.40624989,141.6395625,133.4255723,29.0656823,220.4460859,202.2843035,227.6754704,237.54223,121.8609556,541.068412,50.78764849,12.53883808,3.704707023,13.04800276,3.52027849,2.272204633,3.72373523,-1.925707288,1.554431633,-1.803228368,0.058968155,0.704989973,0.107866821,-0.178155367,0.417444655,-0.122173657,-0.084494124,0.231786349,-0.045997237,-0.058676274,0.154675884,-0.04071167,-0.023910617,0.113603239,-0.01052796
fly,fly_02,6,1005,1034,0.067013224,0.082420449,0.099282868,0.08328379,0.116653002,0.114355502,0.103254298,0.086509279,0.052985214,0.100065572,0.094176801,0.413575162,0.199936792,0.436991165,0.946415386,0.917609161,0.909903062,0.045212125,0.635825139,0.614025223,0.200359953,351.4371068,328.0200511,112.1639949,150.937576,148.9063033,31.13235728,228.8807042,203.9355325,318.9429938,316.722973,192.4490131,739.02027,56.98614101,12.38117669,4.159559128,12.6798594,1.528616641,3.30586173,2.186499458,-1.562836609,1.63453252,-1.087989287,0.067212581,0.719776647,0.14839416,-0.236634669,0.415332908,-0.216865812,0.006911309,0.210144958,0.046640881,-0.110260588,0.155956266,-0.096733107,-0.006856722,0.09858737,0.004558843
fly,fly_02,6,1107,1136,0.130895128,0.141616587,0.145273452,0.10362487,0.121149762,0.095402233,0.069530594,0.04866874,0.026874699,0.050402836,0.066561099,0.465450317,0.224774632,0.262037968,1.776270519,0.93798568,0.945381693,0.04236086,0.750091014,0.791398336,0.178003185,298.8524076,295.8887368,56.11712486,182.6586281,184.6749157,30.62078822,233.0187653,219.9735172,164.5282111,184.755068,93.4982758,725.82348,59.78546027,11.08307742,3.387849748,10.23239887,2.70106691,1.612023132,2.535786028,-0.427078706,0.757093339,-0.322798495,-0.35874373,0.568304315,-0.392820125,-0.029659901,0.26043682,-0.022728452,-0.051383153,0.130129196,-0.047397425,-0.054602486,0.083417167,-0.04374428,-0.00608608,0.062113935,-0.008052979
fly,fly_02,6,1170,1199,0.080754003,0.099613266,0.115932066,0.091513037,0.117883038,0.104323893,0.087116645,0.07165005,0.045764586,0.095906595,0.089542821,0.429652034,0.209396075,0.389980697,1.101726413,0.95834699,0.974304694,0.040233791,0.819924383,0.889916814,0.182889115,391.3353091,401.257807,79.58963052,181.1136474,184.6837375,30.61593769,228.6614248,217.9378675,342.2532126,316.722973,177.9681202,739.02027,85.17928442,8.288443741,5.143524236,6.642856594,0.677348631,2.386944846,0.294064954,-1.060335301,1.066947921,-0.806662966,-0.088656473,0.480273364,-0.155821855,-0.157884703,0.265418718,-0.134353033,-0.018384618,0.191803638,-0.016683655,-0.049465952,0.085824586,-0.050359781,-0.00675973,0.063853114,-0.003410255
fly,fly_02,6,1188,1217,0.085909736,0.101458703,0.115283055,0.090924304,0.11924853,0.109244482,0.094157162,0.077512651,0.047605003,0.088984791,0.069671582,0.434700371,0.210172834,0.377931189,1.150210364,0.931330918,0.940896491,0.046978992,0.693984467,0.757816055,0.216458207,353.5290271,358.0654843,88.29787277,157.0496541,157.0004367,32.63588425,238.0547792,210.3911861,309.3229035,303.526182,144.2323673,580.658784,62.58477945,11.5089927,4.473497321,11.5684146,1.638624161,2.953765747,1.296359117,-1.633997672,1.334589195,-1.421020938,0.027942967,0.691379602,0.111713306,-0.187154361,0.349897717,-0.18357106,0.021445391,0.223894229,0.020778709,-0.075179413,0.133782895,-0.073788697,-0.005534683,0.097821532,0.008641122
fly,fly_02,6,1220,1249,0.054814193,0.072204021,0.089906439,0.075611245,0.10484684,0.102481111,0.095698959,0.087557062,0.060099856,0.132699382,0.124080891,0.372845635,0.180458085,0.50013615,0.745488274,0.929788938,0.929830965,0.036198124,0.703834562,0.719776726,0.162768652,321.7431288,305.825281,81.51941981,167.197851,167.8603222,32.1592213,224.9789523,214.7348569,237.9122332,224.345439,149.7686115,646.642737,52.88713789,9.761699578,3.684182566,9.457636122,1.927243073,2.561760841,2.39824923,-1.069856008,1.32453697,-1.144582905,-0.278241932,0.65907951,-0.326851175,-0.140056432,0.374482324,-0.124556368,-0.008318154,0.249058355,0.020155379,-0.095292407,0.123964524,-0.079203558,0.014964171,0.10080787,0.003628575
fly,fly_02,6,1260,1289,0.086831859,0.104997803,0.120326248,0.094095827,0.120250691,0.104836381,0.084519854,0.064943125,0.038298074,0.07526507,0.105635068,0.439509147,0.214346519,0.368661191,1.192176333,0.953919887,0.958554688,0.028067071,0.814274191,0.827281362,0.112085399,328.0892228,327.444608,52.42573345,182.7050757,182.4707229,20.63552698,233.4746901,218.6554506,222.7420908,211.148649,100.9751207,501.478041,58.98565471,6.865524266,2.32412335,7.089585448,1.889466321,1.309662863,1.922289604,-0.754347586,0.841631192,-0.683113377,-0.365827665,0.503356003,-0.401877018,-0.046863461,0.208035349,-0.04625754,-0.056047975,0.143564156,-0.048146806,-0.045610367,0.077229785,-0.045310141,-0.033835169,0.055774544,-0.026571123
fly,fly_02,6,1290,1319,0.08842163,0.104071812,0.115778138,0.088489395,0.111790549,0.09879832,0.084275642,0.071276615,0.046024723,0.094609225,0.096463952,0.414856401,0.200279943,0.392650157,1.056554782,0.948188827,0.953835741,0.03723641,0.78504701,0.803283234,0.149732097,332.4311448,329.3217328,68.17157189,175.3725802,178.0970275,22.39128344,225.748507,204.9394653,251.8490307,224.345439,131.767739,739.02027,60.98516844,7.012769983,3.086030251,6.873678461,1.870966813,1.757241221,1.843206354,-0.935267695,0.866031958,-0.824188486,-0.207262523,0.544123951,-0.205000579,-0.182504507,0.247894926,-0.159219424,0.005097945,0.135552944,-0.002322702,-0.089249524,0.096190675,-0.078305662,-0.01198966,0.065220406,-0.004578475
fly,fly_02,6,1355,1384,0.109886975,0.139007344,0.161397299,0.123695272,0.149405474,0.116073779,0.077920558,0.04625846,0.020691837,0.028461132,0.02720187,0.550571824,0.273100746,0.200533857,2.745530513,0.903314199,0.896786135,0.053209172,0.580871227,0.547421172,0.239527072,271.4846904,259.3425973,65.61439964,146.8940336,142.2779454,35.65254987,228.3101121,213.5556435,211.2719831,211.148649,117.2068434,739.02027,55.38653005,10.13931089,4.277112755,10.10634623,4.01896309,2.35571715,4.191779175,-1.332300439,1.221174442,-1.491826569,-0.387644708,0.539817601,-0.364185058,0.057375589,0.278679522,0.037065409,-0.1306528,0.22874638,-0.101830133,-0.04612559,0.13305274,-0.035446089,-0.01021644,0.085363199,-0.00706366
fly,fly_02,6,1365,1394,0.07228004,0.095572584,0.119081221,0.099744497,0.13627894,0.127572612,0.108492997,0.084215026,0.047004817,0.071035381,0.038721884,0.48267727,0.236023437,0.349470106,1.381168982,0.904918083,0.898324041,0.045653216,0.57687124,0.552546161,0.213802389,294.1286619,279.9114477,69.09790739,143.7252563,140.018181,33.07726327,229.5983814,208.2805723,240.2555886,237.54223,109.2630491,475.08446,49.38798892,11.59243219,4.551893113,11.67948629,3.353568985,2.496866082,3.400953536,-1.852418353,1.689929467,-1.786497279,-0.109508128,0.724393438,-0.185464403,-0.16647309,0.481135984,-0.062962451,-0.049324711,0.27693473,-0.029405783,-0.097965311,0.180930384,-0.07498576,0.004207046,0.105847739,0.0005676
fly,fly_02,6,1380,1409,0.040392497,0.053976159,0.073379058,0.070027252,0.113088793,0.129561219,0.133127744,0.120893295,0.074937023,0.122945963,0.067670997,0.386056322,0.183116046,0.519575022,0.743023251,0.933146118,0.931535593,0.039453095,0.712014374,0.722238397,0.177187189,340.2465994,344.4591296,72.89730005,165.8483361,165.5270513,33.5601956,236.4192165,223.6753711,265.7858281,277.132601,164.4317241,739.02027,71.68256683,9.328540119,4.35328429,8.772202602,1.731409131,1.908537369,1.798310345,-1.388477797,1.847224567,-0.82969975,0.071349074,0.727698462,0.030872351,-0.343658511,0.425747444,-0.278170125,0.047978422,0.206655859,0.051897034,-0.116640507,0.162501644,-0.090334137,-0.004049169,0.098799412,-0.005210841
fly,fly_02,6,1395,1424,0.048510183,0.061336545,0.076328398,0.066131138,0.096205874,0.099231159,0.095367885,0.086529004,0.057979526,0.130627985,0.181752303,0.337896569,0.162337012,0.552256702,0.611846932,0.934776574,0.93063077,0.031410439,0.7312506,0.721707671,0.130091796,409.4314739,377.0173449,118.5198587,167.5662192,164.3797977,28.04061651,231.9427092,217.9321296,405.400472,356.313345,228.2785398,739.02027,69.08319898,7.927451078,2.862339299,8.068974397,0.185074381,2.684327362,0.665983793,-0.819647851,1.541990188,-0.530929614,-0.0790755,0.563827515,-0.069487273,-0.204904683,0.356480448,-0.223171663,-0.036248237,0.191645005,-0.010146801,-0.048429637,0.092606777,-0.056066255,-0.017249113,0.083508109,-0.009265434
fly,fly_02,6,1410,1439,0.053902029,0.069662506,0.086431969,0.073250089,0.10273615,0.100800581,0.092164682,0.080350106,0.052722862,0.118557388,0.169421638,0.363218789,0.175986238,0.513216676,0.707729904,0.940800324,0.941444545,0.031842367,0.757538762,0.765082158,0.129804288,396.802804,362.7782492,112.8581421,168.9369386,166.0864287,23.2868991,229.6983071,209.9231541,361.1233897,290.329392,199.9840237,739.02027,44.18925317,9.042873181,2.294120444,9.179354342,0.322674456,2.579076757,1.061314061,-0.871570725,1.270818954,-0.928799656,-0.201392762,0.519368688,-0.207550719,-0.156349315,0.326150752,-0.159070215,-0.060295127,0.178330031,-0.066141189,-0.059531245,0.083032928,-0.071437699,-0.015253907,0.062082768,-0.013644239
fly,fly_02,6,1425,1454,0.067346701,0.084110866,0.100642428,0.08298689,0.114297596,0.111253943,0.101523754,0.086908931,0.054022379,0.100188247,0.096718265,0.409180857,0.197284486,0.439361576,0.931307788,0.954443008,0.961103917,0.030376589,0.810078325,0.844604153,0.127758004,347.6734138,350.9981044,54.3043022,176.5702981,177.7051721,23.1786724,218.5030892,209.5471159,274.7892461,263.935811,115.3698958,712.626689,64.38434172,9.982689193,2.195619087,9.931500805,1.518589239,1.425961857,1.435992057,-1.164620265,1.025897428,-0.985016916,-0.139397889,0.581600318,-0.260654064,-0.148481273,0.281319141,-0.135725575,-0.053888313,0.143918353,-0.054982643,-0.066372472,0.107627127,-0.065727617,-0.021647322,0.050715793,-0.019531417
fly,fly_02,6,1440,1469,0.090324958,0.102606441,0.112183935,0.086311183,0.112238795,0.104130008,0.092486055,0.078372097,0.048620196,0.089601617,0.083124715,0.414863921,0.198549978,0.392204681,1.057774018,0.944604929,0.952007937,0.040861799,0.774099944,0.803582694,0.160622386,335.7109106,336.3732279,68.25723118,175.3885904,178.6617781,26.36536809,219.671832,213.1241745,256.1657379,237.54223,147.3620222,739.02027,74.48188605,10.13455181,2.86869705,10.26988415,1.849259893,1.769733752,1.706644194,-0.94907046,1.133684539,-0.667686087,-0.148364055,0.67722057,-0.16852595,-0.092676579,0.281455634,-0.068858585,-0.028914788,0.139424207,-0.017842336,-0.068631277,0.110221406,-0.061104178,-0.01321461,0.055596942,-0.011267732
fly,fly_02,6,1575,1604,0.107121722,0.11433845,0.117509585,0.085943974,0.106731257,0.095092114,0.083292051,0.072089133,0.046648169,0.091811674,0.07942187,0.405276931,0.192675232,0.373262898,1.085768055,0.938627831,0.944187784,0.046297892,0.744786288,0.76844138,0.187420381,366.7487497,379.4409047,88.39233564,166.0035899,163.6936251,31.42462325,230.8135569,216.060891,302.416172,290.329392,156.9243621,739.02027,55.2865544,10.23303832,3.8715607,9.848019699,1.024401436,2.630169264,0.818330886,-1.335249502,1.21758976,-1.140188003,-0.16647052,0.65966722,-0.217749867,-0.12360642,0.344343209,-0.046059514,-0.014414822,0.209733404,-0.03113345,-0.090928076,0.130883181,-0.064651809,0.007839516,0.080071183,-0.003524276
fly,fly_02,6,1585,1614,0.072327011,0.077201708,0.080317197,0.060398674,0.079031878,0.077323975,0.077073432,0.078080478,0.059066722,0.151244515,0.187934408,0.297071726,0.139430553,0.553399555,0.536812368,0.914361054,0.921835055,0.043695758,0.635291159,0.652481651,0.181002056,419.6326189,432.1013286,126.7150836,146.0796569,141.7153074,28.23397016,231.5997024,195.780275,403.7971237,422.297297,194.5019501,725.82348,41.28995833,11.58590576,3.047252812,10.67674341,-0.618220257,3.688292443,-1.012681227,-1.251865963,1.582450002,-1.303815109,0.177609409,0.771584623,0.292053421,-0.27731057,0.393130285,-0.273233098,0.038487286,0.244069208,0.03163567,-0.129016214,0.1473788,-0.115162651,0.041032249,0.097783913,0.046562555
fly,fly_02,6,1600,1629,0.063517955,0.069788717,0.073695876,0.055212539,0.070977372,0.067946323,0.067829278,0.071669767,0.057808744,0.166110368,0.235443062,0.26783211,0.12618991,0.598861219,0.447235689,0.910034516,0.915606069,0.042002231,0.621641433,0.644658273,0.176694898,380.6482653,348.8235917,140.3648699,149.7492683,146.0623732,27.80884803,220.3093891,199.7894287,347.6799302,277.132601,212.0484666,712.626689,46.38871828,10.10953762,3.109200018,10.01540575,0.310217965,4.03395965,1.490151555,-0.829248799,1.351298278,-0.78331208,0.016656932,0.786403632,-0.044016916,-0.263898182,0.336269461,-0.234587135,0.053829257,0.198845722,0.042122076,-0.124378325,0.131175521,-0.12565932,0.027880927,0.095621083,0.030585835
fly,fly_02,6,1635,1664,0.036811323,0.041462096,0.045465031,0.036247224,0.052569286,0.062184499,0.078397883,0.098128642,0.084620157,0.232082007,0.232031852,0.19646604,0.08881651,0.725260541,0.270890293,0.92566423,0.918228579,0.040511166,0.682500181,0.665450683,0.176203714,388.9839559,394.8533,118.5090795,159.4377816,154.6511011,32.11658198,224.5677586,211.2813304,340.0331918,343.116554,198.5814886,739.02027,67.5835637,9.142614511,3.608506521,9.450850946,-0.031554524,3.632833152,0.190383393,-0.983964904,1.195841647,-0.799420384,0.104105,0.796783301,-0.040977776,-0.186579229,0.288677521,-0.194262942,0.065008968,0.226040313,0.043645028,-0.100752783,0.134962431,-0.087884604,0.008364192,0.089435826,0.009792202
fly,fly_02,6,1815,1844,0.12147573,0.138544187,0.147985542,0.107802844,0.127008633,0.099687506,0.071786261,0.049520928,0.027020192,0.0494209,0.059747278,0.482484525,0.234811477,0.257495558,1.873758633,0.932905965,0.939804285,0.048008119,0.725850216,0.760025414,0.197169304,296.6932447,285.8600088,65.27452166,173.6196629,171.8139054,31.79618691,226.033304,218.8229091,181.7950398,184.755068,106.517865,673.036318,59.08563044,11.68742988,3.65119887,12.07959004,2.831263148,1.817189805,2.784364069,-0.618263586,0.718405629,-0.618595367,-0.371558331,0.534087834,-0.334842783,-0.031356155,0.264936605,0.000520911,-0.033342079,0.150193071,-0.030329567,-0.064874177,0.099439705,-0.053780041,-0.003783688,0.057037925,-0.003479473
fly,fly_02,8,135,164,0.101178665,0.113318428,0.122670332,0.09354091,0.119565367,0.106805856,0.089302368,0.070213279,0.040833173,0.071580141,0.070991481,0.442582465,0.213106277,0.342920441,1.290627247,0.949580163,0.957466274,0.034900792,0.792727646,0.829937971,0.151249478,325.5953044,323.256352,56.80391131,183.7398725,186.8414147,26.76648272,229.6501339,215.8169166,202.6385688,197.951858,126.6678071,699.429899,62.48480379,9.93877986,3.495398878,9.116351974,2.032311299,1.589077064,1.96840781,-0.740636696,1.064846719,-0.513053612,-0.212923729,0.507417319,-0.286667643,-0.111117545,0.254210997,-0.125550602,-0.017733449,0.153836456,-0.014703236,-0.043846387,0.088452768,-0.037374028,-0.022734021,0.067063077,-0.022349428
fly,fly_02,8,150,179,0.099305006,0.109658933,0.117880081,0.090047422,0.116114276,0.105317835,0.08959081,0.071592149,0.042188191,0.075777434,0.082527863,0.429359613,0.206161698,0.361676447,1.187137335,0.9550674,0.960939013,0.034175221,0.819566666,0.845134403,0.138511377,332.1224139,324.2207218,66.10848146,189.8711993,190.1388649,23.03498002,229.659215,216.4468193,215.8353594,197.951858,179.6174015,739.02027,66.88373394,9.564398474,3.915319775,9.372786986,1.807357421,1.547527584,1.925174107,-0.521458234,0.89425271,-0.437931789,-0.312757275,0.503231317,-0.303173128,-0.078501399,0.21441149,-0.052704713,-0.011522403,0.135296252,-0.018184734,-0.048557998,0.081663036,-0.046638489,-0.020153754,0.061711443,-0.010779583
fly,fly_02,8,415,444,0.068584836,0.083970846,0.098329659,0.079352677,0.106733801,0.101607852,0.092445534,0.081625866,0.053814844,0.112895577,0.120638508,0.386023989,0.186086478,0.461420329,0.83659944,0.952181503,0.962573347,0.03412183,0.807311563,0.837465696,0.132902451,366.2093511,361.4594197,85.78424399,179.3288178,179.5639588,24.28700359,230.7760904,220.620707,295.3861061,250.73902,177.4192071,739.02027,65.08417156,7.122499485,2.744201031,6.343412594,0.976197111,2.131150101,1.1556476,-0.764629665,1.055120348,-0.608951152,-0.204525671,0.521717512,-0.229781609,-0.20156707,0.238126399,-0.204082207,-0.00082559,0.159344522,0.004536331,-0.07630639,0.08555551,-0.077004871,-0.020818881,0.056682054,-0.021662389
fly,fly_02,8,430,459,0.095234871,0.111918594,0.124142707,0.094409594,0.118018729,0.101798215,0.083158049,0.066288015,0.040608334,0.080042695,0.084380196,0.438369246,0.212428323,0.354477289,1.236663842,0.940536751,0.95323371,0.043905066,0.75815533,0.80529104,0.170253318,356.1883415,346.2596866,96.5944289,170.616541,171.8891538,26.96829418,229.141859,214.4242484,301.6761651,250.73902,177.4460078,739.02027,53.98687044,9.010119393,3.581344858,7.919634816,1.324508265,2.528434058,1.588418769,-0.894209971,1.082362175,-0.767246361,-0.152176175,0.558220855,-0.187723283,-0.17555543,0.275743028,-0.169422741,-0.010880534,0.172404113,-0.010830145,-0.074134203,0.092362624,-0.078103627,-0.014288435,0.070019943,-0.006915821
fly,fly_02,8,515,544,0.078232183,0.088265468,0.096221208,0.074582382,0.0997526,0.098949241,0.097520165,0.093389902,0.06408389,0.127127699,0.081875261,0.369505431,0.174334982,0.463996918,0.796353203,0.916429858,0.914246436,0.049101337,0.64282068,0.61197851,0.201840233,333.5289657,332.2643385,94.00240492,149.6063848,145.2861083,31.23287528,222.6727079,205.6100612,280.9559706,263.935811,160.8569905,739.02027,65.1841472,12.40866269,3.614743869,12.70973626,1.802032067,3.127416003,1.953062507,-1.657396829,1.459658399,-1.364736468,-0.111670622,0.692730508,-0.110199489,-0.156929569,0.424317183,-0.092198783,-0.010801405,0.235260811,-0.021786806,-0.104385219,0.167907064,-0.069479235,0.012965497,0.107321348,-0.003844635
fly,fly_02,8,530,559,0.086322032,0.094784152,0.099787634,0.074888997,0.097529971,0.09530439,0.094197215,0.091208184,0.063100383,0.125310097,0.077566945,0.367510992,0.172418968,0.451382824,0.814189136,0.903862687,0.909025888,0.049395394,0.590261677,0.590472282,0.200516375,313.7394555,300.7896939,96.86370901,142.7153338,139.5408775,29.25042299,219.6223063,196.6193873,247.655658,211.148649,149.967598,554.265203,59.68548453,12.3749484,3.303326553,12.66794833,2.291836438,3.422696218,2.563136724,-1.670723653,1.466091749,-1.257632227,-0.063180484,0.773116198,-0.042601156,-0.138974667,0.462036818,-0.069216502,0.021967155,0.234623429,0.022158356,-0.118444165,0.172077742,-0.092745655,0.021469719,0.11246479,0.020358513
fly,fly_02,8,545,574,0.125431202,0.142550168,0.152174088,0.111091734,0.131385259,0.103461698,0.074111603,0.049761257,0.025770748,0.041952365,0.042309876,0.49811278,0.242476994,0.23390585,2.129543917,0.915159931,0.922517106,0.047413276,0.643308014,0.67377064,0.201844848,280.2378263,274.3621788,56.87691085,158.4408012,157.5961093,31.83683766,233.3727481,210.0473254,189.1951092,197.951858,98.76580628,541.068412,58.3858006,10.18388372,3.711518257,10.24750488,3.472597222,1.976068964,3.172470813,-1.024781554,1.026060952,-1.000887502,-0.34513229,0.614426201,-0.294852652,0.019508363,0.299295111,0.020641943,-0.067344618,0.176875861,-0.026418417,-0.069235957,0.131824014,-0.063610362,-0.000617746,0.092537179,0.005859819
fly,fly_02,8,560,589,0.051150429,0.065303718,0.0804492,0.068618515,0.09911929,0.104016828,0.104844036,0.100851316,0.06959401,0.143736024,0.112316634,0.352203832,0.167737805,0.531342021,0.662857103,0.926025808,0.923511108,0.031235605,0.678528472,0.661445653,0.138714871,376.9005792,368.772781,91.83309754,147.9815916,142.9332059,26.28005179,229.6857018,203.2008708,346.0765819,356.313345,146.7606992,580.658784,48.38823198,9.731101157,2.783404031,10.04921954,0.500058741,2.931828482,0.98705238,-1.911272176,1.287842075,-1.849301892,0.1428755,0.733522413,0.180487138,-0.230944247,0.355228913,-0.238747862,0.028805293,0.226504335,0.024942766,-0.11054049,0.125464289,-0.109716107,0.012829339,0.098506613,0.015946866
fly,fly_02,8,575,604,0.057233281,0.072673117,0.087969529,0.073447186,0.103680045,0.106138344,0.104464561,0.097934473,0.065874952,0.130711591,0.099872922,0.371235104,0.177127231,0.498858499,0.744169147,0.929167764,0.924377702,0.033187382,0.69479429,0.66745386,0.146728899,395.3318907,399.5444203,85.00311834,148.7308493,142.9712523,25.71080574,224.541331,201.5516261,370.6201456,382.706926,129.6591419,567.461993,40.89005552,10.54378272,2.347682319,10.17958964,0.060790334,2.690498699,0.014601759,-2.047860234,1.364575315,-2.207143463,0.219288546,0.686597212,0.279734778,-0.293860877,0.306329229,-0.303839744,0.04475248,0.212341798,0.016066981,-0.105987021,0.115605562,-0.102612717,-0.001812273,0.101747257,-0.001970524
fly,fly_02,8,590,619,0.090592136,0.112688638,0.130748316,0.102247344,0.129858199,0.111963494,0.088725601,0.06594543,0.036795655,0.062607601,0.067827587,0.474817354,0.232105543,0.321901873,1.475037563,0.95896523,0.976490506,0.041300741,0.827989014,0.903860358,0.17632497,378.7169261,386.1697626,78.55894767,184.5238783,192.7168615,30.16063709,225.3359673,219.6818275,368.8934627,329.919764,212.2796546,739.02027,85.67916279,7.893095901,4.022481841,7.991547937,1.092270628,1.984201782,0.466404788,-0.928421585,1.103420496,-0.561209937,-0.241776947,0.461527161,-0.232895304,-0.08829692,0.20209787,-0.100408437,-0.054443943,0.140780207,-0.055441464,-0.043200837,0.084364609,-0.042171028,-0.031033347,0.059510074,-0.024812602
fly,fly_02,8,722,751,0.119560579,0.134013721,0.141964556,0.10381436,0.124388305,0.101064214,0.076162667,0.054628254,0.030102203,0.052784317,0.061516824,0.471231435,0.228202665,0.275194265,1.712359214,0.937898217,0.948031175,0.046868243,0.749288132,0.766977043,0.18164538,317.0726058,316.5010095,71.23076827,174.234088,173.1153535,29.8366368,226.0741886,217.5446301,211.1486486,211.148649,139.3379694,739.02027,70.38288296,10.59248584,3.135420812,10.72664317,2.320193701,1.891618781,2.325203204,-0.788252721,1.032630176,-0.65113105,-0.24213926,0.523818369,-0.243154729,-0.034549896,0.29093373,-0.004707121,-0.054571518,0.167187744,-0.053549809,-0.030283864,0.094110985,-0.025377557,-0.019679724,0.054725062,-0.013089816
fly,fly_02,8,870,899,0.087952094,0.100905879,0.110739629,0.084651925,0.108009386,0.096980031,0.083677613,0.071066326,0.046209369,0.099855691,0.109952056,0.400380972,0.192661311,0.410761055,0.97472963,0.921972036,0.926242126,0.047941321,0.660331971,0.680598831,0.207130684,390.6220095,393.3466557,119.1764264,150.8410389,149.1521293,30.42289431,225.2103898,207.5737919,376.9102046,369.510135,187.2545173,739.02027,54.48674883,10.84267137,3.752388909,9.723024275,0.457174184,3.713164827,0.359717895,-1.409791743,1.272067875,-1.087954944,0.101668406,0.766495179,0.1328719,-0.189718419,0.397247414,-0.207930723,-0.006227666,0.216650422,0.003236749,-0.111582969,0.158679451,-0.107726405,0.008599812,0.104939221,0.018948172
fly,fly_02,8,885,914,0.067146021,0.080436432,0.090851158,0.070526612,0.091376391,0.084769838,0.078009169,0.073234814,0.052971106,0.133938312,0.176740147,0.337524,0.161903003,0.514893548,0.655521906,0.927722308,0.929663862,0.044945342,0.682388607,0.694097634,0.199675575,421.9764849,435.1360469,121.9568446,157.0103007,151.0972912,30.79513015,214.2103525,205.6382053,441.04414,435.494088,211.7677975,739.02027,63.28460917,9.728667611,3.614809757,9.411574424,-0.203394872,3.618417251,-0.817044972,-1.134312773,1.266459549,-0.774247318,0.098534968,0.704960176,0.046082721,-0.222988434,0.416191952,-0.272754868,0.00107245,0.233697408,0.013074609,-0.102724451,0.164778723,-0.100611825,0.009018868,0.094047986,0.017143112
fly,fly_02,8,1440,1469,0.058782734,0.075331677,0.095677889,0.084332952,0.123696591,0.126043157,0.115321256,0.094332863,0.054429251,0.088732944,0.083318686,0.429750589,0.208029543,0.436135,0.985361387,0.947533383,0.940544675,0.026446102,0.783320139,0.760869153,0.109968171,342.7114199,346.8715586,52.96124096,168.8071308,167.534045,24.4726129,227.442324,208.9500233,286.2593537,290.329392,145.3345253,739.02027,59.08563036,8.992834771,2.538805106,9.548734287,1.532780011,1.281832488,1.488477199,-1.493944845,1.221984413,-1.365671649,-0.172817989,0.465877057,-0.17338679,-0.111671484,0.20420945,-0.109733087,-0.093134194,0.138629418,-0.105817968,-0.035191175,0.096529447,-0.040150022,-0.037125443,0.062860534,-0.029148491
fly,fly_02,8,1455,1484,0.105335906,0.11959606,0.129957663,0.098256977,0.122957102,0.10588934,0.084746754,0.06393367,0.036192281,0.063127965,0.070006283,0.457061082,0.221214079,0.318006952,1.437267578,0.939762569,0.933557796,0.038122201,0.759287921,0.732589895,0.153303692,317.4087707,311.5199717,68.97652287,176.7527053,180.1266913,26.78673987,224.5869354,215.0972831,219.4120596,211.148649,158.7712811,739.02027,63.18463355,9.704402244,3.133799362,9.802551468,2.132202089,1.680644266,2.169540799,-0.802690124,1.209701766,-0.47898562,-0.246170816,0.481883692,-0.202936772,-0.10201055,0.202303375,-0.096738102,-0.021128874,0.134633369,-0.00656374,-0.046921121,0.08842631,-0.044418789,-0.022071819,0.062961985,-0.014792581
fly,fly_02,8,1580,1609,0.083486357,0.09858052,0.11110489,0.086540431,0.111888772,0.101277521,0.087370205,0.073475763,0.046882544,0.096373844,0.103019151,0.410811615,0.198429203,0.407121508,1.009063895,0.94581581,0.949250694,0.035668338,0.771649072,0.792396613,0.151096083,367.9267526,357.8775409,88.18379342,168.7727885,168.2840364,26.57912948,227.2386771,216.3566462,300.0728167,277.132601,157.8922751,725.82348,55.98638416,7.958275762,2.869752918,7.419270553,0.85483908,2.468956842,1.183154848,-1.179456847,1.005740744,-1.026173154,-0.108983159,0.666757831,-0.194930665,-0.098722465,0.302310932,-0.072251719,-0.025818724,0.182857063,-0.016059695,-0.086421433,0.117429647,-0.070822296,0.004798762,0.070796012,0.010590586
fly,fly_02,8,1595,1624,0.092396516,0.108116413,0.120353704,0.092654918,0.118442012,0.105725207,0.0893207,0.072401333,0.043960656,0.082083185,0.074545356,0.43717584,0.21109693,0.36231123,1.206630664,0.933502627,0.937818128,0.040997649,0.709076539,0.733257183,0.187759819,351.8535403,338.760326,97.52176578,162.2293116,160.6819349,30.56896609,220.7002466,210.8850431,303.402848,277.132601,169.7232641,712.626689,59.0856304,8.549961991,3.222603781,8.478201209,1.388667029,2.941015293,1.747696533,-1.323812157,1.219494971,-1.138676583,0.071017838,0.661493094,0.022645013,-0.152526541,0.328893703,-0.14782357,-0.048558259,0.215965648,-0.035800587,-0.057226229,0.140173987,-0.047349027,-0.014487609,0.096183585,-0.005462656
fly,fly_02,8,1985,2014,0.058013576,0.075435363,0.095183435,0.082398653,0.118303981,0.118479441,0.108389559,0.090915376,0.054954664,0.098973975,0.098951978,0.41436551,0.200702634,0.452185552,0.916361675,0.951282894,0.951164385,0.027366461,0.794758722,0.799804072,0.121384569,354.4525022,353.8915009,53.22258171,169.8372135,167.6275251,25.758058,230.7861615,214.6579916,292.5494128,290.329392,113.1284026,739.02027,56.58623829,9.437825648,1.712379733,9.699851607,1.262997024,1.590096817,1.344488123,-1.502692847,1.124624554,-1.472082125,-0.145763299,0.506120234,-0.188617202,-0.111187522,0.260903639,-0.093288895,-0.098670513,0.144839631,-0.084340751,-0.048793393,0.093038016,-0.050703705,-0.017284872,0.059434625,-0.013228285
fly,fly_02,8,2000,2029,0.103441761,0.116224786,0.125025377,0.093728911,0.116312108,0.099390474,0.079592297,0.061353594,0.036422108,0.071921446,0.096587136,0.434456871,0.21004102,0.345876582,1.256103748,0.953499921,0.961546995,0.035496387,0.814765025,0.844314445,0.135560433,333.4418212,328.4107319,55.58750793,182.2442446,182.3689504,22.43205884,229.1051115,216.6334498,222.8654253,224.345439,104.3449584,448.690879,58.48577635,9.604122453,1.883590994,9.196391949,1.851332876,1.434639621,1.797050076,-0.791877643,0.842154755,-0.758309994,-0.308971905,0.468924208,-0.366685815,-0.039511926,0.199720345,-0.017380568,-0.060056246,0.129067937,-0.062324053,-0.051943498,0.075352439,-0.05400096,-0.016483236,0.043847195,-0.015437689
fly,fly_02,8,2015,2044,0.113020264,0.128886214,0.139347514,0.103649471,0.125675156,0.102419438,0.076383758,0.053910392,0.029618125,0.054565377,0.072524291,0.471091578,0.229324627,0.287001943,1.641422956,0.943595614,0.945623045,0.040196052,0.772309659,0.784900185,0.159076915,310.8321002,301.1265033,58.61511348,179.2804404,181.8186787,25.49585196,228.2360281,214.5461753,196.4718442,211.148649,98.03952762,448.690879,60.48529006,9.73986608,2.547775708,9.113861819,2.398212288,1.488833821,2.57083223,-0.663072215,0.828633421,-0.585812069,-0.340567734,0.434858538,-0.377501023,-0.041787426,0.198623711,-0.060677879,-0.039133629,0.127026083,-0.041688466,-0.04802173,0.076990461,-0.048266608,-0.0204801,0.040616507,-0.021767821
fly,fly_02,8,2225,2254,0.078489307,0.09246339,0.104101247,0.081287001,0.106066573,0.098151129,0.087813554,0.077334716,0.051342993,0.109070839,0.113879251,0.38960595,0.187353574,0.439441352,0.886593737,0.95243448,0.95849166,0.030801754,0.806995564,0.840077527,0.130556166,358.3500347,349.1850074,82.10708153,183.8256179,184.2762889,27.75047467,234.4094386,224.0628598,256.2890723,211.148649,174.9525186,725.82348,71.3826398,7.979874552,2.791252084,7.323275174,0.981112122,2.223915825,1.433692354,-0.662240844,1.052061069,-0.632236334,-0.052466736,0.580400418,-0.188232555,-0.147938667,0.238905685,-0.137013355,-0.009229432,0.154458592,-0.012736391,-0.048821465,0.103114342,-0.043442833,-0.013732245,0.073378222,-0.0130686
fly,fly_02,8,2235,2264,0.078716437,0.096026028,0.110604963,0.086874617,0.112223313,0.100807893,0.086330697,0.072761354,0.047010975,0.099203153,0.109440569,0.410510786,0.19909793,0.414746749,0.989786629,0.957232037,0.965011661,0.031699589,0.821238132,0.864441716,0.13906208,370.6442541,364.7393172,77.42133748,183.6050796,187.1595041,28.87491923,233.6078715,224.9974098,275.1592495,237.54223,167.0083289,712.626689,64.48431747,8.785388264,3.00373911,8.336329705,0.80341541,2.194485491,1.033213168,-0.780579027,0.981750936,-0.645730477,-0.077805897,0.634180908,-0.086824514,-0.116311949,0.24204219,-0.094811514,-0.00403229,0.155752483,-0.007076447,-0.065610648,0.100727463,-0.055085287,-0.005500335,0.071992997,-0.004776626
fly,fly_02,8,2370,2399,0.090863327,0.107330788,0.121525305,0.09549387,0.124941671,0.114049839,0.096914717,0.076661413,0.044110865,0.072199265,0.05590894,0.456010685,0.220435541,0.3457952,1.318730525,0.935288272,0.930710742,0.043298413,0.710456693,0.723051973,0.202557556,335.6370257,322.7619999,76.79893753,161.7827382,160.117461,31.26597007,215.2228,210.1506348,284.6560053,277.132601,143.3550064,739.02027,79.4806703,8.923032236,3.657591991,9.012084183,2.113409994,2.327100992,2.267465165,-1.573548433,1.274590748,-1.461478768,-0.005858775,0.609550796,-0.047426137,-0.13786392,0.285607682,-0.143261377,-0.082265393,0.183538239,-0.070650582,-0.03619049,0.1195131,-0.041491276,-0.039295178,0.083133874,-0.027150623
fly,fly_02,8,2545,2574,0.035519612,0.042927768,0.05252396,0.046812844,0.074278596,0.090163179,0.106351052,0.117635167,0.089355346,0.199666953,0.144765524,0.263778579,0.12109144,0.657774042,0.401017009,0.933648708,0.928155075,0.031896889,0.715217256,0.700766727,0.142285506,384.0597385,386.99966,84.81810066,157.9085358,154.4434815,31.10172496,232.1825019,218.9882497,325.6030564,329.919764,160.3447383,580.658784,49.38798885,9.006190578,3.301406416,9.386334201,0.194885575,2.67869105,0.479399925,-1.631801344,1.461671199,-1.468675731,0.149499816,0.767922707,0.068641911,-0.261486773,0.364138362,-0.234981709,0.080125354,0.268891573,0.060225325,-0.120762617,0.142696923,-0.108281383,0.038513013,0.11960406,0.020854717
fly,fly_02,8,2560,2589,0.044636298,0.055325132,0.06825476,0.059778992,0.090385906,0.100973243,0.108271359,0.109660046,0.078223152,0.164765666,0.119725447,0.3193929,0.150164897,0.580645669,0.550065069,0.938121018,0.932633468,0.037023217,0.726474647,0.680221183,0.168839194,409.0550148,426.5979518,84.39386108,159.4226976,152.3887282,33.93842336,236.5874609,217.9763274,388.3803122,409.100507,179.326327,739.02027,81.98006251,10.59724904,3.871414277,11.09296125,-0.159263822,2.635462297,-0.442622777,-1.655981518,1.513619693,-1.579874381,0.253459374,0.707917649,0.251713937,-0.323081148,0.351545891,-0.273918543,0.092062484,0.251829664,0.046636015,-0.12313004,0.147478226,-0.100223291,0.038584752,0.111924927,0.01901398
fly,fly_02,8,2650,2679,0.056074952,0.075800889,0.099215953,0.088224794,0.129254386,0.131177178,0.120028226,0.098842961,0.057410764,0.090411788,0.053558109,0.447872311,0.21747918,0.420251849,1.065723594,0.927109686,0.916975177,0.042693372,0.680857381,0.662432189,0.195444801,324.6321861,326.0221969,74.98800356,159.3425451,152.1989213,34.84876988,230.0559766,216.1726279,260.1124416,250.73902,162.0230215,739.02027,71.18268839,12.18364387,5.115174711,13.94980741,2.233512979,2.202176397,2.416072922,-1.522528202,1.595766499,-1.2760468,-0.159685709,0.682913391,-0.186387165,-0.153485334,0.439045658,-0.093330554,-0.053831031,0.223635794,-0.037683645,-0.091208559,0.170505557,-0.059121226,-0.003716411,0.080814426,-0.001434661
fly,fly_02,8,2665,2694,0.019123826,0.028219092,0.041148402,0.041232964,0.070643799,0.089232477,0.105936182,0.117119454,0.08993804,0.213711291,0.183694474,0.242257642,0.111876763,0.710399441,0.341016093,0.925583163,0.921577883,0.038711709,0.661797051,0.639418775,0.186734169,390.4846306,383.2540242,102.9847726,152.0417918,147.2881681,32.34784414,222.634974,206.9255091,359.3967069,356.313345,168.7879093,699.429899,55.58648136,12.22933707,4.563041644,13.20944091,-0.17344922,3.549668654,0.597792199,-1.638139687,1.430881354,-1.408065476,0.253412647,0.850497331,0.150478203,-0.241610486,0.432096194,-0.197080619,0.060721479,0.296281544,0.053578812,-0.147000487,0.169870502,-0.149202829,0.024874105,0.117952962,0.015950983
fly,fly_02,8,2680,2709,0.019853022,0.027628789,0.037528812,0.035499244,0.058556754,0.073635147,0.090827069,0.107537566,0.088664854,0.234050198,0.226218545,0.205219957,0.094055999,0.747298231,0.274615874,0.922875433,0.914719249,0.03993815,0.645833204,0.61844157,0.190870448,395.7358786,395.0504208,105.6805827,148.1615241,140.0519357,32.35157487,232.0700289,210.008808,377.4035426,395.903716,164.6175918,673.036318,61.98492524,11.76229884,3.662114272,12.75348516,-0.126040553,3.700144961,0.001107204,-1.70797481,1.425832169,-1.466192064,0.26526817,0.825187345,0.328137952,-0.286733848,0.404876603,-0.263609543,0.08155448,0.287588381,0.082750547,-0.143196085,0.153527266,-0.129637977,0.021166174,0.116896334,0.017021312
fly,fly_02,8,2795,2824,0.097320179,0.107854944,0.113132207,0.08257738,0.100482729,0.086466037,0.07382245,0.064597291,0.043993542,0.100938915,0.128814326,0.382658353,0.183060109,0.412166524,0.928407164,0.930061137,0.930954734,0.037338536,0.714806184,0.715233389,0.152448413,355.6502591,337.5793448,118.3288043,166.8447551,167.9681588,27.6852081,229.8881001,219.6794148,294.7694336,224.345439,216.5733985,739.02027,75.88154567,9.901161081,2.794000212,9.867230087,1.099458216,2.999830012,1.606632505,-0.668901043,1.111235211,-0.454199483,-0.128438508,0.662007758,-0.188307116,-0.144083802,0.328701282,-0.106769085,-0.003137833,0.147794229,-0.007302617,-0.073439589,0.10911087,-0.068682159,-0.001296165,0.072548523,0.000248971
fly,fly_02,8,2810,2839,0.11409814,0.125168038,0.12947279,0.092944664,0.110337213,0.090722496,0.07198487,0.056977665,0.035275465,0.073405645,0.099613013,0.423477164,0.203281878,0.337256658,1.255652496,0.937528302,0.942042974,0.038650085,0.744928832,0.771345569,0.162256438,322.8743126,306.4934734,102.9313942,178.9784699,179.9495696,28.31726831,227.2828195,217.0276478,202.8852377,184.755068,200.7618858,739.02027,73.88203198,10.69357793,2.81439116,10.52635464,1.839557876,2.465012863,2.123926577,-0.43764311,0.947309387,-0.236914375,-0.166728341,0.542907845,-0.185813486,-0.096830522,0.293405889,-0.059091589,-0.029623968,0.134728902,0.000664869,-0.035672609,0.091785698,-0.036664277,-0.015710236,0.067282803,-0.00486979
fly,fly_02,8,3055,3084,0.122745131,0.139569254,0.14821905,0.107221014,0.125400821,0.097919964,0.0708251,0.049733969,0.027702902,0.050968826,0.059693969,0.47876085,0.232621835,0.258924765,1.849034599,0.937381716,0.951195093,0.048683338,0.753803369,0.802588623,0.192805739,301.0366958,302.9041952,65.35180064,184.755191,185.8835342,30.48970725,228.5723312,220.4840667,157.991483,171.558277,109.5641334,593.855574,66.58380696,9.403246897,3.758454894,8.381532232,2.639940534,1.729381648,2.447793616,-0.268677119,0.832437505,-0.183466684,-0.367804536,0.474391536,-0.303263047,-0.083965908,0.229040778,-0.041685104,0.006983728,0.143448381,-0.001028309,-0.05192751,0.102583965,-0.035335422,-0.023829529,0.059546427,-0.016200913
fly,fly_02,8,3155,3184,0.048750534,0.057538808,0.0704974,0.063520174,0.100138404,0.115300457,0.122233361,0.116783221,0.076711312,0.139307721,0.089218607,0.349456435,0.163658577,0.544254223,0.642083093,0.944433316,0.94280181,0.036510687,0.756602805,0.758258512,0.165598981,391.9413504,403.6310415,66.93362281,163.7220857,155.9038099,33.16370408,232.8875006,215.8296687,351.0099615,382.706926,152.3242393,739.02027,62.9846821,9.93726981,3.906069021,8.776777798,0.365022603,2.037487237,0.09045327,-1.809564568,1.582312132,-1.735464004,0.185497427,0.549006018,0.233579109,-0.331602512,0.382272652,-0.365253098,0.030471409,0.187701879,0.037104626,-0.099516179,0.129297884,-0.097155161,0.003795026,0.084467182,0.007348902
fly,fly_02,9,1415,1444,0.093580729,0.110220807,0.123304794,0.094846442,0.120031446,0.104543056,0.08516437,0.066408255,0.039307567,0.073949316,0.088643218,0.442725738,0.214877888,0.353472725,1.252503253,0.950690305,0.957862927,0.037194281,0.800061206,0.831115156,0.151129348,332.508002,334.6249363,63.31434255,183.0538543,183.8765187,28.65321816,238.0172588,223.4936426,208.9286278,197.951858,131.7042882,725.82348,69.28315041,9.49501065,2.790157258,10.0046793,1.901619312,1.562065328,1.742654465,-0.6791923,1.025270905,-0.490731888,-0.23654618,0.565189918,-0.288364322,-0.065152581,0.214895381,-0.070231366,-0.065633975,0.140167036,-0.047239293,-0.050519992,0.078802396,-0.04370637,-0.024493944,0.055868458,-0.02089116
fly,fly_02,9,1430,1459,0.095453276,0.11401938,0.127259386,0.096265044,0.118279079,0.098668587,0.077161869,0.059090654,0.035589226,0.073171441,0.105042057,0.440472097,0.214544123,0.350055247,1.258293086,0.958311287,0.966693664,0.032868452,0.833181347,0.870217932,0.132016618,341.3016304,339.9661979,61.59761419,188.2543088,189.1698584,24.68781178,235.4644249,223.0548694,218.1787146,211.148649,124.4570256,712.626689,61.98492529,8.851023896,2.398958534,8.928303325,1.637834505,1.536120712,1.515838368,-0.575503994,0.8312017,-0.476011052,-0.325781316,0.496333762,-0.329097596,-0.075710566,0.194530923,-0.078873242,-0.054203057,0.126061811,-0.040571917,-0.05287719,0.066438562,-0.050705756,-0.024297577,0.044526746,-0.021235966
fly,fly_02,9,1445,1474,0.059924657,0.075537065,0.090401458,0.073865121,0.100037875,0.095529177,0.087069224,0.077537949,0.052241068,0.118776926,0.169079478,0.359833632,0.173902997,0.504704646,0.712958826,0.973707831,0.979661363,0.020837972,0.89210466,0.916600197,0.084619244,398.1052763,397.2216476,64.48176489,189.9194513,188.2569711,18.93153568,234.354047,221.0571756,349.2832786,329.919764,179.6236502,739.02027,62.78473073,7.764995917,1.793229912,7.658527951,0.355245587,1.490076821,0.266545329,-0.747621186,0.769763129,-0.666846036,-0.1637398,0.458684924,-0.139565495,-0.150617645,0.217786381,-0.136736207,-0.051838139,0.107899672,-0.05686941,-0.058896141,0.062499376,-0.059771995,-0.017800847,0.038414127,-0.015400994
fly,fly_02,9,1765,1794,0.141389979,0.142905814,0.13633617,0.091916305,0.103535634,0.081224492,0.062713928,0.049442739,0.03099632,0.066327624,0.093210994,0.413012601,0.195451939,0.302691606,1.364466649,0.959195125,0.973037908,0.041998219,0.840334454,0.896240855,0.153292326,356.8824053,360.2676893,74.49199231,186.7563646,186.6809841,21.97799059,231.6780217,216.3155976,256.165738,250.73902,140.846137,739.02027,76.28144842,6.222585398,2.798682222,5.340675448,1.373148127,1.813308015,1.134816258,-0.661818649,0.684424235,-0.611050845,-0.293834115,0.428011281,-0.254084337,-0.091755363,0.190404861,-0.097881149,-0.034598954,0.102039105,-0.024655014,-0.055223463,0.070085148,-0.048882408,-0.02388642,0.045866693,-0.018736296
fly,fly_02,9,1795,1824,0.05214069,0.070064116,0.090523782,0.079671689,0.11652518,0.120028765,0.113969367,0.099610351,0.062011763,0.110504053,0.084950244,0.406749416,0.196196868,0.471045778,0.863502942,0.943378096,0.942458204,0.032252789,0.748744475,0.757465388,0.152260584,361.4760636,365.7072122,62.43498452,162.1424339,160.1328438,29.19944845,226.9060599,214.5920217,311.7895934,303.526182,118.4697033,646.642737,57.18609242,9.514226594,2.599211328,9.564166326,1.181501373,1.874656812,1.009787675,-1.798183509,1.386046376,-1.822073446,0.080220886,0.612999983,0.037336762,-0.278007443,0.340632909,-0.260504173,-0.047314642,0.208706037,-0.034614194,-0.083139318,0.128516771,-0.081276458,-0.025356907,0.085811912,-0.01835127
fly,fly_02,9,1975,2004,0.081435025,0.102004873,0.120949501,0.097365116,0.128120663,0.115339592,0.095225196,0.073254684,0.041829998,0.072186191,0.07228916,0.461774872,0.225485779,0.354785229,1.301561716,0.953591464,0.95972142,0.038632992,0.803308755,0.847096176,0.171002436,356.9535658,359.6120606,71.37821537,179.9985217,184.4357698,30.41368453,234.4968754,218.3333418,276.7625979,263.935811,146.0234648,739.02027,68.68329621,8.04450759,3.775905188,7.596674321,1.447284785,1.958179764,1.063500609,-1.046141251,1.092302974,-0.902029511,-0.191016857,0.523115277,-0.230513021,-0.087489614,0.241382323,-0.08967249,-0.069739903,0.170279433,-0.072475956,-0.040645712,0.098281621,-0.038065761,-0.020296876,0.065456977,-0.022867035
fly,fly_02,9,2490,2519,0.109662668,0.123584768,0.133443157,0.100389731,0.124841852,0.106291481,0.083521916,0.061501019,0.034096276,0.058890089,0.063777042,0.464966222,0.225231584,0.301786342,1.540713271,0.950569208,0.970944874,0.047291678,0.795012944,0.883206728,0.197282533,340.8102564,342.8809035,78.29576157,185.5436312,193.4740206,32.2143531,232.7829032,222.9356487,222.6187563,211.148649,178.1829132,739.02027,96.77646407,9.075358648,4.324526001,7.905216911,1.885063885,2.009260712,1.543912283,-0.598793001,0.996879462,-0.409828532,-0.234510365,0.531443464,-0.224558582,-0.094717106,0.251143342,-0.077076885,-0.018473583,0.155418424,-0.012446956,-0.051286815,0.102781999,-0.045051136,-0.010488016,0.072543239,0.000983246
fly,fly_02,9,2505,2534,0.080527209,0.097065323,0.113487427,0.092289354,0.125084886,0.118207809,0.102875191,0.082439849,0.04772066,0.078723839,0.061578454,0.449069476,0.21737424,0.373337992,1.202849659,0.941898277,0.951379029,0.042717463,0.748128415,0.787744057,0.190840272,336.3128956,333.9644184,71.97189023,170.9427342,172.173273,32.54846217,231.3605246,219.1893987,260.3591105,250.73902,148.2514649,739.02027,85.9790899,11.23907506,3.670647592,10.95641861,1.937355383,2.102308193,1.8386996,-1.181419779,1.272843819,-0.973781789,-0.056116477,0.601767764,-0.086640834,-0.13482281,0.334258857,-0.118800928,-0.05263434,0.192818244,-0.025188446,-0.053484435,0.123037084,-0.04624054,-0.012873599,0.08062839,-0.003225189
fly,fly_02,9,2520,2549,0.070939834,0.08966133,0.109403685,0.091663999,0.126962977,0.121822396,0.106712354,0.085658088,0.049662675,0.082671562,0.064841101,0.449853057,0.218626976,0.389545779,1.154814353,0.934340262,0.936794078,0.039871825,0.719769427,0.745313926,0.175561109,321.6029916,313.4345512,68.02027514,165.2973294,170.8905529,29.3016882,231.5866973,212.0223497,250.3690168,237.54223,115.3071556,501.478041,60.18536296,11.35756179,3.034072747,10.74054124,2.206092411,2.022052396,2.290650436,-1.266193059,1.298793386,-1.120778517,-0.168781029,0.570822935,-0.246925586,-0.15250965,0.334276319,-0.115911901,-0.042119212,0.207971414,-0.01994969,-0.061243935,0.116460794,-0.05763383,-0.024445437,0.085165015,-0.026601992
fly,fly_02,9,2535,2564,0.064234367,0.08001537,0.094980224,0.076964546,0.10278658,0.095956377,0.085673961,0.076174783,0.052382554,0.123563648,0.147267589,0.370687727,0.179751126,0.485062536,0.764206056,0.922544034,0.921471151,0.041422026,0.671074025,0.66834517,0.184631294,369.2362653,354.3011397,126.2448306,160.2916768,160.3048648,31.56383443,231.7290146,213.9238017,327.5764082,263.935811,209.2887266,739.02027,55.98638415,10.84214799,3.822720807,10.69555657,0.86751905,3.467350793,1.41616845,-0.929433497,1.431830012,-0.878992861,-0.108109505,0.696143713,-0.201947999,-0.18105786,0.350864149,-0.167419767,0.014058825,0.23220029,0.004839177,-0.082619165,0.12840139,-0.064076508,-0.00279167,0.096063603,-0.00744287
fly,fly_02,9,2550,2579,0.044365939,0.056419981,0.067995182,0.05591251,0.076880566,0.076966757,0.077859701,0.0816116,0.064616536,0.176060581,0.221310647,0.277755015,0.132793076,0.621459065,0.446940162,0.928339459,0.931041557,0.038172365,0.692431084,0.70640708,0.170614302,439.6218354,454.6332953,121.5888391,160.3834978,159.9378241,30.40256315,236.9855991,213.2739676,444.7441747,488.28125,206.0723878,739.02027,63.28460915,8.859048471,3.749350136,7.626939597,-0.759232712,3.359588574,-1.520283788,-0.796067186,1.370155008,-0.712618361,0.145177841,0.730616661,0.183798217,-0.279831014,0.377519722,-0.352749167,0.047708802,0.229122545,0.028008074,-0.108753661,0.128874703,-0.100672559,0.023805344,0.100430316,0.01714151
fly,fly_02,9,2565,2594,0.06422442,0.082748529,0.10021204,0.081924486,0.109862079,0.102594467,0.090805213,0.078725254,0.052162252,0.114813789,0.121927471,0.394593073,0.191786565,0.458433978,0.860741332,0.929175589,0.922008991,0.033294979,0.702351711,0.68787689,0.138815503,352.6010257,335.0699942,107.3689326,158.8244897,157.1246932,23.25149422,231.0781548,205.8414198,313.3929417,263.935811,172.985066,659.839527,57.58599504,9.051850238,2.630996657,8.879601022,1.123051773,2.948242524,1.882007171,-1.073720995,1.14938896,-0.905738242,-0.155492718,0.716433493,-0.255075378,-0.161211399,0.35111452,-0.109526039,-0.003095503,0.204798525,0.012791342,-0.099879703,0.107340604,-0.119675829,0.008444234,0.077153318,0.004298501
fly,fly_02,9,2580,2609,0.169993488,0.176551897,0.170454991,0.113316514,0.121347622,0.084608906,0.053640718,0.032543209,0.016058923,0.027180617,0.034303115,0.489728032,0.234664136,0.163726583,2.99113329,0.897831578,0.895565645,0.050277309,0.590834416,0.568470787,0.189437804,261.5552794,254.2942301,57.88367711,150.0990201,150.7275709,28.1538167,223.4663937,199.6153972,180.5616949,184.755068,86.62737283,409.100507,49.18803752,12.10217274,2.814403244,12.15347273,3.934660264,1.853966687,4.024580121,-0.832046267,0.945192757,-0.699261467,-0.584216742,0.579046386,-0.659304981,0.068642735,0.251272132,0.069167638,-0.048493393,0.188566706,-0.049000761,-0.083977519,0.114172401,-0.075800181,-0.00680092,0.066464398,-0.000739401
fly,fly_02,9,2595,2624,0.150208682,0.164841584,0.168578448,0.117638385,0.131652897,0.095762461,0.062138515,0.037261584,0.017512718,0.026399921,0.028004804,0.513632191,0.249291282,0.171317543,2.998129572,0.898220251,0.898651672,0.054486096,0.583182554,0.557131555,0.214665197,265.5078516,259.1814124,57.65469363,148.0099666,147.4016947,32.43459848,230.1179724,205.4044779,185.9884124,197.951858,80.57476689,329.919764,47.08854814,13.0296272,3.211360245,13.65085856,4.041385539,1.989864678,3.96692408,-1.03009818,1.084760829,-0.868994522,-0.526880032,0.477445163,-0.573103809,0.037267244,0.300916673,0.04667185,-0.068602724,0.207941064,-0.072422115,-0.072809105,0.117336874,-0.055526043,-0.010916211,0.071108568,-0.006847303
fly,fly_02,9,2610,2639,0.101975613,0.129374603,0.150700583,0.116153388,0.142040275,0.113498537,0.080335212,0.052133217,0.026050528,0.041721463,0.04601658,0.522392784,0.258193663,0.246257,2.121331711,0.936058754,0.94269376,0.045051397,0.733927986,0.776704594,0.19642225,305.7352186,301.906985,54.71755528,175.0445987,176.9876149,32.47881172,239.7338373,221.6514034,195.1151648,211.148649,78.99500892,369.510135,50.58769715,10.99320785,3.572427144,10.06997045,2.761087614,1.755119217,2.587675621,-0.805687068,1.054542347,-0.687686175,-0.420819071,0.440171442,-0.393257516,-0.043411358,0.276519981,-0.038733582,-0.050171014,0.174060164,-0.049950831,-0.062657409,0.099997089,-0.052915515,-0.022402815,0.061968524,-0.017289742
fly,fly_02,9,2625,2654,0.079467101,0.092545048,0.101746814,0.076766516,0.095300273,0.08235186,0.069770015,0.061840868,0.044459513,0.119026753,0.176725241,0.356165462,0.172066789,0.471822389,0.754871897,0.937793075,0.941447363,0.040583545,0.745454034,0.75617486,0.167101761,369.9463103,360.4286025,112.3986876,171.0435275,168.6067262,29.20386507,241.6683983,216.6093677,289.9593884,237.54223,195.9338403,725.82348,55.88640849,9.345285064,2.599262755,9.251637209,0.552350517,3.029107891,1.167062035,-0.65294675,1.054885141,-0.442585003,-0.145981376,0.600241687,-0.220085781,-0.214697559,0.284796955,-0.190719566,0.007225293,0.13895577,0.014125993,-0.093698487,0.091100746,-0.093499311,0.00241329,0.061777263,0.005787589
fly,fly_02,9,2640,2669,0.085393876,0.114289691,0.138100955,0.108546224,0.133987925,0.107363554,0.076517296,0.052139288,0.029522313,0.065018073,0.089120806,0.487998658,0.242534149,0.312317775,1.562506831,0.91925446,0.929190151,0.048528334,0.644895095,0.700880775,0.22398822,354.6537413,347.3505605,122.1203173,151.9817518,150.7605522,35.63969275,241.3192041,221.3685945,307.1028827,237.54223,182.9463807,739.02027,53.48699199,10.04705361,3.713559361,9.606766673,1.388326682,3.839553584,1.432262099,-1.198035808,1.270006236,-1.146087924,-0.157956947,0.608974283,-0.239889463,-0.134135021,0.358459667,-0.135546455,-0.087908945,0.235875948,-0.039269493,-0.074937533,0.128058335,-0.082741843,0.004474423,0.083368313,0.006519963
fly,fly_02,9,2950,2979,0.078799676,0.106018355,0.131356267,0.107420296,0.140629834,0.122959985,0.096200784,0.068725971,0.036442568,0.057532241,0.053914023,0.502366382,0.24805013,0.312815587,1.605950609,0.953771384,0.972923847,0.047354596,0.791197125,0.887301859,0.219131473,376.3316584,377.8629767,80.40985234,178.0981264,187.5139498,35.57953729,226.45362,216.0058648,372.7168319,316.722973,206.2035879,739.02027,95.37680435,7.618719757,4.026715728,6.001777464,1.351048826,2.382884165,0.712476924,-1.253097558,1.255409311,-0.807268189,-0.138364154,0.477656942,-0.183831472,-0.154797864,0.279783678,-0.183005796,-0.068258291,0.164048067,-0.046502383,-0.054290403,0.108546065,-0.052286477,-0.032740007,0.075477706,-0.023989644
fly,fly_02,9,3035,3064,0.055502266,0.064265434,0.074481646,0.062220344,0.090071687,0.096148985,0.099316253,0.098344893,0.069940902,0.153113025,0.136594564,0.322922662,0.15229203,0.557309637,0.579431326,0.932449334,0.928929206,0.036737074,0.707868801,0.706094973,0.158930818,375.0835617,372.7420644,95.6837655,158.6434914,159.0854688,29.2528247,228.3224242,216.1795624,334.8531432,343.116554,157.4745665,673.036318,64.28436611,10.55694741,2.928834166,11.40868366,0.547574893,3.009631666,0.891290363,-1.455841127,1.271986022,-1.467191229,-0.002132362,0.799716266,-0.050565553,-0.139846921,0.381759437,-0.182038294,0.04360103,0.245219395,0.060702909,-0.110482217,0.135068207,-0.089763653,0.02366438,0.087835548,0.02317199
fly,fly_02,9,3050,3079,0.075695951,0.086650141,0.094404637,0.072090689,0.093984374,0.090496885,0.087980662,0.085405481,0.060722432,0.133260167,0.119308581,0.350976585,0.166075063,0.486677323,0.721168973,0.93515406,0.935782481,0.036989992,0.722846019,0.726265649,0.160663399,373.3741179,371.0073939,94.18592619,163.7338516,159.4792084,31.955137,223.977142,215.1807214,296.372782,237.54223,173.0163095,620.249156,61.78497396,11.30478251,2.585072669,11.53206206,0.5227461,2.935459405,0.943684341,-1.304977426,1.342810227,-0.801714004,0.051943712,0.725241565,-0.05774281,-0.212030497,0.317639982,-0.192215324,0.055183958,0.225148796,0.058258442,-0.10170865,0.132926042,-0.080776892,0.009545825,0.090377747,0.010101891
fly,fly_02,9,3145,3174,0.020984365,0.029730811,0.04074311,0.038218194,0.061160117,0.072873986,0.084879904,0.09658271,0.078768388,0.216044332,0.260014082,0.212995408,0.099378311,0.736289416,0.28928218,0.922918256,0.917369381,0.044352803,0.646001301,0.640833781,0.213932823,475.3489053,482.0075957,101.6438127,147.8971794,139.59933,33.74905212,225.8645147,209.419449,491.1179433,514.674831,166.3844583,739.02027,68.18341776,12.96743402,4.380519071,14.0155193,-2.120808524,3.509736865,-2.302500352,-1.290828751,1.305763291,-1.108082015,0.460783793,0.8926583,0.535515052,-0.217272685,0.392180208,-0.236025509,0.02619306,0.308425858,-0.022232983,-0.167429305,0.190101833,-0.164577901,0.034450235,0.125897727,0.028408381
fly,fly_02,9,3224,3253,0.093722712,0.117234153,0.138041105,0.109599513,0.140546497,0.12052049,0.092339269,0.064142483,0.032904561,0.049170336,0.041778883,0.508707605,0.25014601,0.280335531,1.814638345,0.937736646,0.956618575,0.054896293,0.722950164,0.814460692,0.249400147,334.4917385,330.1196711,82.93203133,170.5313924,175.5795062,39.11803971,235.5609539,216.8088164,257.7690863,237.54223,184.7802182,739.02027,109.5733518,8.544757788,4.385667449,8.141678167,2.336397248,2.529243079,1.843081758,-1.172579413,1.356835738,-0.659156095,-0.117088301,0.528669233,-0.107259148,-0.115394003,0.300540269,-0.122388099,-0.036845551,0.219507355,-0.014997622,-0.042005757,0.146464213,-0.030649985,-0.026847198,0.093868881,-0.00836323
fly,fly_02,9,3295,3324,0.13691032,0.150094194,0.153098354,0.106662603,0.119858631,0.089239685,0.061923129,0.042746078,0.024293532,0.048874614,0.066298858,0.468859274,0.226521234,0.244136212,1.920482304,0.932703597,0.942976207,0.043675601,0.737779267,0.763748817,0.16828243,289.696518,288.3096769,53.03594557,179.0910773,180.004823,24.28050333,222.1555942,211.8434564,157.3748105,171.558277,75.10043431,343.116554,55.18657862,6.534690535,3.007463596,6.066294308,2.85910382,1.471805777,2.761090161,-0.347940982,0.618533185,-0.374675331,-0.42842079,0.479049329,-0.353969267,-0.102987596,0.254524364,-0.100034003,-0.002574712,0.137490893,-0.004548138,-0.062095053,0.090062792,-0.055836046,-0.020379906,0.069576741,-0.007076666
fly,fly_02,9,3310,3339,0.093175016,0.107455294,0.117362924,0.088472458,0.110510692,0.096899183,0.082907482,0.071418441,0.047290309,0.099497428,0.085010773,0.413245257,0.198983149,0.386124433,1.070238558,0.920137064,0.920254975,0.039467841,0.674375276,0.663675707,0.157077688,293.6667338,293.8453172,70.91309185,160.2096984,159.0347796,24.65130296,217.5186608,198.4153438,208.9286278,211.148649,119.1684653,475.08446,49.98784298,8.049853666,3.066117192,8.009099895,2.678018958,2.152313585,2.8440352,-1.060273546,1.117326043,-0.878112327,-0.29944173,0.600759581,-0.301389218,-0.094191937,0.300721087,-0.047164716,-0.035608843,0.214229455,-0.010922917,-0.07367584,0.114742193,-0.052679926,-0.009622413,0.08270003,-0.004409623
fly,fly_02,9,3325,3354,0.069527096,0.083082495,0.096436947,0.078059224,0.105950854,0.102368422,0.095179528,0.086692004,0.058931951,0.125180639,0.098590841,0.382815446,0.184010077,0.464574963,0.824012218,0.938888232,0.938755508,0.041242076,0.730813666,0.737010036,0.187922478,364.4802357,344.2013974,86.48866692,163.5666796,157.519252,33.52374289,242.4855624,216.6749535,320.5463422,277.132601,165.6906332,739.02027,59.78546021,9.171560127,4.889569748,8.813827602,1.195243109,2.686455149,1.611292598,-1.403711634,1.245321198,-1.396720294,-0.020546873,0.731265593,-0.139622554,-0.168241293,0.350960891,-0.157297639,-0.023313688,0.265086156,-0.026381362,-0.095068018,0.14261437,-0.070468884,0.014974518,0.110704283,-0.005371614
fly,fly_02,9,3395,3424,0.057126111,0.073134346,0.091692599,0.07978377,0.116685897,0.121322754,0.116978419,0.103855316,0.065157101,0.11291795,0.061345735,0.409485021,0.196469668,0.460254522,0.889692555,0.924660619,0.919980677,0.038906576,0.664650849,0.679815558,0.189093846,319.2812901,307.891207,68.24372751,156.4516426,158.8236602,31.47446763,222.2974657,208.1954702,255.6723999,250.73902,131.2349698,514.674831,56.78618967,10.75942589,4.113062183,10.40243271,2.271822816,2.402660773,2.429687026,-1.71105926,1.583696365,-1.40476007,0.00827159,0.700649454,0.04514068,-0.195197628,0.424940965,-0.137738059,-0.039801378,0.228195603,-0.008827424,-0.070778372,0.161110506,-0.057989711,-0.016148641,0.11152673,-0.007337882
fly,fly_02,10,190,219,0.081880571,0.102208272,0.12200405,0.099159351,0.13138664,0.118087724,0.095979252,0.071858675,0.040020774,0.068284266,0.069130426,0.470637765,0.230545991,0.345273392,1.363087267,0.945252557,0.949214341,0.037866692,0.767904737,0.781353514,0.165912046,337.5547817,329.2045538,68.89941388,173.3158264,171.7456368,29.0936188,233.5559782,212.8626751,273.0625632,263.935811,151.0850027,739.02027,74.38191029,8.660464573,3.630445803,8.66448595,1.856187207,1.865279081,1.791405528,-1.11972293,1.12393794,-0.851987328,-0.147473072,0.621930207,-0.135527281,-0.112133355,0.317492298,-0.10044956,-0.084963119,0.198509961,-0.057622371,-0.053201495,0.106923539,-0.053513292,-0.025771288,0.070801833,-0.029623641
fly,fly_02,10,325,354,0.130071607,0.144003727,0.149537563,0.106530731,0.122992595,0.094539417,0.067033874,0.04607086,0.025431073,0.048561891,0.065226663,0.473600305,0.229523325,0.252324361,1.876950384,0.9345941,0.942862757,0.045897839,0.738732531,0.76784382,0.184664773,299.1142019,291.2203675,65.92798177,176.8757938,175.3679311,30.8149007,239.4506354,224.8093943,174.2716358,184.755068,103.2167978,673.036318,65.78400141,10.75468963,3.142827286,11.35624505,2.683880992,1.731000706,2.696977961,-0.479938961,0.833219333,-0.451240017,-0.371250799,0.473079103,-0.32112848,-0.04964696,0.245082417,-0.051174621,-0.036659056,0.152091433,-0.038837971,-0.048945921,0.099407764,-0.031908536,-0.012025639,0.058216167,-0.007638174
fly,fly_02,10,335,364,0.111228263,0.126664626,0.135453389,0.0991772,0.118299614,0.095594391,0.072759543,0.054840639,0.032973238,0.067756236,0.08525286,0.448524594,0.217476814,0.313582516,1.430323984,0.945652553,0.957786173,0.043293783,0.780406513,0.823819638,0.176179717,328.0364021,344.7828425,70.56454571,179.5160098,181.4293729,30.56836024,239.4675078,224.2174426,202.2685653,197.951858,114.627115,541.068412,55.08660301,10.14761403,2.741485147,10.10147463,1.965650938,1.963012265,1.476571176,-0.701372144,0.967230071,-0.537614493,-0.276291646,0.482950123,-0.268387668,-0.091498593,0.243133133,-0.071957055,-0.04847787,0.138597544,-0.030518375,-0.045846005,0.090287624,-0.037506223,-0.014475549,0.052743398,-0.009930373
fly,fly_02,10,350,379,0.089143669,0.106521443,0.119820748,0.092011225,0.116007146,0.101219044,0.084173765,0.068942231,0.043456634,0.088262569,0.090441527,0.429058162,0.20801837,0.375276726,1.143311408,0.952371915,0.9591059,0.04200325,0.802868326,0.833920534,0.178617021,372.6317892,373.1694472,77.00840485,182.09497,183.4849864,34.77986118,243.4028315,228.1967114,267.512511,237.54223,163.8002041,580.658784,59.18560613,8.382463796,2.868106406,7.656975793,0.945820607,2.290940997,0.926363177,-0.886997735,1.359963327,-0.738591255,-0.054397427,0.52758288,-0.022903278,-0.198692952,0.278869875,-0.182180418,-0.01071003,0.145659744,-0.00996525,-0.057450058,0.103678059,-0.045367417,-0.005499965,0.071464968,-0.005065843
fly,fly_02,10,365,394,0.098128402,0.116726402,0.131314728,0.101122986,0.127652889,0.11025617,0.088255421,0.066715685,0.037894483,0.06502135,0.056911484,0.470346773,0.228775875,0.314798423,1.494120486,0.942722859,0.952569385,0.045189209,0.756173155,0.803381873,0.197056782,365.1249919,379.9942511,85.72794105,170.589834,167.5193521,33.66368065,236.0888686,222.786933,308.8295655,303.526182,177.6129359,739.02027,63.58453628,8.08732019,3.626811888,7.043623716,1.281815614,2.533333597,0.643233771,-1.194254881,1.361908177,-1.155131451,0.001503389,0.573667669,0.029487553,-0.177597949,0.327309764,-0.196317965,-0.03464764,0.16505722,-0.009629612,-0.066663581,0.106925617,-0.056887841,-0.000827709,0.073704218,0.003736564
fly,fly_02,10,585,614,0.064832301,0.076180989,0.08793597,0.072084498,0.101230757,0.103465077,0.101491125,0.094650947,0.063471908,0.126915584,0.107740845,0.364716302,0.173315255,0.494270407,0.737888202,0.940770761,0.937924587,0.031505229,0.756723655,0.753848066,0.129734825,355.4675211,349.9535038,82.44040265,170.1250082,170.3478147,26.64497424,223.1994703,211.3643278,281.9426465,250.73902,151.8838295,554.265203,53.68694342,9.525768766,2.304924311,9.281737319,1.035621677,2.293977731,1.398861101,-1.13443318,1.329415545,-0.873715908,-0.083187176,0.667800511,-0.119829103,-0.214757729,0.289749367,-0.192492847,0.032044899,0.172166983,0.026764465,-0.096912104,0.115569526,-0.087453828,-0.000334732,0.086691662,-0.001105214
fly,fly_02,10,715,744,0.061246759,0.072956342,0.085345909,0.070484161,0.098979107,0.100290843,0.097295438,0.090721465,0.061974508,0.133008953,0.127696516,0.35510002,0.169463267,0.51069688,0.695324436,0.944279613,0.950192142,0.032629169,0.766021849,0.790901175,0.13951607,383.403246,390.7753164,84.04325172,164.8661484,162.7259786,26.20716184,225.4573912,209.0064872,344.843237,343.116554,157.2810715,633.445946,57.18609237,9.139242661,2.393971616,9.084581553,0.475920175,2.351586783,0.309963927,-1.40539156,1.23235694,-1.276051269,0.061854258,0.609996955,0.112760385,-0.243930101,0.295343923,-0.24318259,-0.011351574,0.165076025,0.016486291,-0.093427561,0.113693567,-0.10639373,-0.004287377,0.075372646,0.001577619
fly,fly_02,10,730,759,0.102347508,0.113867488,0.120804914,0.089561273,0.110838597,0.096398374,0.081185645,0.067833603,0.04345105,0.089132876,0.084578673,0.417603157,0.200399869,0.366181847,1.140425612,0.936992095,0.939978394,0.042300897,0.737611566,0.740546707,0.174586119,355.4336898,348.2684302,92.73717707,167.2907979,165.7330036,30.62174464,235.1458508,213.9357716,277.7492738,263.935811,170.0420118,607.052365,68.28339354,11.41521302,3.174102753,11.28458421,1.196846731,2.656726384,1.382245374,-1.099979476,1.271229289,-0.964925507,-0.002978415,0.659858693,0.038448352,-0.227906905,0.309883745,-0.214689135,0.027471699,0.181585538,0.043548731,-0.108565951,0.137803775,-0.097889848,0.015749581,0.091784731,0.015750054
fly,fly_02,10,745,774,0.111376148,0.123120687,0.129131881,0.094330723,0.114441892,0.096672626,0.078527104,0.062904158,0.03872423,0.075601876,0.075168674,0.434577122,0.208772615,0.330926042,1.31321524,0.95334642,0.969058334,0.045663593,0.808991979,0.872151759,0.184052554,353.1125977,356.0086146,74.27116092,183.927277,185.0111816,30.91632157,235.9091639,222.7986501,240.2555886,224.345439,183.1816197,739.02027,92.67746091,10.35074382,3.827812603,9.8627016,1.525688569,1.983503241,1.181379928,-0.765155402,1.083750642,-0.482112889,-0.103847502,0.52563589,-0.095887578,-0.155905356,0.260318282,-0.157415491,0.004825329,0.16296524,0.013545133,-0.071957399,0.11625019,-0.046825452,0.003721126,0.071205024,0.001658846
fly,fly_02,10,845,874,0.099259037,0.113226971,0.125297666,0.097217647,0.125435382,0.111482427,0.090846739,0.068496783,0.038310627,0.065641571,0.064785151,0.459433122,0.222653029,0.32808087,1.400365468,0.941871137,0.945180805,0.035210111,0.755122299,0.776232278,0.156740197,347.0640299,332.673611,85.4806056,170.2757021,167.4410862,26.19309642,226.1291302,211.5588074,278.6126153,263.935811,155.1243867,633.445946,57.78594651,10.01949411,3.35524944,9.336754941,1.484101294,2.430554367,1.803459181,-1.123107417,1.033711866,-1.206736383,-0.143169079,0.625637742,-0.240025858,-0.082493592,0.278042638,-0.052651663,-0.047585112,0.196395271,-0.03519144,-0.058468754,0.124280659,-0.075919875,-0.008830345,0.069326105,-0.012495853
fly,fly_02,10,855,884,0.068032678,0.081720026,0.095082941,0.077185281,0.105379033,0.102500848,0.094970768,0.084521705,0.055604255,0.115326273,0.119676191,0.380148104,0.182564315,0.470099192,0.80865509,0.945997817,0.947693364,0.030190141,0.776378157,0.782869708,0.123853471,360.6555586,345.1233934,82.54485085,171.3528336,168.2139505,24.50141042,224.156082,211.8148903,290.9460644,277.132601,162.6877081,620.249156,60.58526569,9.546568781,2.073072065,9.715895025,1.014089514,2.230988652,1.474198248,-1.141306373,1.076988755,-1.145811451,-0.152227884,0.629865112,-0.178205966,-0.131183361,0.299592584,-0.135818299,-0.018675307,0.170223844,-0.020406546,-0.087419503,0.120275736,-0.09704296,0.003560757,0.069935835,-0.000823864
fly,fly_02,10,1045,1074,0.055406793,0.072113924,0.08963768,0.075613918,0.105070111,0.102300074,0.094414416,0.085311023,0.058433546,0.132241922,0.129456594,0.372621782,0.180684028,0.4998575,0.745456019,0.928337961,0.927774791,0.041719185,0.677475141,0.670963398,0.195089707,395.5170293,403.6082325,105.5736582,152.1503296,148.0715109,31.63230007,230.5312813,213.4157574,388.9969847,395.903716,169.6088906,739.02027,61.48504683,11.35883282,4.454456703,11.91822415,0.219250901,3.497873002,0.037218872,-1.58017928,1.267947873,-1.525827673,0.202913384,0.790449399,0.131908355,-0.152834947,0.341525138,-0.131358347,0.021063611,0.305005928,0.008642388,-0.090977854,0.172428434,-0.07157915,0.003137601,0.125384202,0.007577561
fly,fly_02,10,1055,1084,0.027568385,0.037571965,0.050192381,0.046564905,0.074296705,0.088292679,0.101135652,0.110034623,0.084039524,0.19930342,0.180999761,0.25934667,0.12086161,0.67551298,0.383925517,0.928807442,0.921622511,0.037632239,0.679085418,0.65859445,0.173544189,419.441619,430.7426112,95.55215739,148.4337561,141.0676233,28.43694032,227.68732,204.4337499,406.2638135,422.297297,148.0998394,646.642737,51.88738098,11.2071889,3.657005892,11.90090055,-0.595829931,3.200817597,-0.877153238,-1.851740543,1.245490179,-1.724628968,0.313715369,0.787991441,0.376268109,-0.24495124,0.375212669,-0.266818725,0.068063114,0.273789481,0.079486804,-0.129170004,0.174455848,-0.139251191,0.02000466,0.111956412,0.024670263
fly,fly_02,10,1070,1099,0.02992187,0.046770301,0.070331417,0.069739561,0.112846743,0.126893559,0.128010527,0.116500247,0.074403862,0.135263727,0.089318187,0.379811279,0.182586304,0.54349655,0.698829236,0.933164351,0.921508914,0.033951598,0.700127956,0.652388036,0.159334545,382.5113342,385.3069519,69.98847599,149.8367725,140.0372925,29.40649985,225.5309695,211.0599222,364.206752,356.313345,116.2711259,725.82348,57.28606805,11.78719517,3.535100059,12.60088758,0.549448753,2.37633568,0.550388711,-2.246010185,1.411736994,-2.334152153,0.128739557,0.654831289,0.217145553,-0.316953989,0.399596609,-0.367440492,-0.007436706,0.258060038,-0.00667963,-0.103496434,0.149662834,-0.088809462,0.003503447,0.107969298,-0.010592418
fly,fly_02,10,1085,1114,0.039753429,0.060816385,0.089105475,0.085622411,0.13229316,0.138381073,0.126764042,0.102455588,0.058323843,0.093109487,0.073375106,0.44540212,0.217915571,0.454028066,0.981001292,0.962527493,0.984720155,0.037860833,0.835507848,0.94168457,0.172739427,387.913358,395.5839687,57.71910101,183.2623069,194.8425371,34.93948602,238.5187241,226.7816585,330.783105,316.722973,169.7715203,739.02027,100.275613,8.263164452,4.519358607,7.82262456,0.769618323,1.551545907,0.387056937,-1.244947908,1.445475079,-0.708724373,-0.157485197,0.445531524,-0.181555191,-0.192374252,0.265569434,-0.134858954,-0.056886419,0.145817116,-0.048288503,-0.059647054,0.094341377,-0.042932687,-0.025772109,0.070287056,-0.02237253
fly,fly_02,10,1130,1159,0.109413664,0.121807651,0.127435944,0.092185136,0.110360031,0.092104454,0.074732813,0.06053868,0.037854589,0.076698297,0.096868741,0.422085566,0.202545168,0.346693119,1.21746162,0.95038451,0.96599226,0.041365308,0.80252722,0.857157773,0.156685006,353.7476657,348.7099067,84.74728895,180.1256117,181.6134861,24.37235436,240.4490303,217.3251642,276.022591,237.54223,159.9075164,739.02027,62.38482808,8.102658533,3.030200463,7.690808484,1.369571385,2.104440316,1.48837818,-0.728391485,0.93307055,-0.696420006,-0.279578206,0.506595255,-0.315191988,-0.103782371,0.233752408,-0.11041121,-0.039752621,0.121137782,-0.037139472,-0.055220502,0.080431246,-0.049243353,-0.026037677,0.051208053,-0.021503172
fly,fly_02,10,1145,1174,0.103838887,0.119236699,0.128871553,0.095699182,0.116796923,0.098134614,0.078282876,0.061040104,0.036691773,0.071523525,0.089883865,0.439502272,0.212496105,0.337422142,1.302529432,0.945424881,0.949897476,0.03922902,0.781733955,0.796948485,0.150408588,324.8158322,323.9121014,70.30138985,178.2736411,179.1511223,25.19497666,237.346625,219.3094842,232.3621811,211.148649,143.6959329,739.02027,72.28242092,9.913263895,2.111707572,9.972886138,2.01965435,1.724486204,2.012564534,-0.686014115,0.948447372,-0.58812227,-0.325793282,0.471476855,-0.371161307,-0.093685255,0.227022726,-0.094225492,-0.032503139,0.1305725,-0.027646086,-0.057193351,0.081523345,-0.053668145,-0.023468133,0.047855201,-0.014786449
fly,fly_03,1,31,60,0.075456037,0.091017564,0.106418348,0.086197643,0.115716043,0.107941313,0.09378183,0.077604902,0.048341172,0.096857256,0.100667893,0.416273347,0.201913686,0.417253053,0.997652009,0.935027279,0.937794095,0.041757492,0.731174045,0.748680028,0.174080625,345.8085454,342.3592501,100.0863725,170.2426164,169.9004491,31.08597463,231.7092267,219.8182812,265.9091627,237.54223,176.6694758,739.02027,63.2846092,9.329554336,3.433115844,8.951854043,1.39670934,2.66864044,1.619682987,-0.821757939,1.311979559,-0.507440387,-0.169827864,0.675685137,-0.264144783,-0.168105614,0.338023094,-0.137191575,-0.005010977,0.178887286,-0.01377229,-0.08422882,0.127015428,-0.069760428,-0.000842424,0.092049087,-0.004007891
fly,fly_03,1,150,179,0.042006683,0.056127836,0.071533145,0.062156611,0.090391912,0.094326461,0.093923836,0.09034996,0.064124808,0.150909825,0.184148924,0.318408128,0.152548523,0.583457353,0.545726482,0.961696176,0.965261907,0.029956371,0.834571619,0.863479112,0.133188775,408.3304416,410.682417,77.10436191,177.362866,178.6817889,25.7701227,233.6014147,214.3633235,414.1572209,409.100507,168.7748428,712.626689,75.78156992,6.059988778,1.634876931,5.933132592,0.046402048,2.019044397,0.011357507,-1.045070452,1.011354029,-0.943235123,0.038585845,0.514017774,-0.026125129,-0.213522343,0.287043594,-0.222386267,-0.038816414,0.159569636,-0.031648794,-0.072137064,0.090956834,-0.072010727,-0.005440292,0.065764301,-0.008167663
fly,fly_03,1,395,424,0.051243604,0.064087501,0.079149533,0.068320477,0.099447787,0.103589046,0.101945741,0.095647595,0.065560524,0.141441515,0.129566678,0.350506843,0.167768264,0.534162053,0.656180724,0.942813508,0.948697558,0.040935856,0.743744584,0.792366263,0.188249794,395.4542668,400.5361551,91.98605964,162.6941307,161.9319351,30.2274761,231.3290289,211.9699172,368.1534558,356.313345,162.8042224,725.82348,66.18390408,9.807355126,4.156917652,8.618302317,0.36333295,2.885225469,0.209353526,-1.530174627,1.161133718,-1.484716356,0.069703244,0.640605297,0.002530086,-0.187737889,0.36165627,-0.201503749,-0.016873462,0.223655482,-0.002368951,-0.097161373,0.130759423,-0.094912614,0.003537786,0.086667645,-0.003785246
fly,fly_03,1,1037,1066,0.074277997,0.093541291,0.110084718,0.087173711,0.112305622,0.099549911,0.083915804,0.070534443,0.046359295,0.103072324,0.119184884,0.409113962,0.199479333,0.42306675,0.96701989,0.932864071,0.935696119,0.042465205,0.71229028,0.730963418,0.182670877,396.483077,430.3397006,114.6844974,161.3517979,159.2722975,30.19167514,229.1402582,213.4664476,405.2771375,448.690878,198.8471516,739.02027,55.88640843,9.360557537,2.807206336,9.339950692,0.595646355,3.154073301,-0.499198071,-1.092241587,1.253049447,-1.066110665,-0.017606985,0.670064866,-0.049222907,-0.229554029,0.317873396,-0.244211879,0.010705981,0.212559585,0.015277861,-0.099385571,0.137001867,-0.097289092,0.002491155,0.088002846,0.005725481
fly,fly_03,1,1385,1414,0.016002707,0.021651319,0.029443085,0.027965537,0.045478999,0.054740183,0.063792913,0.072790406,0.060485641,0.185242117,0.422407093,0.157627803,0.073444536,0.804718171,0.195879513,0.902997291,0.914854855,0.094809444,0.650905943,0.620180958,0.294150572,487.5822099,434.6964371,139.442233,162.1229799,150.8724301,41.74485465,227.9591957,216.7703487,495.9279884,501.478041,249.1359259,739.02027,82.1800138,10.69921609,4.691687903,8.938520271,-1.456551553,3.206155419,-0.280494885,-0.089577424,1.998878303,-0.179754898,-0.282373732,1.023142608,-0.183672609,-0.099995859,0.448929153,-0.122646333,-0.035160755,0.242742732,-0.026833585,-0.104827766,0.141830984,-0.070996132,0.015507303,0.114758118,-0.002254489
fly,fly_03,1,1505,1534,0.043365879,0.058329202,0.07678031,0.069460822,0.10540393,0.114355452,0.115791055,0.109237128,0.073143694,0.141878824,0.092253703,0.366000515,0.174864753,0.532304404,0.687577469,0.927585628,0.918952241,0.031558635,0.680175287,0.649865715,0.147702905,353.4976611,347.1528423,73.65297677,152.1958249,150.7453722,28.8179353,229.7903354,207.6135664,306.8562137,290.329392,142.9079681,567.461993,45.88883986,11.9847801,3.175518489,12.68816659,1.113726386,2.402993992,1.414583584,-1.98531436,1.608282767,-1.790691571,0.037313107,0.708130462,0.185675459,-0.383440851,0.452617933,-0.356640706,0.05909814,0.24208359,0.066226861,-0.157049943,0.175327941,-0.136656081,0.025254878,0.122964771,0.015120184
fly,fly_03,1,1570,1599,0.041023987,0.053138954,0.068224606,0.060636034,0.089957704,0.094322854,0.09228764,0.086332323,0.060324754,0.146482897,0.207268247,0.313141199,0.150593738,0.592695861,0.528333703,0.918559029,0.915019177,0.048302908,0.640591414,0.625551319,0.211207243,449.0586291,445.0654201,122.4409462,150.3438732,140.2727442,33.90905267,225.7590573,210.4106892,446.347523,461.887669,197.4423749,739.02027,56.98614097,11.55320955,4.002423361,10.98839828,-1.222681988,3.607931699,-1.306683298,-1.068678339,1.813880042,-0.778249029,0.313278038,0.706633491,0.324064862,-0.308128071,0.404017911,-0.26744568,0.007994939,0.247929313,0.008250179,-0.079734476,0.173034158,-0.067984999,0.020555436,0.105825799,0.016039404
fly,fly_03,1,2680,2709,0.07875377,0.097011225,0.113609927,0.091001101,0.120217686,0.11043448,0.095275257,0.078639528,0.048501651,0.091272461,0.075282912,0.435263194,0.211218787,0.38897181,1.119009613,0.92836304,0.927350742,0.040459141,0.689508847,0.686380474,0.176466255,347.4027604,348.5920646,88.51333834,155.2762898,149.0949356,29.91196881,221.6097937,208.6841417,303.2795135,277.132601,156.987152,699.429899,55.48650574,9.747858068,2.662795138,9.730997438,1.5301609,2.747785084,1.543897024,-1.592780417,1.253777428,-1.333762046,-0.011467936,0.706081678,-0.121057543,-0.186192615,0.354044486,-0.1467831,0.016087916,0.242368801,0.01284406,-0.096321406,0.137984673,-0.074379439,0.003926212,0.083161251,0.000568883
fly,fly_03,2,2300,2329,0.116551178,0.134471899,0.146466238,0.109045919,0.131456371,0.105492318,0.076671867,0.052196071,0.027562879,0.047366329,0.052718931,0.492460846,0.24050229,0.256516077,1.919804997,0.91627734,0.919771562,0.047113404,0.655660798,0.652370413,0.189382294,278.4715589,273.1948468,58.96507957,159.9816623,157.5030132,30.07066499,225.9573794,210.6281451,184.3850641,197.951858,107.5462631,673.036318,68.68329627,11.69149271,3.345308658,12.44930118,3.366906474,1.778323608,3.390191615,-0.83358254,0.897980648,-0.827101367,-0.452279747,0.626403208,-0.443528446,0.015990103,0.276422696,0.047326801,-0.035325454,0.175339162,-0.028139733,-0.088634117,0.117559167,-0.073253214,0.003242882,0.07558915,-0.001656224
fly,fly_03,2,2398,2427,0.122218612,0.138708908,0.147188474,0.106583043,0.125043073,0.098156768,0.071281923,0.049942362,0.027592332,0.050421674,0.062862829,0.476971358,0.231626116,0.262101121,1.819799003,0.944265823,0.962285201,0.050721968,0.771057867,0.842262281,0.207494502,332.2645653,332.6454512,77.23712426,178.7812989,186.5777921,33.14408953,239.4448314,221.6340319,230.0188258,224.345439,157.7902914,739.02027,79.68062169,7.962853545,3.490164562,7.342281192,2.152151169,2.12225806,1.767502284,-0.768333602,0.863007106,-0.614415443,-0.330808819,0.542040503,-0.36308761,-0.040078003,0.221320547,-0.042475609,-0.065072314,0.151484839,-0.067902647,-0.063323664,0.105733245,-0.060053319,-0.021086839,0.068118829,-0.01272363
fly,fly_03,2,2667,2696,0.113673717,0.13855319,0.156170902,0.117723136,0.141659925,0.111856674,0.078639437,0.050540574,0.024633707,0.035860229,0.030688507,0.527410638,0.259383061,0.220362455,2.393377933,0.898674879,0.897885761,0.045575032,0.563253889,0.544062849,0.20181334,273.1710443,259.2081258,64.45116506,140.5401863,136.4324647,28.92276979,229.9673488,199.0094446,217.4387077,211.148649,97.92507929,448.690879,40.99003127,11.37402835,3.173173893,11.58071633,3.893871946,2.277056405,4.147599084,-1.557394757,1.199672882,-1.643105925,-0.314475805,0.592241566,-0.39316049,-0.03674822,0.344448586,-0.012871385,-0.136155186,0.233410357,-0.110993603,-0.04853876,0.144539901,-0.048146742,-0.027974236,0.099556815,-0.021144649
fly,fly_03,2,3070,3099,0.071112848,0.09255851,0.113616258,0.093888996,0.12640118,0.116474927,0.098387292,0.077732849,0.04572058,0.082723782,0.081382777,0.450381361,0.220290176,0.385947281,1.166950469,0.944340636,0.949220825,0.03575765,0.761807285,0.780051318,0.157460426,355.8277847,351.3465872,80.96982857,169.0008946,167.2436189,29.3010568,224.3540304,217.4172511,320.4230077,277.132601,182.7989199,739.02027,62.38482802,10.2228011,2.963390407,10.20456458,1.376458751,2.196145936,1.407079006,-1.214781762,1.218289933,-1.055609793,-0.031245466,0.600855256,0.023307034,-0.167026751,0.310345957,-0.145013739,-0.062069872,0.186639132,-0.048797696,-0.056302504,0.09865717,-0.070650085,-0.021352906,0.071474588,-0.016608453
fly,fly_03,3,1538,1567,0.090425211,0.113247754,0.13525039,0.109386142,0.14289104,0.12433626,0.095431741,0.065325635,0.032694634,0.047642731,0.043368461,0.511863833,0.252277182,0.284463202,1.799402623,0.929165293,0.924214354,0.047578459,0.693222778,0.693379679,0.211346831,312.5198352,304.5953439,72.3708177,163.3688552,163.070325,35.03470906,225.1974791,215.5759406,249.6290098,250.73902,159.5765465,739.02027,70.18293153,9.205921115,4.299736755,10.45313229,2.691742586,2.129118176,2.700137291,-1.271884573,1.270165941,-1.086339559,-0.256777011,0.513477586,-0.214635725,-0.042544929,0.287297111,-0.015868709,-0.091773441,0.210912809,-0.06105278,-0.029246399,0.117837606,-0.024090646,-0.026606546,0.070886674,-0.02111934
fly,fly_03,3,1665,1694,0.126638877,0.145640831,0.155237789,0.111684059,0.128494915,0.096892165,0.066411215,0.043875392,0.023591326,0.044550496,0.056982936,0.492308927,0.240178974,0.235411365,2.09127086,0.92279801,0.926423141,0.049732121,0.689359946,0.695838314,0.200079716,283.4365971,276.5038567,60.45722858,169.1941157,167.9777022,31.68850246,234.4617338,219.0404042,176.4916567,184.755068,110.0857851,739.02027,70.48285868,9.914108695,3.423856411,10.08978144,3.206820265,1.847981937,3.18311593,-0.541713105,0.756206762,-0.505908607,-0.521338879,0.518575913,-0.466355829,-0.022344492,0.257284526,-0.024952315,0.002890865,0.132735283,0.001044926,-0.090805134,0.121283703,-0.071327086,-0.002758515,0.070576783,-0.000515816
fly,fly_03,3,1750,1779,0.16131383,0.16598996,0.158816558,0.105150061,0.11331316,0.081613505,0.05605728,0.039066397,0.022369269,0.043803154,0.052506827,0.458893284,0.21846322,0.213802927,2.146337706,0.900416183,0.902936381,0.04634451,0.613394825,0.62177805,0.175640947,252.7194492,247.8588676,43.78957625,160.0666906,162.8304933,28.02117509,233.959144,206.4762019,135.1746022,145.164696,68.34393946,237.54223,61.68499834,12.38533609,3.809602608,12.41816907,3.889516174,1.500358532,3.789259338,-0.347506086,0.754874853,-0.322104243,-0.429647127,0.615215974,-0.351985806,-0.080160887,0.247975301,-0.067678745,0.031169039,0.183150251,0.033479547,-0.073609934,0.11455637,-0.066995685,-0.015271227,0.093658682,0.002734744
fly,fly_03,3,1820,1849,0.079923002,0.09614139,0.111555883,0.089948691,0.121216628,0.114826007,0.101543832,0.083779573,0.05008034,0.085790942,0.065193712,0.437547209,0.211165319,0.386388399,1.13240255,0.932526224,0.935845515,0.037803558,0.714346344,0.720495729,0.159360137,334.6544375,336.2248081,69.72944517,162.2998186,160.8100852,30.04919544,234.5724753,217.0009468,259.0024311,250.73902,135.444416,527.871622,56.18633551,11.05096643,3.414397316,10.87970162,1.795389268,2.118024013,1.83259211,-1.433984713,1.490953924,-1.347760387,-0.068177154,0.652754538,-0.055165341,-0.2044584,0.368464269,-0.16096734,-0.01883328,0.169115332,0.003665629,-0.088235954,0.119662744,-0.068888225,-0.002370576,0.075353182,0.001005067
fly,fly_03,3,1908,1937,0.095880822,0.111853119,0.125435108,0.09767137,0.12604619,0.112583794,0.093488171,0.072882468,0.041940367,0.069811564,0.052407026,0.461736461,0.223717559,0.330529597,1.396959501,0.916787824,0.911552021,0.045933552,0.642247508,0.608462949,0.19959347,305.0027653,304.4828018,77.63410452,150.9503968,145.2490743,31.53525275,220.8262317,211.8445938,248.7656685,224.345439,149.3879024,739.02027,56.48626253,10.71468596,3.596236031,10.93914683,2.825475771,2.335771797,2.96648944,-1.476113404,1.260887662,-1.415518165,-0.235799131,0.758381809,-0.350340878,-0.054137448,0.403547197,0.017134991,-0.084140346,0.200699804,-0.081106125,-0.097364447,0.131119978,-0.069772754,9.84E-05,0.085611555,0.002714988
fly,fly_03,3,3185,3214,0.136487922,0.15533209,0.163910385,0.11691171,0.133175986,0.09869505,0.065431871,0.04051843,0.019897825,0.03244158,0.037197151,0.512693131,0.250087696,0.195486857,2.622647577,0.90287398,0.895233551,0.044944966,0.597916544,0.575485171,0.191876189,259.3049739,250.4060186,52.73368197,151.7167976,147.7051244,32.5993627,235.2104512,216.723449,171.3116081,184.755068,71.84543139,316.722973,50.28777011,9.333589827,2.674651668,9.586583497,3.945150671,1.723053894,4.165251686,-0.875367272,0.987366019,-0.898329423,-0.411254274,0.567888386,-0.493765932,0.010596539,0.262351501,0.005132652,-0.070837322,0.17450482,-0.072422228,-0.060592767,0.111911235,-0.05505664,-0.007357626,0.078035552,-0.013196042
fly,fly_03,4,55,84,0.089035553,0.106828888,0.120618571,0.092989036,0.117969124,0.104100543,0.087902471,0.072955833,0.046052646,0.089886482,0.071660855,0.435677273,0.210958159,0.368458286,1.182433098,0.915826857,0.913039518,0.05728855,0.651301466,0.624466589,0.234578669,303.3733558,284.3773219,91.25094268,157.9972611,149.4244409,35.28466891,224.4591637,211.2375565,232.4855156,211.148649,158.0109548,739.02027,60.8851927,9.074833801,3.699754057,8.765327711,2.809257578,2.728479332,3.079616684,-0.978577833,1.193058861,-0.648218857,-0.385431492,0.712185423,-0.434973753,-0.070598171,0.362297709,-0.055014582,-0.012567913,0.168439932,-0.022609553,-0.117938903,0.134161654,-0.089904469,0.004270748,0.081448076,-0.000409582
fly,fly_03,4,170,199,0.060758233,0.080094401,0.098566615,0.082045438,0.113653428,0.112248839,0.105564891,0.094206488,0.06060681,0.112543202,0.079711655,0.40651432,0.195698866,0.452633046,0.898110121,0.943312772,0.942826305,0.037566573,0.738907474,0.736857596,0.185158399,359.1702017,357.5608811,73.76278708,166.4132522,165.8572081,33.54667763,227.6265454,217.6524438,312.4062657,290.329392,159.3875801,725.82348,77.58113234,9.566132612,3.659050706,10.77798405,1.41156176,2.261653094,1.225975142,-1.489908021,1.473817034,-1.088548439,0.301322461,0.638183298,0.343527896,-0.32073637,0.338536233,-0.295751159,-0.01962683,0.206143783,0.005306185,-0.067794272,0.15190087,-0.065407333,-0.018889285,0.109939478,-0.005844965
fly,fly_03,4,280,309,0.103031319,0.130986409,0.154064756,0.12020359,0.14875632,0.119691441,0.083771918,0.051919824,0.023907914,0.032797297,0.030869213,0.542716106,0.26895991,0.223266166,2.430803178,0.911901011,0.911852627,0.049401067,0.616334037,0.615127569,0.224348474,280.0570178,272.3374503,61.58811246,153.2009673,145.6901217,36.08054709,225.0814029,208.6124956,206.5852725,211.148649,99.09670222,593.855574,53.98687043,9.599574405,3.791445521,10.34641684,3.646692201,2.131182508,3.574706496,-1.285411898,1.232798825,-1.07703064,-0.333673132,0.520013163,-0.313496052,0.011017943,0.286067036,-0.015832731,-0.107178593,0.224319486,-0.0689905,-0.037189026,0.119158043,-0.033491462,-0.011372355,0.087667638,-0.011251671
fly,fly_03,4,880,909,0.133130284,0.146774026,0.15124235,0.106721404,0.12181241,0.092387366,0.064881082,0.044573215,0.024820339,0.04823496,0.065422565,0.47216353,0.228533814,0.247932159,1.904406153,0.934850176,0.940671256,0.05015936,0.744132229,0.764530821,0.19347357,304.752013,293.13911,74.93370652,177.9526002,179.4840143,28.02335977,221.3628435,211.2163842,192.7718095,184.755068,142.2546754,739.02027,67.28363665,8.211677098,3.321568988,8.092235022,2.567643246,1.930835454,2.73134484,-0.48976603,0.722771727,-0.369048716,-0.461455793,0.431918152,-0.448082945,-0.07522251,0.215874575,-0.081448696,-0.022776987,0.134051722,-0.019031388,-0.064835295,0.080365535,-0.047552661,-0.024815806,0.058113236,-0.021102527
fly,fly_03,4,910,939,0.053531828,0.06628909,0.079757328,0.067488442,0.098379069,0.106081961,0.110414838,0.108284832,0.074478368,0.145417563,0.089876681,0.351706799,0.16586751,0.528472282,0.665516076,0.932106911,0.928276168,0.03956184,0.704772078,0.702090274,0.177069473,340.9681042,334.1389201,80.66196429,160.8114726,157.0974974,32.63921996,230.7937813,219.1022031,272.6925597,237.54223,141.2186404,541.068412,57.78594652,11.19657256,3.713404959,11.09224153,1.526611495,2.528419304,1.653663766,-1.440230014,1.527779243,-1.062906903,-0.011317232,0.673654396,-0.021300656,-0.268454555,0.393509234,-0.208082608,0.033215699,0.181902623,0.023093918,-0.106259962,0.140404239,-0.080157663,0.002785538,0.097405626,0.004823896
fly,fly_03,4,940,969,0.038572022,0.049082609,0.062529406,0.056568254,0.088678824,0.103036569,0.113794331,0.11681111,0.083080941,0.169830024,0.118015911,0.310813053,0.145247079,0.601532316,0.51670217,0.943027014,0.943301069,0.03276125,0.753217083,0.773898096,0.150574216,387.0828486,393.9552454,69.65008358,163.5205939,153.092066,32.51252638,230.2810896,216.8688799,338.6765123,369.510135,144.7955107,620.249156,55.68645709,9.971058521,3.096660834,9.232677555,0.349618495,2.156449736,0.282808783,-1.672698944,1.523547672,-1.806527478,0.187723856,0.65687788,0.224518469,-0.342962715,0.348313033,-0.33564086,0.037522697,0.205841478,0.028502157,-0.113517519,0.128419307,-0.092338056,0.008135606,0.093761068,0.010010455
fly,fly_03,4,1000,1029,0.02850612,0.037650803,0.049979527,0.046742675,0.074952004,0.087638373,0.096055255,0.098905556,0.073051566,0.179703464,0.226814657,0.259312579,0.121694679,0.674530498,0.38443418,0.930196181,0.925085845,0.043118484,0.697143802,0.693374804,0.188809849,441.6448253,438.7559453,115.802088,162.1222363,160.258303,33.41886755,229.4805638,219.9783149,443.7574988,435.494088,199.5535775,739.02027,71.18268839,10.54864016,4.201095925,11.01126047,-0.851180478,3.096835955,-0.562712979,-0.912331371,1.716067367,-0.661991645,0.075058773,0.671758004,0.082224614,-0.328297116,0.395363515,-0.331261599,0.021529634,0.229668791,0.029812698,-0.093985213,0.154312972,-0.078510381,0.013961426,0.107970152,0.013015519
fly,fly_03,4,1520,1549,0.083815265,0.094487363,0.102047959,0.077269647,0.098687942,0.090849639,0.083388815,0.077591721,0.054607176,0.123310558,0.113943915,0.368855187,0.175957589,0.452842185,0.814533625,0.937853721,0.935205087,0.037756098,0.7411609,0.733006735,0.159967216,334.0826988,324.8705289,83.38166379,169.1117579,171.0751508,28.70631666,227.6681308,215.7423614,268.3758525,237.54223,163.8181147,739.02027,74.58186173,11.92137795,3.588372194,11.56160453,1.634775992,2.379411192,2.081192112,-1.056589324,1.130695976,-0.773419697,-0.128217884,0.678141932,-0.232763481,-0.143136759,0.262588236,-0.118398798,0.00656327,0.203877727,-0.01588571,-0.090736308,0.116132962,-0.064507114,-0.004878589,0.083149332,-0.012780955
fly,fly_03,4,1660,1689,0.077689819,0.095948834,0.112708793,0.090791491,0.121309842,0.113643141,0.100108114,0.083377743,0.050777734,0.089459201,0.06418529,0.438453266,0.212101332,0.387908081,1.130301963,0.933279072,0.93695599,0.041733245,0.710089774,0.728432468,0.179666635,317.3559906,317.2130449,61.52197722,164.6626736,167.4916375,31.52907116,225.7329465,215.0706748,227.058798,211.148649,131.6133562,739.02027,62.88470648,10.22247419,3.365738323,11.0498966,2.435901984,1.841202857,2.288140399,-1.24237758,1.320264821,-0.856864416,-0.052781981,0.652672208,-0.082106517,-0.229946939,0.375506054,-0.170394416,-0.03802234,0.194248018,-0.020757569,-0.060899625,0.137030713,-0.056918391,-0.030851271,0.086606552,-0.022302727
fly,fly_03,4,1740,1769,0.089088908,0.107686588,0.124873644,0.099619305,0.130642071,0.117059819,0.09526582,0.070995199,0.03883397,0.063069271,0.062865405,0.472194839,0.230261376,0.331029665,1.426442669,0.938624336,0.945397069,0.042031407,0.740403449,0.759400734,0.179314493,319.9237507,316.3669589,69.16105643,172.3094187,166.70662,31.31650535,230.3082567,219.7410689,230.0188258,237.54223,145.6161312,739.02027,76.18147271,10.03034765,3.669860277,10.8896497,2.318739404,1.831094521,2.45821919,-0.977522744,1.194143908,-0.737202096,-0.183618827,0.590548683,-0.268398811,-0.02768273,0.289681006,0.000422023,-0.078014085,0.21112216,-0.05714183,-0.016739929,0.124234857,-0.024551342,-0.024410247,0.091721733,-0.018395659
fly,fly_03,4,2232,2261,0.088615436,0.104289261,0.119481231,0.0955147,0.126777761,0.116215798,0.09765061,0.075812481,0.043179556,0.072300756,0.060162412,0.457989489,0.22229246,0.349105814,1.311893044,0.918245716,0.915621156,0.038412685,0.655978654,0.636653013,0.155459071,303.8695394,299.1995962,67.35819519,154.2681239,151.5085642,26.64957895,229.9052901,200.8851284,232.2388466,237.54223,134.353678,739.02027,61.68499827,11.69899227,2.653509242,12.1566922,2.670984218,1.911511605,2.968807213,-1.439486942,1.4643321,-1.38790367,-0.159352263,0.630306542,-0.14546764,-0.146416457,0.397103038,-0.119468481,-0.089231106,0.198212547,-0.058580284,-0.055211219,0.150855915,-0.044889136,-0.021502483,0.098472971,-0.019868451
fly,fly_03,5,6,35,0.080679803,0.098888044,0.111845243,0.084959553,0.10477068,0.088695653,0.072265945,0.059866537,0.039693391,0.095321601,0.163013551,0.390271128,0.189730233,0.430161025,0.907267524,0.918513763,0.918410483,0.05869553,0.670474495,0.659166569,0.235000044,291.5609816,268.0605677,90.06212542,165.6295302,169.8482979,34.86189015,225.4896021,213.6163493,186.9750884,184.755068,157.0407639,739.02027,104.2746405,12.46948268,4.173636,12.40654106,3.032614053,2.532633333,3.431362081,-0.606512593,0.848109322,-0.628992629,-0.510838192,0.479081005,-0.464949115,-0.09299386,0.283138731,-0.106695864,-0.026834605,0.178054631,-0.049408581,-0.093272731,0.119640994,-0.073051111,-0.009510503,0.093645394,-0.012201012
fly,fly_03,5,655,684,0.038302263,0.045572166,0.052398584,0.041892445,0.056065392,0.053864189,0.052306233,0.055624258,0.048482646,0.177251377,0.378240447,0.20422061,0.097957837,0.711904961,0.286864991,0.926005445,0.938789543,0.050223898,0.690839377,0.748652065,0.20656764,447.6064594,451.292659,129.4374172,160.8768739,161.6031071,31.298983,216.0837708,209.4619091,455.3509409,461.887669,216.4858706,739.02027,52.0873324,8.706456786,2.907655398,8.51138194,-1.065862426,3.419721599,-0.776691448,-0.50716922,1.431242578,-0.52582234,-0.015755595,0.599128785,-0.05632967,-0.278232084,0.344046422,-0.259097705,0.030346396,0.192745428,0.015912833,-0.081289656,0.108246107,-0.080418749,0.009765851,0.085034733,0.010066474
fly,fly_03,5,980,1009,0.1177412,0.131901661,0.139489461,0.1017735,0.121739363,0.099178004,0.075863699,0.056312514,0.032451886,0.060003828,0.063544884,0.462180328,0.223512862,0.288176811,1.603808184,0.922830049,0.928781822,0.045476354,0.68881596,0.713748005,0.178459444,283.711575,279.9984367,52.17552322,166.4732409,166.9537367,26.82904585,223.183023,210.4861649,181.9183743,184.755068,82.53086142,541.068412,56.18633555,9.258545456,3.511927454,8.92145,3.169238934,1.572045147,3.057782484,-0.690569656,0.869126504,-0.652696126,-0.391391325,0.565241907,-0.377477458,-0.118152367,0.258501018,-0.091721198,0.012257101,0.160626264,0.012578857,-0.082333516,0.101314603,-0.0684762,-0.022067537,0.071995878,-0.011333457
fly,fly_03,5,1315,1344,0.092430451,0.10565926,0.116090725,0.089104407,0.114224913,0.102822796,0.088240766,0.073412307,0.045983201,0.089725612,0.082305563,0.422242841,0.203329321,0.379667448,1.112138645,0.939787775,0.952061583,0.046379155,0.749756515,0.790447451,0.187771256,365.9127603,372.0905971,94.05383832,166.9863734,166.3106573,27.85568057,218.6050169,208.1672467,326.8364012,303.526182,167.1902132,633.445946,55.28655433,8.105636551,3.422258803,7.914037117,1.205486303,2.66180575,0.849375205,-1.170401846,1.104933805,-0.991562827,-0.096956966,0.609003959,-0.0949386,-0.188183179,0.285156106,-0.186919251,0.005551902,0.15712992,0.006026534,-0.098643275,0.103230301,-0.102407387,0.006418166,0.071211287,0.008335771
fly,fly_03,5,1475,1504,0.128271546,0.144975578,0.153612177,0.11121065,0.130200579,0.101219557,0.071701615,0.047969089,0.025029393,0.041805326,0.044004491,0.496242963,0.241411229,0.230509913,2.152805302,0.902037623,0.900286153,0.042044291,0.605463051,0.601862229,0.172552821,257.5141629,253.3336468,46.20690198,156.8739649,158.3833625,27.99722447,217.3255812,202.9820923,156.3881346,171.558277,84.43943985,356.313345,55.58648147,9.22958523,3.027846429,9.311201514,3.875121848,1.553018993,3.956288105,-0.674877071,1.063371183,-0.479236539,-0.36274862,0.564394017,-0.371248699,-0.054115965,0.296572242,-0.039958786,-0.018865763,0.194586634,-0.001863938,-0.049142567,0.126613074,-0.038967521,-0.023648456,0.078845765,-0.006635617
fly,fly_03,5,1500,1529,0.111645622,0.128548819,0.140386245,0.105436835,0.129340545,0.107094899,0.081097699,0.057450336,0.030928714,0.052038695,0.056031591,0.482258524,0.23477738,0.277547035,1.737574045,0.933609699,0.936583981,0.0454192,0.718727942,0.727447416,0.189951849,309.3641127,302.0590864,70.26383783,167.7781464,161.793767,30.55785981,232.2869319,214.1715515,220.768739,224.345439,157.6286668,739.02027,79.18074332,8.171408377,2.933656834,8.148984636,2.609268053,1.905247249,2.767181238,-1.026699247,1.023697161,-0.797498784,-0.28022747,0.589187142,-0.222781915,-0.064734592,0.286837049,-0.02148063,-0.061728987,0.160854755,-0.042761439,-0.062338054,0.120750933,-0.059307846,-0.022302606,0.06906641,-0.014121006
fly,fly_03,5,1730,1759,0.090591235,0.110529645,0.12776886,0.100482197,0.128729109,0.112044402,0.089692604,0.067865287,0.038924275,0.06910219,0.064270197,0.469024568,0.229211305,0.329854552,1.42191328,0.931564886,0.936747931,0.041288268,0.711306238,0.735804675,0.176650016,312.4651527,315.7686855,61.67835414,163.6882165,163.1855837,29.46971244,225.5581457,212.6978445,237.5422298,211.148649,121.3498433,712.626689,59.48553314,8.720159784,3.201204805,8.727381616,2.524725004,1.909932044,2.264218001,-1.237078785,1.145593224,-1.166558663,-0.280284877,0.53866377,-0.228731034,-0.112085646,0.356641426,-0.094031036,-0.052309957,0.179294989,-0.021313659,-0.071154545,0.110818801,-0.056402709,-0.015642633,0.081665474,-0.009877369
fly,fly_03,5,3005,3034,0.134567151,0.156800938,0.168312688,0.121011752,0.137873113,0.10110077,0.065321642,0.038755268,0.018162652,0.028164064,0.029929962,0.528298322,0.258884865,0.180333589,2.929561409,0.893393088,0.880977444,0.04318649,0.552483943,0.542393357,0.201086357,247.4873895,237.9709325,45.42061363,148.1579527,151.7733617,33.39895419,219.0071644,213.2113348,161.5681833,184.755068,83.5065225,739.02027,48.7881348,10.69808612,3.597765233,12.01815881,4.438879717,1.821934162,4.40187868,-0.905027796,1.105755854,-0.771378033,-0.416193971,0.546260449,-0.427628645,0.020301544,0.314908981,8.05E-05,-0.076415734,0.223287268,-0.037730768,-0.049310083,0.115964601,-0.029854807,-0.006117345,0.084479731,-0.003220017
fly,fly_03,6,80,109,0.130109804,0.143180453,0.147526895,0.104294982,0.119567908,0.091559046,0.065432928,0.046199093,0.026477605,0.053056391,0.072594895,0.462948831,0.22386289,0.263760912,1.755183618,0.942803956,0.958287025,0.049536159,0.773701674,0.822784972,0.194177513,314.3381254,310.3389784,71.30747114,183.0920771,185.7967891,29.28835154,225.1032089,216.4172523,193.388482,184.755068,133.975168,699.429899,69.98298022,7.126763491,3.47254071,6.42080355,2.399336628,1.834253067,2.196710031,-0.438736789,0.655292631,-0.310450709,-0.425626523,0.451230452,-0.35888111,-0.102310744,0.214648076,-0.120613775,-0.010531538,0.141755815,-0.01476353,-0.063321169,0.085317361,-0.057283711,-0.028849946,0.061989088,-0.020727432
fly,fly_03,6,110,139,0.090077453,0.114254207,0.135702299,0.108057391,0.138494064,0.118560781,0.091074428,0.064220834,0.033936717,0.054316461,0.051305365,0.500814535,0.246551455,0.294853805,1.698518136,0.934108777,0.935391814,0.047964095,0.710659868,0.736541054,0.219330484,313.5935139,307.5711598,65.16924694,167.4025969,166.962142,35.16893503,222.6832493,215.9839316,232.1155122,224.345439,110.1873352,580.658784,67.18366095,9.155428453,3.414528978,9.685057941,2.668737916,2.067579802,2.397317833,-1.196879126,1.256849631,-0.758425579,-0.182886396,0.555603183,-0.166768065,-0.093774227,0.294454088,-0.087841042,-0.066049833,0.200197957,-0.03922037,-0.047806968,0.105685629,-0.037988593,-0.019880875,0.078996811,-0.013824828
fly,fly_03,6,205,234,0.047140832,0.063887039,0.082999589,0.072745189,0.104684076,0.104983116,0.097845579,0.087061351,0.058010947,0.128817037,0.151825244,0.36541197,0.177429265,0.523560159,0.69793693,0.937593908,0.940637912,0.041047794,0.736149939,0.756372499,0.177974093,450.6655082,447.7463765,110.6598568,166.1948044,161.976103,30.83639924,241.1618615,217.4484622,464.4776932,475.084459,192.5763044,739.02027,46.18876688,8.509084225,3.731284499,7.521335944,-0.703029589,2.838317934,-1.014991975,-0.767065293,1.498158384,-0.402831259,0.034155697,0.586984796,-0.02885941,-0.311303056,0.326780257,-0.356340979,0.035633887,0.199049664,0.065856124,-0.098654758,0.109278152,-0.105835334,0.010472954,0.08784804,0.018837672
fly,fly_03,6,318,347,0.138180507,0.154118404,0.159894667,0.112864038,0.127959929,0.095180568,0.064278858,0.041356684,0.02133625,0.03750924,0.047320856,0.495899202,0.240823966,0.211801888,2.341335135,0.919212861,0.921504668,0.054622749,0.670041983,0.702415407,0.232251351,282.8394344,276.6081442,67.55151724,169.1476278,172.8624277,37.57547751,228.8379437,218.4735234,166.8715664,184.755068,125.8013841,739.02027,74.18195902,9.902557675,3.243779256,9.966915985,3.328206247,2.132097317,3.173139561,-0.609163529,1.103756797,-0.372143508,-0.40044614,0.505168649,-0.330376172,-0.029264794,0.302829683,-0.024268737,-0.068442285,0.204286909,-0.030358989,-0.036345491,0.123641927,-0.029295833,-0.017544852,0.07291499,-0.017460165
fly,fly_03,6,1540,1569,0.087014986,0.111233116,0.133766729,0.107972437,0.140464376,0.122247633,0.095135393,0.067444669,0.035443,0.054733028,0.044544634,0.504451175,0.248436813,0.297300723,1.696770761,0.916921189,0.911664555,0.042975418,0.64277816,0.628220855,0.180615303,291.411617,292.6987584,56.52744689,154.402822,149.7114439,31.86747053,241.7311706,215.5887449,213.492004,224.345439,102.0119125,501.478041,58.08587356,10.55637824,3.184717272,11.16918279,3.202405426,1.686102836,3.347567101,-1.272350836,1.3771932,-1.124731769,-0.141309972,0.707198735,-0.125984858,-0.162673117,0.312268839,-0.153484393,-0.019217102,0.232857119,-0.008439823,-0.078502384,0.146854979,-0.060417259,-0.03373241,0.093611281,-0.027803132
fly,fly_03,6,2120,2149,0.066244295,0.088299069,0.111300345,0.094525225,0.131530764,0.126288337,0.110490091,0.08824054,0.050436546,0.079087803,0.053556986,0.463644671,0.226055989,0.381811965,1.214327242,0.928818335,0.925217501,0.034894655,0.69069886,0.676270791,0.160738941,321.2694772,329.6290089,57.9376365,156.3638473,150.1731176,29.55167247,226.7014837,209.5660462,263.8124764,263.935811,100.9870154,422.297297,43.98930182,11.97786862,2.827764923,11.89793508,2.275588524,1.878657917,2.05893844,-1.70224019,1.37601098,-1.721906309,-0.073354032,0.60868249,-0.11732311,-0.154956223,0.314239753,-0.116707566,-0.04947232,0.208448982,-0.083878164,-0.052629525,0.117637737,-0.040307084,-0.032193865,0.08919249,-0.027995349
fly,fly_03,7,257,286,0.109148049,0.121608286,0.127709219,0.092615754,0.110432511,0.090551638,0.071500593,0.057320314,0.036964749,0.084113601,0.098035286,0.421309123,0.203048265,0.347934543,1.210886161,0.919717849,0.923248979,0.04811121,0.671975453,0.676040075,0.196703572,322.7523827,310.2765807,109.9142607,163.8935541,163.4147512,32.14647869,227.4984412,209.9125823,244.8189647,197.951858,197.6896984,739.02027,60.38531431,9.609938494,3.626031833,10.1878587,1.973977092,3.118305483,2.267506626,-0.776796817,1.224042413,-0.44627036,-0.193105659,0.693736161,-0.240827362,-0.166755905,0.353709266,-0.151446205,0.002706751,0.189627899,0.004149219,-0.102136818,0.123654867,-0.091637335,0.006181425,0.076907248,0.012979317
fly,fly_03,7,2260,2289,0.112499493,0.124875897,0.133701208,0.100678152,0.126363544,0.109424185,0.087398062,0.064569977,0.035115251,0.055761018,0.049613214,0.470167089,0.227041696,0.292457521,1.607642324,0.926057146,0.928230026,0.044548148,0.68688261,0.687903541,0.191695993,298.1586267,287.8982739,65.49420197,166.1070247,165.3914916,31.63368418,222.6160542,213.4201074,202.6385687,211.148649,125.9087913,620.249156,74.78181316,10.16504934,3.585959108,10.97964444,2.864940756,1.903019115,2.92043934,-1.005951639,1.307449193,-0.645154685,-0.091804798,0.645773673,-0.11764515,-0.083003017,0.275949862,-0.083178529,-0.03386923,0.242197502,0.003555724,-0.016499699,0.139187604,-0.027845113,-0.03631117,0.084575931,-0.022497807
fly,fly_03,7,2400,2429,0.122962247,0.135956176,0.143307647,0.105090601,0.126768168,0.103786745,0.078457013,0.056027329,0.030511301,0.051069202,0.046063571,0.478953161,0.231858769,0.262128416,1.827169935,0.910049788,0.91398758,0.050071941,0.632195736,0.632680325,0.198068726,283.3881655,275.3788029,70.58387887,154.8654456,151.9993129,30.60049708,220.8443718,212.2357692,184.6317331,184.755068,124.5731794,607.052365,59.58550886,9.432760925,2.733322984,9.730933441,3.261133628,2.078752409,3.411949585,-1.005858955,1.2882884,-0.660242224,-0.280949292,0.62953498,-0.303387194,-0.133185651,0.355321283,-0.125612243,-0.004987969,0.185432,0.012526311,-0.087239418,0.112705778,-0.07353075,-0.006980324,0.084344241,0.005796205
fly,fly_03,7,2893,2922,0.095070181,0.107848299,0.114574246,0.08393285,0.102497496,0.089620947,0.079236336,0.072058265,0.049755238,0.107720531,0.097685611,0.390625539,0.186430346,0.406455981,0.961052505,0.921702467,0.913649962,0.054554555,0.6823943,0.647874036,0.215230213,321.9461017,295.5108242,102.2239096,161.6874126,154.5915489,32.91780465,224.66198,215.538432,264.6758178,197.951858,187.871446,739.02027,74.78181311,8.344228734,2.826051233,8.356801657,2.116004113,2.951569071,2.761185605,-0.82654371,1.068357496,-0.539774049,-0.305780455,0.663858777,-0.370566476,-0.110753062,0.282814556,-0.102926439,0.038088764,0.193909101,0.029752543,-0.099517204,0.114965924,-0.078134342,-0.006244776,0.079259761,-0.008707716
fly,fly_03,7,3370,3399,0.142307568,0.158001875,0.162843516,0.114169088,0.128588833,0.095061033,0.063918941,0.040865233,0.020777127,0.034797819,0.038668966,0.50066247,0.242757922,0.199028087,2.515536769,0.90907658,0.899525921,0.052375164,0.616770185,0.573074944,0.230168674,270.8541908,249.8103156,72.82461372,156.2059444,152.1539208,37.82946995,237.1027851,218.1028746,182.7817157,184.755068,154.1975907,739.02027,73.58210488,9.650953674,3.484033231,10.57320868,3.685560947,2.267248354,3.956335718,-0.888863107,1.067959478,-0.866154847,-0.330103063,0.611360982,-0.370700646,0.028117059,0.313824911,0.034991485,-0.093349105,0.224112444,-0.096671412,-0.048300711,0.123282508,-0.030300763,0.001908663,0.071003847,0.006310288
fly,fly_03,8,140,169,0.095283343,0.109436803,0.119459408,0.090836462,0.116069284,0.105632585,0.092626997,0.077787452,0.047604349,0.082850376,0.06241294,0.431997739,0.206905746,0.363282115,1.189152237,0.937449123,0.940876579,0.04969264,0.734935345,0.751785986,0.208629743,343.7931731,343.0680172,85.77840069,169.280283,165.8837077,35.92530215,238.4940931,222.9200437,251.3556927,211.148649,186.0910401,739.02027,88.8783848,8.412254342,3.859712854,8.52878067,1.814753223,2.402465563,1.52316159,-1.130253011,1.323648314,-0.730284642,-0.070897813,0.598968472,-0.103788868,-0.148115892,0.309102638,-0.073583675,-0.013033916,0.190230515,-0.017357398,-0.049861876,0.136584912,-0.039375586,-0.018455575,0.087413113,-0.015956312
fly,fly_03,8,195,224,0.112424325,0.137733132,0.157562159,0.120780689,0.147410388,0.116890778,0.080505003,0.048887542,0.022010015,0.029331339,0.026464629,0.542644014,0.268191077,0.207198529,2.618956888,0.894145013,0.88955674,0.041136789,0.552323653,0.53862326,0.187016736,258.5394481,251.7436027,43.09554343,145.2624266,146.1548129,30.62020015,224.770988,199.5189728,178.341674,184.755068,80.85969803,303.526183,49.98784302,10.59356121,3.581470209,11.17623982,4.272327328,1.693994282,4.17620841,-1.205817626,1.398743611,-1.005348653,-0.429966059,0.515826777,-0.331714718,-0.013813209,0.295700397,-0.01709679,-0.094657453,0.263865399,-0.025695885,-0.047658315,0.151328343,-0.038453902,-0.02740492,0.102529628,-0.015099439
fly,fly_03,8,378,407,0.057721276,0.068811485,0.082005804,0.069996796,0.102727087,0.109053928,0.108300223,0.099716047,0.065464467,0.128844612,0.107358274,0.363783615,0.172723883,0.509683624,0.713743973,0.939532729,0.942518527,0.043277432,0.737062902,0.758109436,0.189892563,378.5430281,384.2082686,89.71298891,165.9006905,164.4441041,34.03503616,231.5469794,211.3321427,329.4264256,316.722973,179.2494476,686.233108,73.0822264,8.975674351,3.475057168,9.375000085,0.813600884,2.599422706,0.572678707,-1.397152506,1.494003794,-0.764610157,0.088463282,0.651685153,0.080150107,-0.271214261,0.359624996,-0.255383161,0.003628032,0.206141458,0.012948261,-0.102567154,0.136641007,-0.085006754,0.011769561,0.103802549,0.015047404
fly,fly_03,8,795,824,0.11262913,0.134581428,0.151622188,0.115734634,0.141884159,0.114240804,0.080903212,0.051302348,0.024367455,0.035529894,0.037204748,0.523481785,0.257618793,0.229307657,2.282879661,0.903945647,0.901034355,0.042259454,0.591879181,0.589824489,0.188800236,268.4319675,261.5578878,47.63639565,149.6816391,146.6248695,32.52512515,241.7918939,212.7458638,189.1951093,197.951858,81.08901043,395.903716,51.48747831,11.25650548,2.792961691,11.84207033,3.892600213,1.73598268,3.929278629,-1.18509067,1.267555282,-1.047960876,-0.435920059,0.592362648,-0.434197751,0.070540222,0.270803874,0.077524026,-0.131587403,0.224454794,-0.080576651,-0.046428295,0.147359201,-0.042291407,-0.013627755,0.094298221,-0.006642344
fly,fly_03,8,860,889,0.100785157,0.114754945,0.124389942,0.093796029,0.117804215,0.103394775,0.085988608,0.068347756,0.040540029,0.073356502,0.076842042,0.439384961,0.211600244,0.345074936,1.273303027,0.936450064,0.928928074,0.040103639,0.735923401,0.718773219,0.170482215,325.5822167,314.2319735,73.09900534,170.9685499,169.9765458,32.01408387,233.6952041,222.5059486,239.7622505,224.345439,163.4023591,739.02027,74.98176443,8.804224199,2.242283188,9.063273204,2.04662587,1.960258833,2.234256957,-1.019947422,1.365905731,-0.626977216,-0.215537323,0.609505318,-0.281361025,-0.112904047,0.337658522,-0.117452949,-0.046301811,0.193020822,-0.034072885,-0.062453991,0.115165275,-0.059789523,-0.013516872,0.073356605,-0.017998644
fly,fly_03,8,1020,1049,0.070678046,0.091664846,0.111831437,0.09212008,0.124511868,0.116675526,0.101503685,0.082844011,0.049562589,0.086850705,0.071757208,0.44513891,0.216631948,0.392518198,1.134059295,0.934717134,0.933643439,0.031302599,0.72229453,0.72554283,0.134144454,316.9792219,316.4468235,54.80342689,161.882106,161.1445492,24.38176872,230.4924808,207.5484095,247.1623201,224.345439,101.75206,541.068412,45.88883986,8.474163306,2.327867449,8.675025581,2.28871077,1.533552781,2.394728618,-1.404762071,1.186232859,-1.291716892,-0.15112256,0.604918684,-0.220266457,-0.189746891,0.312863152,-0.145480687,-0.053663728,0.178266326,-0.04415508,-0.070031397,0.113670755,-0.060308952,-0.025376761,0.068397302,-0.015757402
fly,fly_03,8,1085,1114,0.11879079,0.144631345,0.162598447,0.121895215,0.144972009,0.111619432,0.075089753,0.045148355,0.020482876,0.028105553,0.026666226,0.541085102,0.266867224,0.195492763,2.767801192,0.895814679,0.882632956,0.045036213,0.559963966,0.532660681,0.202669872,253.1498175,247.1311512,55.03292884,147.4396076,142.4201566,32.6035598,217.5563328,211.5680552,170.3249321,184.755068,94.22079285,739.02027,54.58672461,10.14754793,3.679841864,10.43418697,4.255477956,1.907072453,4.528450679,-1.023918554,1.268350318,-0.781011151,-0.406881769,0.534220464,-0.344051807,0.011879116,0.305376881,0.021536436,-0.082293605,0.24311216,-0.068276928,-0.039686417,0.144062499,-0.029341484,-0.021358283,0.094333589,-0.008008103
fly,fly_03,8,1160,1189,0.144609708,0.159279983,0.163079576,0.11367092,0.127004777,0.092645536,0.061396582,0.039181648,0.020411436,0.036695281,0.042024554,0.496400809,0.240675697,0.199709501,2.485614389,0.900780028,0.903959574,0.054042957,0.598399049,0.617078756,0.218185842,259.1880392,253.2133927,55.60877829,153.0364805,157.0483877,32.88283397,225.1296048,208.5666455,167.4882388,171.558277,88.57106985,739.02027,54.28679752,10.36166457,3.781694371,10.71791921,4.037037875,1.99108123,3.786876788,-0.681137165,0.690314489,-0.734416997,-0.596945874,0.588723596,-0.496920623,0.011340193,0.291301968,-0.020945766,0.013096178,0.171036178,0.005170059,-0.125670881,0.116997261,-0.106022201,0.010120757,0.086841043,0.007959404
fly,fly_03,8,2350,2379,0.04038726,0.056214646,0.074982827,0.067765007,0.102139683,0.110041794,0.111427907,0.106381091,0.07282554,0.149356472,0.108477772,0.354929311,0.16990469,0.548468782,0.647127645,0.924525671,0.916150501,0.035830927,0.662387927,0.639437293,0.168216146,381.6265642,377.2291458,96.22266659,149.131718,144.7220485,30.26034353,238.3171003,210.0936483,354.2166583,356.313345,146.2564291,646.642737,49.58794022,11.36272266,3.740505872,10.99802248,0.380441453,3.278628571,0.771614943,-1.80429254,1.402400709,-1.658088658,0.195278316,0.84626576,0.306477571,-0.288497329,0.397013562,-0.245482502,0.082149076,0.272798976,0.08568138,-0.156085177,0.153650063,-0.156261151,0.029827255,0.111812572,0.030108662
fly,fly_03,8,2380,2409,0.121328128,0.135629366,0.144501739,0.106717733,0.129063698,0.105122484,0.078117776,0.054192059,0.028678975,0.047604229,0.049043815,0.485405653,0.235781431,0.257636854,1.884069167,0.924519171,0.920996186,0.041580543,0.684683314,0.674459481,0.18226196,287.3998385,278.3042197,56.1458746,166.0557585,162.0910634,29.84848949,231.4060963,212.2031055,189.1951093,184.755068,107.6560619,580.658784,63.08465792,9.464773755,3.688078026,9.758849474,3.095457254,1.724453407,3.190335533,-0.877933413,1.125309287,-0.760773661,-0.261709609,0.565063722,-0.290028575,-0.069274237,0.258949937,-0.07391989,-0.019129714,0.187076847,0.003027962,-0.053714219,0.09380122,-0.038977881,-0.013923851,0.069428324,-0.006490726
fly,fly_03,8,3380,3409,0.140124365,0.153523575,0.157313149,0.110475123,0.125313487,0.093910321,0.064507139,0.042684497,0.02269532,0.040873251,0.048579773,0.487012079,0.235788609,0.21933998,2.220352524,0.925156264,0.942327214,0.055625041,0.703818083,0.753273818,0.212019055,302.1569041,305.1595476,75.00960918,167.626469,164.0068241,31.93980714,228.8227039,215.8370301,199.6785409,197.951858,108.1792698,501.478041,58.18584924,9.777492673,3.867595525,9.44240777,2.755551242,2.12351795,2.428134235,-0.72792005,1.034108451,-0.638720346,-0.428387577,0.539896916,-0.381006392,-0.081546525,0.237821616,-0.086538164,-0.023477204,0.166622003,-0.025097575,-0.078669435,0.103711167,-0.076923817,-0.016558662,0.067027016,-0.011439928
fly,fly_03,10,1990,2019,0.055976557,0.069460413,0.083129752,0.068941958,0.096293534,0.096984766,0.09468347,0.090537304,0.064015098,0.144855278,0.13512187,0.34535001,0.165235492,0.52921302,0.652572777,0.930845406,0.930358132,0.037216699,0.698963905,0.699943008,0.170403963,379.5441843,374.6990587,101.1888907,158.1620623,151.8488876,33.03089181,236.201215,215.5487475,325.8497253,316.722973,174.9223527,699.429899,48.58818339,9.199458519,3.047051809,9.364894055,0.500000585,3.10110177,0.841473431,-1.368215713,1.345840565,-1.05736383,0.206320227,0.82084543,0.133860619,-0.185213691,0.322657695,-0.175905193,0.017357532,0.2209941,0.012326452,-0.123434684,0.148691145,-0.122131691,0.017122513,0.097784842,0.021019056
fly,fly_03,10,2130,2159,0.135291235,0.153534881,0.16142493,0.11464516,0.129877536,0.095658372,0.063444521,0.040143668,0.020697885,0.037343006,0.047938804,0.501605999,0.244522696,0.209567885,2.393525126,0.913719691,0.9100155,0.05652118,0.658506886,0.630580422,0.221743424,278.5496596,263.1694429,73.59698151,163.3091205,156.4011009,35.03199705,237.0183003,222.0221299,166.7482319,184.755068,112.7585358,739.02027,68.18341789,9.341464193,3.523044688,9.726417032,3.346672172,2.088223343,3.589421339,-0.516008529,0.846586895,-0.387036391,-0.511989248,0.546542262,-0.42612007,-0.01089276,0.262669026,0.000637775,-0.016142502,0.13378679,-0.021677441,-0.080260699,0.104965786,-0.069155788,-0.010672417,0.063015666,-0.008120221
fly,fly_03,10,2230,2259,0.09524561,0.104108946,0.109551491,0.081843264,0.104084979,0.09540601,0.085491419,0.074951591,0.048914016,0.099793312,0.100609362,0.390885744,0.185928243,0.409759699,0.953938967,0.938646447,0.947264343,0.043389695,0.746963236,0.788187034,0.176287333,357.0763978,351.9258781,94.05088116,169.607893,171.9578635,28.94901257,229.2230092,208.204307,303.0328445,277.132601,172.7532108,580.658784,58.0858735,10.32357944,2.428802679,10.61124854,1.262489869,2.52744225,1.353218312,-1.078293753,1.238105096,-0.748969276,-0.137822431,0.619708448,-0.126879978,-0.178195198,0.351564942,-0.141573167,-0.021273702,0.173478984,-0.011136548,-0.093357399,0.114183078,-0.081871263,0.011294171,0.070856999,0.013682963
fly,fly_03,10,2260,2289,0.045972262,0.062004237,0.080989318,0.072376611,0.108080783,0.114580754,0.112476623,0.101997757,0.065780528,0.124226183,0.111514943,0.376027467,0.180457395,0.515996034,0.728741001,0.963989671,0.971171176,0.026571096,0.846613862,0.885060788,0.120093805,369.5774025,371.2054859,48.87986357,183.4302847,184.9446073,27.2945754,223.2575343,215.8735676,300.3194857,277.132601,147.3662312,739.02027,87.87862792,9.168346497,2.495753479,9.036171898,0.96084364,1.249996496,0.91453645,-1.157983265,1.191402483,-0.784377239,-0.085066283,0.541863068,-0.085943273,-0.210092105,0.232439901,-0.188449491,-0.039439682,0.137592523,-0.041455219,-0.071931649,0.090911326,-0.063329727,-0.027704131,0.060381942,-0.016559527
fly,fly_03,10,2290,2319,0.035184564,0.045685793,0.058144112,0.051785287,0.079260831,0.089721217,0.097868626,0.101928278,0.075679966,0.178003082,0.186738244,0.278911447,0.131046118,0.640218197,0.435650609,0.961454571,0.963851838,0.026501492,0.836842498,0.853800155,0.114793116,421.6157007,414.8596192,75.9333821,178.0100484,175.3041321,24.92333634,228.9853687,217.6348816,403.1804512,395.903716,167.6738627,699.429899,62.18487665,7.196616504,3.187071757,6.298936151,-0.250720027,1.949954553,-0.25393075,-0.979287637,1.044919119,-0.795867764,0.046952243,0.549468531,0.080004633,-0.245518228,0.279153678,-0.235629262,-0.005732896,0.160115014,-0.008291005,-0.085678865,0.101223428,-0.093960846,0.000160685,0.071102019,0.000675505
fly,fly_03,10,2375,2404,0.064468844,0.07850717,0.093333733,0.07762993,0.108882464,0.108839659,0.102457179,0.09105897,0.058918228,0.115858061,0.100045762,0.388685786,0.186512394,0.4683382,0.829925438,0.94151633,0.948962564,0.039507213,0.749898707,0.7837952,0.166965367,354.2085204,347.0383662,88.35392449,168.97441,162.7691408,29.72143653,239.2634212,215.8432075,286.6293572,263.935811,169.2146953,673.036318,63.38458492,9.970106144,3.150189046,9.37597616,1.287404677,2.538698956,1.523995878,-1.094959382,1.204602697,-0.838017928,-0.01624178,0.601025612,-0.036334264,-0.180812061,0.314405139,-0.192279103,0.005948506,0.189164174,0.008054391,-0.066065316,0.115593109,-0.055958419,-0.004788752,0.085391297,0.004610655
fly,fly_03,10,2930,2959,0.048604186,0.059649745,0.07017633,0.05720144,0.078670284,0.078440701,0.076744645,0.074813985,0.05509612,0.146379931,0.254222634,0.284488755,0.135871724,0.607257315,0.468481397,0.933994664,0.938445653,0.045473108,0.725443294,0.738916525,0.189228663,401.7041159,405.8323456,118.7885326,165.6843829,163.1747908,32.28435306,233.1888362,215.1795986,379.7468979,395.903716,222.5367347,739.02027,65.18414723,8.472644007,3.076205879,9.043157132,0.005840727,3.128353426,-0.219310876,-0.870285987,1.372738505,-0.610730051,-0.032316492,0.605620873,-0.006047793,-0.186422461,0.299828892,-0.166470187,-0.005144827,0.172247221,0.026905728,-0.071225691,0.104172735,-0.057023375,-0.001947165,0.073482805,0.008052636
fly,fly_03,10,3130,3159,0.052369857,0.066842074,0.0793896,0.06353916,0.083915858,0.07922596,0.075116982,0.074447117,0.057125676,0.155280774,0.212746941,0.306070578,0.147455018,0.574717491,0.532558315,0.914498825,0.914080642,0.053951559,0.62880602,0.626054881,0.233522447,334.2753626,302.3346162,120.2526669,152.1846712,145.9728375,36.82754929,225.6564987,214.353186,294.3994302,224.345439,193.6264559,739.02027,62.58477933,11.0979609,3.89756313,11.65771218,1.619567696,3.846688368,2.560615432,-1.107986584,1.263706815,-1.044065474,-0.270039652,0.820712426,-0.346374442,-0.059530547,0.389803023,-0.024822798,-0.008003998,0.239069001,-0.034345767,-0.140665552,0.175273333,-0.116162514,0.032792709,0.092897274,0.012722823
fly,fly_03,10,3340,3369,0.097421326,0.112133636,0.123577541,0.094810929,0.121185924,0.108259795,0.091260325,0.07314029,0.043361108,0.075209858,0.05963927,0.447834188,0.215996853,0.342610851,1.30712202,0.919466784,0.917282694,0.040219867,0.669755135,0.656093478,0.164596107,297.4157045,289.7846256,66.39407487,160.2803829,161.1748176,29.68500094,225.6629497,213.460621,197.2118512,184.755068,116.5555442,475.08446,51.78740535,12.96477435,3.115081009,12.78848264,2.726291171,1.943054031,2.969739971,-1.078063762,1.383704816,-0.808045109,-0.236165624,0.655422703,-0.230109794,-0.149443131,0.359512934,-0.067972438,0.013431831,0.169757424,-0.001821203,-0.095033354,0.132506705,-0.068193412,-0.001310734,0.084519227,0.008963363
fly,fly_03,10,3370,3399,0.10657978,0.125442476,0.137843291,0.102783461,0.124311805,0.101580709,0.077490314,0.057486659,0.03335099,0.063020692,0.070109823,0.466519267,0.227095267,0.301458477,1.547540713,0.943975693,0.950050604,0.043654593,0.768524292,0.778959397,0.176672338,318.5974038,314.1304963,65.85062151,176.2523131,178.1834695,27.68773038,229.050177,216.6543699,220.275401,211.148649,139.5550044,739.02027,81.68013545,11.2215677,3.405825648,11.23580739,2.30754688,1.738513532,2.238771795,-0.804011682,0.77479392,-0.732904392,-0.258359476,0.53987189,-0.279248418,-0.069301883,0.26690872,-0.058035171,-0.047153936,0.138914452,-0.036663683,-0.065939624,0.093658827,-0.050479962,-0.008124697,0.058290884,-0.002713413
fly,fly_07,1,68,97,0.085134868,0.099010117,0.109696196,0.083971264,0.106156862,0.092772092,0.076390499,0.061215081,0.038205999,0.085704316,0.161742705,0.392596414,0.190128126,0.4232586,0.927556851,0.909200885,0.915532921,0.044864102,0.648921735,0.659265364,0.166370028,439.5259413,467.7789548,158.8472073,170.193408,171.7137654,29.6988271,235.0132108,215.6438788,484.3345462,580.658784,282.1561796,739.02027,43.58939908,9.173507058,3.871624416,8.454227807,0.369200374,3.42378394,-0.893583873,-0.051978877,1.498816662,0.159142643,-0.37464109,0.730805824,-0.443627437,-0.11975161,0.384949026,-0.060513514,-0.003148031,0.205274061,0.015657077,-0.075729876,0.136935442,-0.064969309,-0.003435644,0.08559217,-0.003370345
fly,fly_07,1,83,112,0.130771092,0.150453391,0.160318337,0.115315895,0.132787862,0.100415547,0.068980207,0.045071603,0.023280553,0.038204132,0.034401382,0.508837641,0.248103757,0.209937876,2.423753395,0.890487494,0.889997726,0.048168364,0.538358048,0.530033148,0.197109824,252.040864,245.7068353,59.94856341,142.5207938,142.5545836,30.09450071,215.7133051,200.5852185,176.8616602,184.755068,94.94569255,633.445946,47.0885481,12.6242889,3.980847642,13.18591692,4.388634971,2.063585375,4.492553428,-1.026871066,1.023122036,-1.006715512,-0.448976142,0.720031821,-0.417511498,-0.033937535,0.352758031,-0.017935443,0.020654347,0.162732759,0.028172758,-0.139235972,0.148264672,-0.095367369,0.02540538,0.093733138,0.019181425
fly,fly_07,1,125,154,0.026768792,0.033450946,0.042459241,0.039301651,0.065049918,0.082321368,0.09995296,0.112982554,0.087790027,0.209995836,0.199926707,0.229132178,0.104351569,0.710648084,0.322427068,0.945134233,0.948315101,0.030165849,0.765119789,0.785713519,0.134993682,431.9824232,438.675978,92.62875082,169.1861651,170.5760318,27.75874691,220.8486885,211.5618421,421.1872869,448.690878,189.7261788,739.02027,67.88349073,9.573814808,3.891484098,10.22838088,-0.719522026,2.40593651,-1.064921437,-1.045851111,1.426363341,-0.848255973,0.197110233,0.644432467,0.276535577,-0.311163775,0.366154057,-0.319508063,0.016680875,0.228859398,0.021515005,-0.091017894,0.136426515,-0.087166225,0.017012297,0.097732811,0.022336171
fly,fly_07,1,173,202,0.029703377,0.038022895,0.047946327,0.04297376,0.067757136,0.081369657,0.095473183,0.106563664,0.083088034,0.203979403,0.203122563,0.240046881,0.110730897,0.692226847,0.346774879,0.919664832,0.91384607,0.027952331,0.639055096,0.622719519,0.133212008,480.1696819,473.4369257,91.3094462,142.6780402,139.9720256,22.93981625,213.2662797,191.3538837,491.6112812,488.28125,142.3686181,725.82348,45.18901005,12.6827477,2.797743739,12.6767392,-2.240335854,2.632023512,-2.651977528,-1.578457583,1.650029071,-1.510685069,0.550928023,0.700588141,0.676862054,-0.463508197,0.370257992,-0.465919622,0.134446729,0.244365878,0.138624043,-0.187782391,0.139543192,-0.192618591,0.07001495,0.098976393,0.069232294
fly,fly_07,1,188,217,0.048463659,0.059941425,0.071837571,0.059944798,0.084653861,0.086706999,0.086498187,0.085371333,0.063033397,0.159344693,0.194204075,0.30314323,0.14459866,0.588451685,0.515153984,0.926241939,0.919400991,0.031166684,0.669140502,0.6574553,0.146482545,416.0923129,393.5558186,120.7763103,153.6611022,151.7038545,25.68265227,220.6387172,201.464776,402.3171097,395.903716,193.0187403,712.626689,58.08587352,11.3384142,3.335957268,11.40634715,-0.436126636,3.39485173,0.106679528,-1.151117796,1.470959437,-1.047423144,0.345123729,0.64052072,0.320734399,-0.364418918,0.369776918,-0.357973821,0.029312727,0.17642605,0.036361751,-0.124312978,0.145846121,-0.12482068,0.024520401,0.08492594,0.030981882
fly,fly_07,1,203,232,0.057730906,0.070066014,0.084840454,0.073125143,0.108012135,0.115338796,0.115025344,0.105496325,0.067887194,0.122375231,0.080102459,0.381316528,0.181137278,0.490886552,0.776791556,0.933004277,0.93536422,0.033585192,0.707900255,0.712325999,0.149947607,336.8272404,339.5009263,69.54004805,160.0909974,158.7534957,29.68969514,228.6556851,215.0688836,268.4991869,263.935811,135.2999046,475.08446,59.18560612,10.18542913,3.037286083,10.47534609,1.587400129,2.198606477,1.765764918,-1.607014326,1.503818078,-1.372065875,0.085054175,0.643515334,0.094482436,-0.261189056,0.369233032,-0.199934012,0.010558974,0.206714203,0.03054885,-0.093176844,0.144982723,-0.076699474,0.000778926,0.088479857,0.01122971
fly,fly_07,1,218,247,0.101009107,0.110959693,0.116826721,0.08671188,0.108615297,0.097124974,0.084858958,0.072923241,0.046824287,0.091533143,0.0826127,0.409278871,0.195327176,0.378752329,1.080597634,0.927989923,0.925342412,0.04175345,0.70731432,0.699682983,0.16727296,313.3947725,304.9564426,79.60990019,167.7979654,166.9823881,29.38564054,224.7067451,214.7054595,222.3720873,197.951858,154.3415036,712.626689,62.9846822,10.13962959,2.797062576,10.39249808,2.119950669,2.298341775,2.457009206,-0.918760591,1.332159019,-0.535677886,-0.200143954,0.690748515,-0.281280854,-0.125111646,0.303399481,-0.084449261,0.012861316,0.19540581,0.00090199,-0.082030391,0.108901179,-0.058049128,-0.006733801,0.081845748,-0.008571977
fly,fly_07,1,233,262,0.095778593,0.112084596,0.126899594,0.099987845,0.130482576,0.117155202,0.096244442,0.072678037,0.040024353,0.062379478,0.046285285,0.474525216,0.230470421,0.317611595,1.494042481,0.920475561,0.92261826,0.042447727,0.670466151,0.684486082,0.181884831,301.1183229,298.9105628,73.83684867,162.8277084,161.5528334,29.98055864,221.270653,212.5164851,207.2019449,197.951858,146.2870547,739.02027,60.78521711,11.92804079,3.907979928,11.43957261,2.639127898,2.188580738,2.783331791,-1.102103185,1.514365971,-0.657135422,-0.164723493,0.71465513,-0.298707238,-0.146590479,0.326995624,-0.088318887,-0.014469193,0.179471084,-0.011374977,-0.075273426,0.12932842,-0.064387409,-0.026824878,0.092989996,-0.011652713
fly,fly_07,1,248,277,0.063144258,0.077475035,0.093649035,0.079465427,0.114062577,0.117058148,0.112522468,0.100589722,0.063935073,0.11388074,0.064217517,0.404235187,0.193528004,0.455145521,0.888144929,0.916566276,0.920703142,0.034511708,0.624441116,0.648756761,0.169051826,371.8153234,382.3320262,91.42085257,142.4099212,140.408142,25.11832839,220.9890654,189.6595229,347.3099267,382.706926,147.2328868,567.461993,48.68815909,13.82692752,3.39960286,13.36261829,0.955250624,3.12656178,0.343320803,-2.265126204,1.529594252,-2.428130174,0.464778575,0.743620286,0.567327111,-0.375656838,0.421721596,-0.41159131,0.065844044,0.290002837,0.079660638,-0.133159532,0.207025522,-0.154849106,0.016436962,0.145100661,0.029919209
fly,fly_07,1,430,459,0.064429138,0.082437534,0.102558118,0.087799985,0.124747973,0.123660137,0.112252776,0.093419914,0.055664331,0.093142778,0.059887314,0.438766213,0.212547959,0.414367114,1.058882808,0.920049167,0.910549941,0.038186597,0.641404011,0.603857469,0.176686144,338.8385306,338.6785005,72.47019383,145.7934357,138.2695259,29.06404306,218.677427,203.5160907,303.4028479,290.329392,119.6269366,541.068412,54.08684611,12.31229151,2.808292816,12.66939455,1.900640367,2.449975184,2.014353809,-2.184091846,1.562360077,-2.509187626,0.087641503,0.672437725,0.037997725,-0.340861155,0.41629809,-0.329090691,-0.03477822,0.2427194,0.022575845,-0.110254092,0.173191698,-0.119277231,-0.011539782,0.11899408,0.004807002
fly,fly_07,1,445,474,0.080925062,0.096902373,0.112422371,0.090708352,0.121989226,0.114753968,0.100524902,0.082444516,0.049373454,0.085872194,0.064083582,0.439873917,0.212697577,0.382298648,1.150602858,0.923854265,0.917418143,0.039400462,0.676736716,0.673732602,0.171399459,321.4887944,312.2565963,73.31061794,158.3081087,157.5474274,32.91565578,228.6496595,218.0275225,248.2723305,237.54223,138.1902723,725.82348,65.38409865,11.49400261,3.824748873,12.32165761,2.087429725,2.316637396,2.493929083,-1.456424553,1.591383398,-1.282354371,-0.189016041,0.655913769,-0.194465142,-0.200613427,0.392300159,-0.119242688,-0.017401212,0.204323971,0.011283281,-0.110269272,0.140853195,-0.083744113,0.00819796,0.093242507,0.013450844
fly,fly_07,1,460,489,0.135061275,0.143774915,0.145659844,0.103328005,0.120834319,0.095737221,0.07045909,0.049669448,0.027338787,0.049597934,0.058539162,0.465559388,0.224162324,0.255604422,1.821405848,0.924786306,0.932256727,0.044379953,0.69990879,0.728042654,0.174244997,282.1965916,279.9216928,53.99162284,171.7688641,171.1891315,29.33293526,231.9874654,216.4691642,161.0748453,184.755068,107.656062,725.82348,66.98370965,11.41240416,4.151739635,12.01225911,3.105871126,1.549061342,2.986306216,-0.49690596,0.794912778,-0.512560839,-0.345723044,0.607081506,-0.292787016,-0.025202354,0.255424436,-0.023598925,-0.008917429,0.164544651,0.003115284,-0.069660179,0.099028886,-0.05707004,0.002175785,0.060349271,0.010221655
fly,fly_07,1,545,574,0.051861902,0.061521411,0.070868802,0.057459571,0.079424479,0.080048618,0.078999443,0.07724116,0.056736894,0.147187897,0.238649824,0.28780147,0.13688405,0.598815217,0.480618164,0.901285634,0.910157393,0.050050366,0.597547198,0.580735394,0.170963351,442.4032581,417.8947515,152.6308817,148.905031,147.1563302,25.9483946,224.551496,201.9250711,440.550802,409.100507,242.6248304,739.02027,54.9866273,12.53772982,3.190108344,12.95690508,-0.588246179,3.693726028,-0.83251461,-0.613622411,1.924110893,-0.715034459,-0.037866565,0.846337653,-0.042627801,-0.244547613,0.45382686,-0.228140832,0.009691525,0.274445998,0.018848623,-0.087770624,0.169379424,-0.070785468,0.019739582,0.117698772,0.011429736
fly,fly_07,1,560,589,0.092352996,0.098737932,0.099798709,0.070780921,0.084299054,0.071540244,0.061052902,0.05453302,0.039086857,0.10808833,0.219729036,0.326418927,0.155079975,0.482490145,0.676529729,0.889289202,0.894692724,0.051854741,0.560542722,0.565242983,0.180826579,391.1022257,311.7825745,176.3710209,150.7370628,149.4998875,27.94704854,222.3275523,198.3313942,360.3833828,237.54223,282.059997,739.02027,60.68524135,11.47127236,3.714681499,11.36986976,0.81179972,4.213895801,2.334325794,-0.07881726,1.543119037,-0.114857218,-0.120317335,0.83446666,-0.127880564,-0.208250421,0.409124029,-0.167785586,0.014828788,0.22125633,0.035456085,-0.0693083,0.152233234,-0.056840926,0.002031309,0.109591676,0.006998163
fly,fly_07,1,590,619,0.099103164,0.118557584,0.134690694,0.104792558,0.133496552,0.115864405,0.092106921,0.067884714,0.036949292,0.0571811,0.039373016,0.48884421,0.23828911,0.293495042,1.665596142,0.904537853,0.905765509,0.046585651,0.586137199,0.554140067,0.192916101,297.1984841,286.96151,75.59654811,140.7852327,134.74093,29.46436475,226.1362545,206.7968165,246.6689821,237.54223,118.0647063,501.478041,51.88738102,12.12221512,2.958707293,12.62067685,3.157041078,2.444734735,3.508198998,-1.727850782,1.43350062,-1.552633561,-0.136816543,0.781658292,-0.17913684,-0.112744866,0.417764021,-0.049659601,-0.021104788,0.272164033,0.018401749,-0.100707151,0.161250863,-0.090828816,0.006380426,0.09885095,0.010883205
fly,fly_07,1,605,634,0.116137409,0.136079338,0.150631962,0.113792385,0.13917248,0.113109825,0.082025066,0.053761241,0.026126551,0.036762604,0.032401139,0.516706651,0.252964865,0.231076602,2.236083825,0.901524797,0.894416849,0.052717501,0.580473193,0.511653064,0.216857016,273.3814614,269.4553318,61.08743378,145.6006128,135.4041027,33.7248506,228.7848218,210.0173697,190.9217921,197.951858,94.09489934,395.903716,56.58623826,12.79524613,2.936177054,13.50449932,3.89625753,2.0153485,4.232795497,-1.273400694,1.275789354,-0.933449058,-0.337205987,0.720404093,-0.3740412,0.032928733,0.311982661,0.041825015,-0.089022511,0.240921429,-0.043126904,-0.057667103,0.158110922,-0.036515085,-0.025259308,0.09470911,-0.006057209
fly,fly_07,1,620,649,0.122160013,0.143638318,0.15712945,0.115945045,0.136991929,0.106136865,0.073425825,0.046827163,0.023063829,0.036116484,0.03856508,0.516203289,0.252936974,0.217998381,2.36792258,0.913161562,0.910051219,0.049550948,0.639641741,0.631577401,0.207808523,279.354482,272.5908029,54.12989376,158.5256405,151.4482481,32.66963174,228.1077767,209.2022661,188.2084334,197.951858,77.26599489,382.706926,50.28777008,12.50196995,3.234872538,12.61851414,3.561720343,1.827649508,3.615880565,-0.939242619,1.082358039,-0.782229745,-0.443902697,0.570643023,-0.481109371,-0.027503302,0.289041011,-0.036260286,-0.059580301,0.182623325,-0.031997458,-0.066888809,0.130816422,-0.068180348,-0.021601766,0.090418584,-0.005675135
fly,fly_07,1,635,664,0.135385813,0.154726629,0.163143432,0.115671725,0.130244085,0.094713552,0.061629479,0.038206128,0.019562201,0.036562616,0.05015434,0.503772795,0.245915811,0.206114763,2.444137378,0.91861726,0.918737152,0.045699646,0.678784421,0.685474366,0.180719002,277.2762962,272.7136838,56.56373985,168.0685556,166.1979228,28.66861725,240.1032202,210.6999451,173.5316289,184.755068,91.03550913,646.642737,54.48674889,11.44107943,2.960284491,11.44587494,3.28236845,1.65698774,3.441499083,-0.469235746,0.796570896,-0.436750446,-0.580818866,0.462035085,-0.572680047,-0.053059314,0.272958064,-0.069855121,-0.001708911,0.162721004,-0.019235086,-0.088397884,0.116779845,-0.083287326,-0.012790702,0.073925244,-0.010408565
fly,fly_07,1,650,679,0.147958459,0.160613665,0.161871993,0.111238587,0.122517898,0.087945959,0.057599166,0.036880722,0.019750816,0.038819576,0.05480316,0.483574437,0.233756485,0.207853439,2.326516408,0.923280081,0.931521947,0.052128604,0.699272791,0.722437855,0.203268002,283.6825354,276.8372585,65.50015285,173.801583,176.4525618,31.8160226,231.441235,215.2261603,166.1315595,184.755068,115.2895651,699.429899,65.7840014,11.11771504,3.233273405,10.82727342,3.119004921,1.848433183,3.091911113,-0.348619434,0.703751562,-0.237117724,-0.54984426,0.471509043,-0.490860035,-0.033417226,0.252343958,-0.030087594,0.014813424,0.145852397,0.011776546,-0.088210782,0.104912396,-0.070278744,-0.007601049,0.066925714,-0.000857514
fly,fly_07,1,740,769,0.108049723,0.125907905,0.138408234,0.104212509,0.128211376,0.107090866,0.082635429,0.060221548,0.03324905,0.056130914,0.055882445,0.477922984,0.232423885,0.288119387,1.658767186,0.925463861,0.924123004,0.042239864,0.690453874,0.684356149,0.173597541,295.0337124,282.5930898,70.23898648,165.843873,162.1556345,29.53669815,222.0991973,218.3229719,215.7120249,224.345439,165.076753,739.02027,56.88616531,11.1313333,3.749525811,11.77889922,2.878589153,1.824206889,3.295246338,-0.889869692,1.071166423,-0.898406066,-0.292830268,0.688191845,-0.384986536,-0.022001234,0.253260961,-0.003130232,-0.092393656,0.169222169,-0.096455259,-0.048984868,0.114594422,-0.048082662,-0.018229535,0.07885428,-0.013054077
fly,fly_07,1,820,849,0.048435641,0.061303905,0.074872432,0.063215243,0.090059953,0.09323257,0.094323267,0.094151101,0.069196444,0.163398052,0.147811392,0.321380198,0.153275196,0.568880255,0.564934703,0.930332399,0.926870495,0.037867003,0.68605175,0.693866985,0.181529349,387.8110247,388.7150935,99.11205752,155.9928456,149.6730467,34.59285463,241.3365129,222.3373985,336.9498295,329.919764,173.6831397,633.445946,55.4865057,12.59676843,3.658549784,13.13209631,0.3016414,3.260541517,0.450822566,-1.510533659,1.482994865,-1.769994399,0.18077677,0.720739987,0.10165263,-0.32245927,0.424540967,-0.308934829,0.066069458,0.282628858,0.078162543,-0.119164892,0.163523397,-0.112665397,0.039295595,0.120829045,0.03097474
fly,fly_07,1,870,899,0.081104412,0.096221592,0.109705774,0.086857923,0.114869656,0.107253443,0.09531706,0.081341131,0.051277033,0.096750976,0.079301,0.418686796,0.201727579,0.4039872,1.036386293,0.933627607,0.936929899,0.034039295,0.727881876,0.739937425,0.139846195,310.6600239,305.1421955,61.89614744,171.2914926,171.1677734,24.71252725,226.7556441,208.0897407,214.2320109,197.951858,129.5038421,527.871622,57.3860438,9.569795819,3.445740558,9.039266483,2.296996079,1.595801829,2.456253761,-0.9296517,1.394707961,-0.498308107,-0.165686617,0.611085804,-0.222946107,-0.230086875,0.361418628,-0.152463154,0.022800252,0.162287704,0.009818906,-0.079709763,0.122686425,-0.065202912,-0.017971859,0.074680696,-0.015682252
fly,fly_07,1,885,914,0.087801374,0.10650523,0.125236731,0.101583176,0.135292464,0.122557008,0.099766766,0.073505878,0.039408145,0.060534231,0.047808997,0.484669379,0.23687564,0.321024017,1.509760493,0.920976415,0.916736457,0.036929348,0.660466021,0.664711568,0.165483952,294.0831299,293.8063894,55.28246076,158.5626075,158.874943,26.66663134,216.2366369,202.4463517,225.5787841,237.54223,110.2335202,501.478041,56.38628692,12.33962431,3.726644788,12.94796052,2.987143858,1.703680525,3.182201756,-1.34016068,1.349099606,-1.369452281,-0.160258242,0.681976745,-0.198476123,-0.055277001,0.359601039,-0.041139372,-0.062377846,0.231361827,-0.060972507,-0.04411764,0.130913877,-0.033488953,-0.020073238,0.098182219,-0.022235398
fly,fly_07,1,900,929,0.096583219,0.11408199,0.130862858,0.104131565,0.136169343,0.120606197,0.095523817,0.067957891,0.035123691,0.05210416,0.04685527,0.491769963,0.240300908,0.297564828,1.652648153,0.920511754,0.919801464,0.039453982,0.657761016,0.642837448,0.17145548,295.7459064,296.8599069,52.35761874,155.5273207,154.1269005,27.64192436,233.8636143,202.08651,228.7854809,237.54223,96.6071785,488.28125,62.38482811,13.2851915,2.822909012,13.34613013,3.087673282,1.659553906,3.177357349,-1.438254473,1.186820572,-1.308646447,-0.233092368,0.644622824,-0.232736194,0.007051235,0.306883484,0.018406433,-0.090052304,0.21274868,-0.070742287,-0.027913873,0.121734575,-0.037108373,-0.025648214,0.089974975,-0.019009311
fly,fly_07,1,945,974,0.1172047,0.1309301,0.13917205,0.10257194,0.124156209,0.102073211,0.07776633,0.05642887,0.031492671,0.056102131,0.062101789,0.46797341,0.226728149,0.283891791,1.648421772,0.926452198,0.933312278,0.040222768,0.699378605,0.718760364,0.166213345,287.8153105,281.1195689,60.63894565,168.374493,165.3924221,29.0016874,236.2678654,223.9197213,180.4383604,184.755068,131.5901644,739.02027,80.2804758,11.74427851,2.932122901,11.89462917,2.930945411,1.664030787,3.063123713,-0.718286403,1.012942339,-0.588002793,-0.301747099,0.621094351,-0.318257121,-0.064853103,0.240677084,-0.051278097,-0.010169194,0.157925209,0.008185856,-0.063500289,0.104922871,-0.050905066,-0.019841737,0.073754534,-0.012110324
fly,fly_07,1,1020,1049,0.063899491,0.08120678,0.097281255,0.07924298,0.106972433,0.102197731,0.093758901,0.084028595,0.056276999,0.119724692,0.115410142,0.385694399,0.186215413,0.46919933,0.822026748,0.919594317,0.916410623,0.037603666,0.645897402,0.636314298,0.17828071,366.6962345,347.1402575,117.2074265,153.0540618,148.4487689,33.17625181,245.4285943,215.3294026,320.6696767,290.329392,196.9455464,739.02027,60.38531436,12.99966072,3.65743613,12.65841555,0.621086309,3.647541966,1.467192712,-1.257969058,1.556681146,-1.090798071,0.205303509,0.778941475,0.172605791,-0.245273195,0.425857323,-0.219389351,0.006170154,0.263369799,0.018916668,-0.097493149,0.16904169,-0.085565507,0.023440268,0.104227093,0.003727575
fly,fly_07,1,1065,1094,0.096125361,0.117941847,0.136494332,0.107195143,0.136879927,0.118050313,0.092201833,0.0660322,0.034862414,0.052649389,0.041567243,0.498619714,0.244075069,0.287313078,1.735457768,0.912043748,0.903934578,0.041433542,0.614909054,0.603916558,0.18431512,282.114706,279.3899062,53.44229933,150.0792347,144.5715404,28.80459153,229.1563596,199.4686622,210.4086417,211.148649,89.66028111,395.903716,54.98662736,10.53392142,2.956739868,10.9974087,3.51984403,1.808896866,3.576171243,-1.438590358,1.269693131,-1.20010601,-0.178906848,0.653439156,-0.244370598,-0.083476568,0.346473032,-0.036048184,-0.069960548,0.220696363,-0.0491387,-0.034781016,0.139172415,-0.032524787,-0.039807092,0.087967181,-0.01954246
fly,fly_07,1,1080,1109,0.124525932,0.140972561,0.150653611,0.110564541,0.131873007,0.104989948,0.075813564,0.050865892,0.026056662,0.041487564,0.042196718,0.498081107,0.242437549,0.236420399,2.106760283,0.916931092,0.914169206,0.04708483,0.647009399,0.640519199,0.202595951,281.6399469,268.9583005,55.1019192,157.6208624,158.9312878,31.66036557,233.2737702,214.7183042,191.9084681,197.951858,89.42465336,422.297297,59.4855332,9.860937417,3.441724068,9.491884613,3.47272312,1.89425819,3.476575866,-1.062244533,1.012178082,-1.031875717,-0.31597181,0.571030904,-0.324140193,0.024764172,0.27789674,0.028791582,-0.059941206,0.206807615,-0.033808386,-0.041640448,0.115447599,-0.044606606,-0.01535274,0.076325948,-0.004628603
fly,fly_07,1,1095,1124,0.145214311,0.164437035,0.171108943,0.119550053,0.132254994,0.0938366,0.059143273,0.035051732,0.016970147,0.028710428,0.033722483,0.51675059,0.251805048,0.173598064,2.976707109,0.913931035,0.916564211,0.056251997,0.645189371,0.670957315,0.235545649,275.4178855,264.8202941,59.5803812,162.0160298,167.3960439,36.45429126,241.4768577,216.9504587,169.0915872,184.755068,75.20916569,343.116554,58.38580063,10.43853326,4.118634433,9.582098604,3.668823847,2.171809777,3.454034135,-0.682706345,0.808267635,-0.750354081,-0.477283118,0.557539837,-0.427461197,0.026287449,0.336245518,0.0003489,-0.008094303,0.18035064,0.013294416,-0.090231537,0.127316488,-0.075713761,0.0144138,0.099592285,0.015373367
fly,fly_07,1,1195,1224,0.095611674,0.115705634,0.134347031,0.107143125,0.139909131,0.123703187,0.097873114,0.069297791,0.035239366,0.048478923,0.032691024,0.505102474,0.247052256,0.283580218,1.781162588,0.902457638,0.893712415,0.04232182,0.579801151,0.550842497,0.190888202,274.2956823,265.9186807,58.53394405,148.3432266,142.8875105,31.98754331,235.9933062,209.0879222,197.3351857,197.951858,101.7432546,382.706926,54.3867732,12.86700163,3.963591147,13.74251067,3.715416126,1.999513692,3.816739677,-1.353103737,1.60687344,-1.08398305,-0.175116992,0.720936683,-0.182586913,-0.097357652,0.34973197,-0.070884547,-0.050270895,0.260348049,-0.017707575,-0.037243685,0.188202599,-0.035736972,-0.042435177,0.115005845,-0.023601708
fly,fly_07,1,1210,1239,0.111182576,0.129558426,0.143138318,0.108548262,0.134344124,0.111981917,0.084483086,0.058396589,0.030012006,0.045677357,0.04267734,0.498012621,0.242892386,0.261246378,1.906294839,0.923970925,0.924058134,0.046149923,0.684269257,0.697208423,0.197169016,286.7368464,281.4749172,57.75814947,168.8915021,169.5742488,32.21925316,233.9576865,216.9448483,174.3949703,184.755068,94.68131688,501.478041,64.08441479,10.348198,3.734606565,9.930799268,3.157508319,1.752594278,3.02574366,-0.713775514,1.113824947,-0.405416414,-0.281475725,0.634764349,-0.339809489,-0.067531942,0.264134532,-0.090492661,-0.017834723,0.2104766,0.004073375,-0.049670575,0.125220589,-0.056601551,-0.031456497,0.081974151,-0.015412885
fly,fly_07,1,1225,1254,0.077307214,0.098251769,0.119388234,0.098931133,0.134638579,0.125659355,0.105924517,0.080596413,0.043883652,0.065773444,0.04964569,0.4786173,0.233569712,0.345823717,1.383992124,0.925866679,0.916760461,0.039042755,0.673108548,0.636246756,0.17755657,311.8627506,316.9785983,52.62381505,156.5166898,155.6092612,31.17686186,233.2100587,212.9395691,244.2022923,237.54223,96.48348042,435.494088,49.08806183,10.42635921,2.70592547,11.13632653,2.70107045,1.669134102,2.498137374,-1.644267208,1.49160848,-1.538335865,-0.096400447,0.591582005,-0.10639393,-0.161638334,0.337781163,-0.126759823,-0.079945834,0.20705984,-0.090048586,-0.037132862,0.111473219,-0.031817905,-0.046550372,0.088571198,-0.038619775
fly,fly_07,1,1240,1269,0.065336812,0.092253712,0.121337668,0.105177629,0.146312534,0.136486499,0.112197095,0.081691331,0.042345857,0.058886159,0.037974704,0.509314331,0.251490163,0.333095145,1.529035586,0.913911632,0.91037881,0.031351915,0.604895424,0.596009117,0.154021638,307.5186388,309.7382019,46.7227366,139.853376,136.3607136,22.95278391,212.8609669,187.5012353,275.1592495,277.132601,74.10882914,448.690879,43.28947204,11.60302332,2.114882508,11.68810332,3.047997565,1.757413084,2.983750098,-2.375567682,1.151620468,-2.451646646,-0.04752581,0.625961241,0.091311586,-0.14669194,0.372243607,-0.148897246,-0.1392566,0.206391216,-0.13075475,-0.048869201,0.128755231,-0.057017413,-0.043210822,0.096040569,-0.03670376
fly,fly_07,1,1255,1284,0.084058038,0.111418012,0.136894776,0.111555558,0.145707636,0.126764392,0.097849684,0.067790853,0.034209751,0.048069605,0.035681694,0.520922362,0.257263194,0.283601587,1.836810461,0.922972761,0.920954897,0.040686017,0.657115799,0.66119391,0.196812442,297.5241122,302.0655727,47.76190644,158.1530175,154.3714598,33.82972825,228.1520862,213.3269544,220.3987355,211.148649,91.24896126,475.08446,55.18657867,10.52406565,3.390207222,10.24490965,3.174565094,1.733513907,2.734226379,-1.46161866,1.411539207,-1.20290779,-0.209082853,0.645290622,-0.252130963,-0.107746903,0.345397752,-0.076712098,-0.090305482,0.182841749,-0.057064423,-0.065034072,0.123245247,-0.049782285,-0.021780018,0.083817837,-0.011942714
fly,fly_07,1,1360,1389,0.086223251,0.102645605,0.117718629,0.094005694,0.125641101,0.117999956,0.103179544,0.083407416,0.048305539,0.076135929,0.044737336,0.45536538,0.219646795,0.355765764,1.279958406,0.90533559,0.908827313,0.047167695,0.60248179,0.629425983,0.197737873,276.4000918,275.6328234,60.96636231,152.9250335,156.9180773,32.18194961,222.2398088,205.833157,178.588343,171.558277,104.5416904,422.297297,59.38555749,11.27843378,4.622427442,11.19371004,3.510388472,2.088224365,3.202887618,-1.131418743,1.50089093,-0.737991447,-0.217444156,0.74381983,-0.267718237,-0.121608868,0.41461264,-0.083829797,0.023652397,0.268330502,0.030376505,-0.079473492,0.175893735,-0.056016843,-0.004455096,0.105396569,-0.004303989
fly,fly_07,1,1405,1434,0.098476752,0.12195314,0.141570989,0.110838367,0.140280689,0.118989326,0.09081564,0.063239379,0.032485129,0.047189471,0.034161117,0.511679372,0.251119056,0.267890736,1.910030108,0.910926608,0.908411213,0.050778889,0.60319284,0.564712301,0.230769697,283.1153398,279.3374095,62.05327747,149.7796385,146.6935218,33.98698553,228.6946387,207.4847675,205.1052586,211.148649,108.6669853,739.02027,61.98492533,11.97194593,4.473936113,12.60682826,3.69324044,2.233116501,3.580825753,-1.478051005,1.323869147,-1.382821418,-0.152996251,0.673479429,-0.184116775,-0.098262025,0.408974051,-0.08649131,-0.06927396,0.227119338,-0.036637455,-0.046994653,0.151425568,-0.054219046,-0.017301061,0.109304285,-0.00175882
fly,fly_07,1,1480,1509,0.097495124,0.109377784,0.117647439,0.088946159,0.113346805,0.102648461,0.089232847,0.074446538,0.045802889,0.084024525,0.07703143,0.422588865,0.202292964,0.370538228,1.140473055,0.939287132,0.9474804,0.045575746,0.753213923,0.801160594,0.179523586,332.1604035,342.7323191,75.26865164,173.7876806,176.1043261,30.25038616,226.6571686,218.4427399,218.1787147,197.951858,144.0792455,739.02027,65.28412293,9.394862274,3.334878514,9.573996612,1.892628713,1.918047173,1.610647766,-0.929209156,1.368557187,-0.637993113,-0.140604534,0.58299384,-0.147524705,-0.218215749,0.326889803,-0.163152513,-0.017998779,0.143293181,-0.01500329,-0.068140087,0.114362187,-0.052638772,-0.025699393,0.069039573,-0.016056091
fly,fly_07,1,1495,1524,0.12389434,0.134875974,0.138736735,0.09930198,0.117592236,0.096089064,0.07495777,0.057163809,0.033476537,0.06108444,0.062827114,0.451720016,0.216894216,0.28950967,1.560293362,0.939006684,0.948041458,0.046736156,0.750367177,0.796733497,0.192407269,326.7424959,331.3773894,77.02254919,174.2497783,178.8373269,30.27120863,228.7975639,217.0678479,217.8087112,211.148649,155.4985856,739.02027,81.38020839,9.449856806,3.539880248,8.959736015,2.07880705,2.162554104,1.870287398,-0.872736086,1.151798908,-0.66170224,-0.118793895,0.607162021,-0.138789537,-0.119116335,0.302277056,-0.094741957,-0.04872978,0.175513445,-0.040058203,-0.044066611,0.109741467,-0.047153826,-0.016764623,0.069053788,-0.013023615
fly,fly_07,1,1510,1539,0.133162205,0.143694503,0.146161006,0.103215805,0.119807695,0.094668487,0.070650005,0.051438168,0.029174264,0.052500821,0.055527041,0.463852993,0.223023499,0.259290299,1.788933077,0.923903777,0.927535182,0.045494228,0.693044223,0.70767002,0.184073615,295.0183648,293.1072968,72.64361534,166.8168243,163.4740434,28.88269809,229.2497577,215.452358,187.2217574,184.755068,157.3927057,739.02027,76.08149705,9.832976974,3.133573993,9.931650838,2.761287148,2.072002712,2.826336293,-0.768390613,1.15447803,-0.366306623,-0.277929153,0.60205724,-0.251046683,-0.103437874,0.296776952,-0.090387757,-0.01117485,0.18173974,0.008151725,-0.059027053,0.112551804,-0.056814636,-0.020682699,0.079753385,-0.012209083
fly,fly_07,1,1525,1554,0.13057672,0.14987761,0.160451646,0.116349014,0.134991324,0.102101658,0.068736545,0.042829594,0.021015068,0.034426205,0.038644617,0.513893641,0.251340337,0.205652029,2.498850335,0.905449912,0.898255556,0.046797352,0.610451432,0.605981657,0.20076448,261.4892172,253.5590921,52.69055924,157.2808099,158.6226274,32.417396,225.0144593,210.2807221,160.8281763,184.755068,88.72677679,633.445946,64.48431746,11.38393233,3.560236135,11.29672209,3.878175496,1.777705839,3.904727639,-0.724912572,1.040281103,-0.541153563,-0.459583282,0.558234682,-0.488040004,0.035305336,0.296711442,0.030310253,-0.040773287,0.229439831,-0.002292657,-0.067959263,0.127519788,-0.04803475,-0.004927817,0.077886874,0.003842442
fly,fly_07,1,1540,1569,0.124647703,0.147257208,0.161435136,0.118868844,0.13928663,0.105847073,0.07092529,0.043427049,0.020729246,0.032417479,0.035158343,0.525437683,0.258155474,0.202657406,2.592738617,0.894170569,0.885147445,0.040489311,0.55362396,0.52504018,0.178350368,254.7006308,245.0566337,41.13810016,144.2065284,141.9063505,28.49642945,216.4545169,194.8460016,180.6850294,197.951858,74.54000347,356.313345,46.78862105,13.18337166,2.659575881,13.56594368,4.328668374,1.624077374,4.542818763,-1.098355218,0.989892063,-1.152528932,-0.528412268,0.604691351,-0.579842415,0.109568428,0.287699962,0.114422731,-0.098256425,0.232230888,-0.087274225,-0.088711118,0.139892092,-0.059654391,0.009648448,0.077115218,0.00663768
fly,fly_07,1,1555,1584,0.119030774,0.138031655,0.151039272,0.112699301,0.135629004,0.107744667,0.076405581,0.049756837,0.024899093,0.040071979,0.044691837,0.507112244,0.248328305,0.235825326,2.15037228,0.906206819,0.905772092,0.034808429,0.61137671,0.604417462,0.148713191,265.6290083,263.2532145,37.04531478,152.6678953,152.5458109,25.16013925,215.4567437,202.2101038,184.5083986,197.951858,71.8758469,250.73902,43.78935042,13.07869496,2.529315645,12.99474856,3.798765582,1.337059799,3.839636731,-1.0002,0.904600901,-1.067866245,-0.483320965,0.60854333,-0.580562045,0.063416844,0.261504546,0.067641266,-0.079369602,0.188096303,-0.054578598,-0.089169291,0.124993282,-0.077129111,0.004505561,0.069623074,0.004627444
fly,fly_07,1,1930,1959,0.037262061,0.052871775,0.072757632,0.068172667,0.107135189,0.120487711,0.124948361,0.118214426,0.077686833,0.140956216,0.07950713,0.368553198,0.175307856,0.541312966,0.680850489,0.919034083,0.914834833,0.031886099,0.646143503,0.626166557,0.147097961,348.3929954,347.0592711,79.93508141,147.2309769,139.7177776,28.86644845,216.3422509,208.2744662,308.0895586,316.722973,143.0342626,620.249156,46.98857239,12.24776759,3.38353344,13.3246604,1.216353408,2.618080171,1.604142731,-2.06879831,1.728824963,-1.938038449,0.088046556,0.761875964,0.180506095,-0.378832775,0.436210049,-0.35218195,0.071203804,0.231460478,0.059768981,-0.156878711,0.160680029,-0.14871358,0.010593766,0.12234385,0.017374499
fly,fly_07,1,1945,1974,0.100497607,0.11960252,0.1346449,0.103630688,0.130318441,0.111304988,0.087159259,0.063668019,0.034836257,0.057571241,0.056766078,0.479899017,0.23394913,0.300000855,1.599658831,0.926253285,0.927191906,0.045096691,0.701347658,0.709546954,0.182597593,289.5037046,280.7106756,57.23594966,170.0818561,168.7757656,30.25986927,230.523065,215.8650406,169.2149217,184.755068,93.96705605,620.249156,62.08490105,9.521080554,3.397635401,9.427325086,2.983232087,1.612899392,3.069669274,-0.668011828,1.064666259,-0.503369512,-0.42096452,0.580683355,-0.418395659,-0.074976966,0.285905237,-0.053119149,0.000631168,0.145805679,0.001751241,-0.084656229,0.117698055,-0.076620265,-0.01550594,0.081054318,-0.008166769
fly,fly_07,1,1960,1989,0.113559095,0.130866379,0.143163577,0.107566823,0.131490758,0.107551692,0.079490501,0.054380482,0.028384058,0.047480675,0.056065959,0.48977285,0.239057582,0.265801676,1.842625141,0.928325213,0.93176101,0.044637023,0.703038844,0.709985625,0.186086094,292.7011798,282.3812183,56.60771927,168.3523267,166.6608121,30.81304621,227.3604909,215.2298957,186.4817504,197.951858,90.18418097,514.674831,62.88470655,8.908309804,2.848818445,9.154100519,2.991049655,1.68681539,2.985798514,-0.793494138,0.965710444,-0.594309935,-0.38169553,0.533017223,-0.373994365,-0.002224091,0.261539682,-0.000558446,-0.036032566,0.191754653,-0.01481529,-0.048339435,0.120390993,-0.046656226,-0.013454736,0.058995851,-0.008682625
fly,fly_07,1,1975,2004,0.091659324,0.111267399,0.129077376,0.102513532,0.13308653,0.117192256,0.093385248,0.068244724,0.036896139,0.059583844,0.057093629,0.481869694,0.235600062,0.315203583,1.528757029,0.932661945,0.935974121,0.039228722,0.709270126,0.726817556,0.178822871,303.6209087,298.5391421,56.42339555,166.7471218,169.4263953,31.34336289,228.1069321,214.6334307,215.4653558,211.148649,116.9967386,633.445946,67.98346647,9.103382042,3.005195779,10.20426918,2.730164116,1.75536007,2.610919864,-1.113057688,1.146148496,-1.006294612,-0.170461098,0.580517628,-0.238254891,-0.05000916,0.336727954,-0.02995114,-0.087274309,0.20610481,-0.046338154,-0.022880445,0.125650792,-0.028243012,-0.024955368,0.071841544,-0.012109477
fly,fly_07,1,1990,2019,0.037607839,0.047418266,0.059119798,0.051791376,0.077487724,0.084843666,0.089790167,0.092691391,0.070185469,0.178859375,0.210204931,0.273242563,0.1292791,0.641731332,0.425789657,0.933953517,0.934299922,0.036997037,0.711644469,0.719236476,0.167814369,384.8759869,384.6668896,107.0675136,161.3704215,155.8907642,31.04934495,227.0520409,217.950797,364.206752,356.313345,194.1784312,712.626689,67.78351504,10.47217906,3.688035572,10.87199463,0.479893156,3.018324896,0.721431941,-1.217615669,1.440612846,-0.879727096,0.086052321,0.661243397,0.107003778,-0.235605691,0.392469763,-0.297396824,-0.020675788,0.216969492,0.000525252,-0.080021769,0.139848149,-0.078176843,0.000433762,0.102674451,0.008104006
fly,fly_07,1,2115,2144,0.068437086,0.08648001,0.104770556,0.087017579,0.119783374,0.11526344,0.103177734,0.086882365,0.053796631,0.100423062,0.073968163,0.426834949,0.206800953,0.418247955,1.020530867,0.911060103,0.90857307,0.035596065,0.59689649,0.59396599,0.170125752,316.6952936,317.3089402,79.533821,142.5988285,137.8750061,27.14099183,220.0185268,196.256689,278.3659463,277.132601,127.1202202,620.249156,47.48845083,15.2769807,2.611920468,15.17259646,2.441265366,2.804669835,2.778081337,-2.106823799,1.495276191,-2.185918941,-0.005720258,0.761882956,-0.003124374,-0.239061226,0.496336087,-0.245834484,-0.017836562,0.309420851,-0.036082854,-0.094374745,0.170822575,-0.077767421,-0.00787253,0.131934406,-0.014166737
fly,fly_07,1,2125,2154,0.0707313,0.088125845,0.105356252,0.086590148,0.118111417,0.112815987,0.100796568,0.085357503,0.053445991,0.101991452,0.076677537,0.422873804,0.204701565,0.418269052,1.011009067,0.910124508,0.909387894,0.036262848,0.587673542,0.561588387,0.174487572,311.1076225,305.2701617,80.2266624,141.829341,138.653184,26.89594261,220.3257285,201.7313382,277.3792703,263.935811,123.0245425,620.249156,47.78837789,14.62815008,3.16687049,14.84998456,2.652557034,2.866561416,3.065144564,-2.072019048,1.410525745,-2.13354975,0.011639831,0.761692616,0.044742663,-0.17600497,0.520233404,-0.151559001,-0.027093745,0.333255915,-0.027026055,-0.065488311,0.191255665,-0.057037316,-0.006905766,0.140868798,-0.009402142
fly,fly_07,1,2140,2169,0.09507805,0.120161723,0.142567964,0.113386553,0.144592193,0.121954463,0.090885204,0.060948732,0.030324686,0.044332283,0.03576815,0.522501172,0.257978745,0.262259055,1.992309369,0.906256521,0.905445011,0.042549042,0.568770208,0.572082598,0.203175751,284.6032963,281.2650566,48.81846583,140.965042,138.969782,28.30529149,210.8861908,199.0554423,239.3922471,237.54223,79.62501018,475.08446,50.58769711,13.75718825,3.453253779,14.11026955,3.906977533,2.053020465,3.69978667,-1.987041956,1.144944105,-1.835056774,-0.158832788,0.703790755,-0.143439588,-0.007627353,0.373810394,0.033709758,-0.112290852,0.264193595,-0.096283688,-0.053663951,0.178013415,-0.056312175,-0.015874003,0.111988051,-0.009091898
fly,fly_07,1,2155,2184,0.088921963,0.115515828,0.140481338,0.113827841,0.147469005,0.126157036,0.094778838,0.063466395,0.031186593,0.044000887,0.034194275,0.52793522,0.261296846,0.267626989,1.972653143,0.909270686,0.906479914,0.044523227,0.584016433,0.589606081,0.211189698,286.9874668,286.9121989,46.48325766,144.2327294,140.1858241,31.86143298,225.4252894,202.6336901,226.4421256,237.54223,71.87434009,356.313345,45.18900998,13.79108688,3.722728548,14.66413123,3.81912302,2.01025707,3.61320828,-1.868395642,1.283733186,-1.777991047,-0.167769945,0.668627258,-0.084823619,-0.0571654,0.373384336,-0.024042717,-0.112662046,0.258088456,-0.071135292,-0.05117113,0.18776736,-0.050204711,-0.013361891,0.128953911,-0.003882173
fly,fly_07,1,2170,2199,0.096594507,0.120672245,0.141978686,0.11258106,0.143902986,0.122459203,0.092493377,0.062689837,0.031074679,0.043153552,0.032399869,0.520921935,0.256484046,0.261811313,1.989684589,0.911408121,0.90736867,0.041880954,0.614661209,0.592442666,0.186380074,280.577952,280.1993323,49.98378246,152.3091984,145.7244676,31.3769214,222.2895652,212.935986,195.1151648,211.148649,89.90514764,435.494088,52.7871622,12.29497976,3.72531731,12.44263243,3.591162874,1.687480772,3.667829532,-1.302485639,1.414147669,-1.015167225,-0.197263389,0.609412057,-0.140680228,-0.115546435,0.34861777,-0.090631249,-0.070988269,0.235931875,-0.040842605,-0.028108984,0.134650399,-0.046886264,-0.035877847,0.101907714,-0.021736732
fly,fly_07,1,2185,2214,0.128499264,0.149272194,0.160483813,0.116165052,0.134218244,0.101209883,0.068427396,0.043281699,0.021618432,0.035660914,0.041163108,0.512076993,0.250383297,0.21015155,2.436703386,0.912443907,0.903269268,0.045378143,0.646570036,0.629894955,0.187971143,266.752596,251.7342567,53.96657894,163.7699815,164.4724839,30.80791078,221.9520985,217.9028258,156.2648001,171.558277,77.43324664,435.494088,57.78594655,10.96362564,3.720951595,11.05387636,3.574731599,1.63988569,3.775674585,-0.538932842,0.954738997,-0.404968597,-0.446857878,0.497361327,-0.426186313,-0.039985127,0.261166683,-0.04738193,-0.010255143,0.187799897,0.005735263,-0.056829943,0.096840796,-0.041903324,-0.021479211,0.065150481,-0.014400294
fly,fly_07,1,2200,2229,0.113916484,0.132528624,0.144143248,0.106845684,0.128954039,0.105311582,0.079635531,0.057005903,0.030954904,0.05085228,0.049851722,0.485254552,0.235799722,0.268300339,1.808624444,0.923530799,0.923083088,0.044864446,0.679177441,0.680318183,0.193925355,290.8997886,290.4135893,59.15803312,166.2653185,166.0650184,33.24436891,226.827825,219.7230937,186.111747,184.755068,88.19388514,409.100507,58.28582502,10.89078963,3.475434645,11.47690403,3.069645455,1.791622526,3.087742826,-0.885742928,1.302943545,-0.638123839,-0.229434756,0.608492834,-0.248810024,-0.098456555,0.300340858,-0.06129309,-0.054849036,0.1921235,-0.029848192,-0.028410773,0.126503028,-0.025526363,-0.030351613,0.081940012,-0.024667473
fly,fly_07,1,2215,2244,0.104114407,0.124176426,0.140296476,0.108267036,0.136065128,0.115205679,0.088182615,0.061779874,0.032019999,0.04808402,0.04180834,0.49983432,0.244332165,0.271874848,1.83847209,0.90837122,0.904302746,0.045015552,0.613430705,0.558634432,0.189514011,278.1375941,278.9322597,56.91044198,151.2104583,144.0879443,29.58934499,220.9574426,211.4813516,205.3519276,197.951858,103.126619,593.855574,59.38555748,11.40876739,3.001566707,11.69099131,3.55869431,1.798633817,3.811392041,-1.22835488,1.297846429,-0.915406482,-0.279881029,0.687509353,-0.26108718,-0.025816162,0.3077467,-0.044660902,-0.095489905,0.203048696,-0.079355805,-0.038306336,0.131544047,-0.040670053,-0.025800839,0.084941702,-0.017049667
fly,fly_07,1,2230,2259,0.125623343,0.148679118,0.162755563,0.119349096,0.138922869,0.104514476,0.06924019,0.042013292,0.020043525,0.03206252,0.036796007,0.525542004,0.258271965,0.200155535,2.625668106,0.895895523,0.885218967,0.044427019,0.571395868,0.52095458,0.187819793,255.6947492,243.8058179,46.73097407,147.5085433,144.6626259,28.56595898,227.0348479,199.5508915,179.32835,184.755068,72.92294924,290.329392,44.98905872,11.51459209,3.044577195,11.71007113,4.172286665,1.719010123,4.422704511,-0.926715725,0.964128559,-0.942299575,-0.561517105,0.601213809,-0.473036466,0.060866481,0.294739679,0.054213713,-0.074269528,0.210522505,-0.042938911,-0.084816574,0.134188345,-0.079815941,0.000115077,0.079040753,0.006195861
fly,fly_07,1,2245,2274,0.100566889,0.124896578,0.144009853,0.111213447,0.138007339,0.114162136,0.085499415,0.059612576,0.031500523,0.049773094,0.040758151,0.507392775,0.249220786,0.267143758,1.899324834,0.905969147,0.908850613,0.042325981,0.597273219,0.593204419,0.187828505,275.8465278,270.9212505,55.22914858,148.1869976,144.508525,29.73384571,220.8380159,202.1718249,210.9019797,211.148649,94.49437598,448.690879,48.38823205,13.08451119,3.217097308,13.44485081,3.690149672,1.937554913,3.546535877,-1.324362297,1.234870243,-1.257260215,-0.348478021,0.651596742,-0.373156672,-0.059787052,0.364201832,-0.086860363,-0.076085734,0.219317067,-0.049986511,-0.079998037,0.13999399,-0.071283045,-0.007034379,0.086736295,-0.010135688
fly,fly_07,1,2480,2509,0.11092768,0.131145389,0.146200459,0.110911192,0.136055695,0.111055649,0.081374846,0.054735432,0.02785165,0.043798204,0.045943804,0.504222995,0.246966887,0.253703936,1.987446483,0.920490871,0.91718496,0.044010722,0.667040019,0.663257568,0.185413508,285.0422122,275.7603077,62.18420177,160.5463462,157.0969213,30.27792321,232.3357343,216.2754068,196.7185132,197.951858,118.5675603,739.02027,70.4828586,11.40412863,3.973086816,12.52650368,3.182155708,1.811663039,3.32134643,-0.96591506,1.040363117,-0.853303504,-0.358638459,0.605027626,-0.373069045,0.01453961,0.252512573,-0.002036793,-0.079689701,0.199948766,-0.05141168,-0.049195025,0.106483627,-0.038360731,-0.013226114,0.061813337,-0.003874123
fly,fly_07,1,2510,2539,0.149190684,0.155877248,0.151954152,0.102393175,0.112225798,0.082261817,0.057454595,0.041001719,0.024288118,0.050980367,0.072372328,0.448834941,0.214618973,0.246097127,1.823812199,0.938226896,0.944985165,0.042736719,0.761468804,0.789079365,0.160788915,296.3782767,292.3523872,57.91297149,184.5831896,185.3074922,25.76333898,233.247851,219.5907144,147.1380478,171.558277,79.91086373,409.100507,68.58332068,8.524811368,3.157302723,8.530781799,2.638429766,1.445215184,2.527705197,-0.222858441,0.576721137,-0.221362816,-0.375380789,0.478846369,-0.356219919,-0.099048999,0.236834459,-0.078981844,-7.48E-05,0.132119743,0.015472346,-0.045388282,0.08923168,-0.032727536,-0.027956938,0.066259017,-0.009976862
fly,fly_07,1,2525,2554,0.143819152,0.152329139,0.150351327,0.102188736,0.112694936,0.083019556,0.058236105,0.041859013,0.025070395,0.053751568,0.076680072,0.448254555,0.214883672,0.255597154,1.753754094,0.940612925,0.945623998,0.043906221,0.769856477,0.793762749,0.1661271,302.9548757,293.3406081,69.41874376,184.4147559,187.2595989,25.38300173,228.8857278,216.5428809,171.0649391,184.755068,148.9486594,739.02027,75.88154577,9.159091089,2.855751636,8.868750339,2.447778706,1.666308192,2.595099206,-0.240871376,0.564010222,-0.216802189,-0.356535229,0.461475461,-0.298707592,-0.123423929,0.224553908,-0.094084919,0.014367292,0.109650555,0.007316684,-0.055168504,0.082850853,-0.048467276,-0.022886272,0.058488151,-0.012566319
fly,fly_07,1,2555,2584,0.073284266,0.090461233,0.10820836,0.089717926,0.124188133,0.120675062,0.108468502,0.089867028,0.053273099,0.087403808,0.054452582,0.442789482,0.213906059,0.393465018,1.125359208,0.914106825,0.90334227,0.036397655,0.622867367,0.594422982,0.166219639,298.3448239,288.827564,65.09140583,151.6558442,150.5735757,29.41180145,225.4161994,204.3019755,233.4721916,211.148649,131.9166422,620.249156,58.08587358,13.88205973,3.102298665,13.84493873,2.889332473,1.898856952,3.280401308,-1.598913076,1.718330577,-1.095751013,-0.040853732,0.750563327,-0.098679088,-0.25138098,0.49918132,-0.118623823,-0.005756432,0.209510738,-0.036666454,-0.112454598,0.174205277,-0.096869266,-0.001911525,0.101159525,0.002811485
fly,fly_07,1,2570,2599,0.052728611,0.072789196,0.096547074,0.086604702,0.128138842,0.131938358,0.122865992,0.1030008,0.060557129,0.095064784,0.049764511,0.443228976,0.214743544,0.431253216,1.027769672,0.916513021,0.909620795,0.032947043,0.600441728,0.550898541,0.168306805,323.6122184,325.1170104,56.24481724,140.4030434,132.826947,27.3660347,224.6313781,196.2273668,301.7994996,290.329392,104.5242662,541.068412,56.68621391,14.37924133,2.540901173,14.42404831,2.575039989,2.028373075,2.495623469,-2.558326279,1.502791823,-2.738525922,0.349590458,0.669595998,0.354170422,-0.386342495,0.490698253,-0.293106045,-0.018722805,0.281232783,-0.041988362,-0.099239743,0.202214565,-0.091604521,-0.024884206,0.124506739,-0.029172333
fly,fly_07,1,2585,2614,0.091106081,0.111019825,0.128761427,0.102256576,0.133357704,0.119061523,0.097027695,0.072572718,0.039568777,0.060772908,0.044494766,0.483437229,0.23561428,0.314436864,1.537469945,0.9177924,0.919405284,0.04101962,0.646386751,0.633763411,0.176614772,291.2762584,288.4542832,53.44383692,156.8103966,152.9787876,29.03608078,219.4213683,207.1701162,211.8886556,211.148649,100.7403526,435.494088,55.7864328,10.03856671,3.677863152,11.14665285,3.190588613,1.684037978,3.109336961,-1.280036516,1.38528509,-0.915499948,-0.15223781,0.685184742,-0.175486111,-0.149577089,0.322092381,-0.117249877,-0.030557216,0.212173848,-0.017946165,-0.062731715,0.146118213,-0.057255237,-0.031558396,0.097019859,-0.01379632
fly,fly_07,1,2600,2629,0.160825269,0.173375504,0.172611073,0.116702831,0.125578986,0.086765517,0.05378697,0.031983291,0.015881767,0.028212921,0.034275871,0.501658406,0.242281816,0.164140821,3.05626842,0.903768218,0.914512818,0.05040951,0.617249529,0.661644425,0.203421866,258.4665014,256.9180212,48.8542376,160.0961881,162.9153069,31.24156701,230.7524652,207.4641932,152.0714274,171.558277,64.51604511,250.73902,46.78862113,9.061666671,3.864493421,8.669230989,3.941741937,1.799412054,3.615130927,-0.484375243,0.680730392,-0.406800494,-0.566497379,0.516598789,-0.472189208,0.00200962,0.295849323,-0.030759149,0.007973251,0.153271054,0.011725004,-0.095184172,0.114321856,-0.064245966,0.005982929,0.090619202,0.007369726
fly,fly_07,1,2615,2644,0.117004884,0.136356303,0.149554902,0.111966999,0.136100305,0.110813003,0.08180813,0.055655845,0.028261284,0.041052521,0.031425823,0.50843521,0.248067304,0.238203603,2.134456416,0.894119457,0.898041745,0.040433194,0.549686942,0.548218887,0.171271575,268.8373117,267.2914571,51.7372751,140.0317762,135.685962,26.62519698,215.2617519,187.112384,207.3252794,197.951858,83.55355127,343.116554,34.89151441,11.66191052,3.188816747,11.91328222,3.992326412,1.90252109,3.816410462,-1.55944074,1.354770202,-1.307373703,-0.414757038,0.606502815,-0.407594147,-0.053397979,0.40666425,-0.022294365,-0.070307146,0.205364101,-0.046825467,-0.104842553,0.116998478,-0.084537404,-0.00267763,0.09589842,0.00481121
fly,fly_07,1,2630,2659,0.065750825,0.089743589,0.115892278,0.100132537,0.140492536,0.133959235,0.113795235,0.086206005,0.046310112,0.066385239,0.041332409,0.490476585,0.240625072,0.354029001,1.385413581,0.909969251,0.904417035,0.035476414,0.602220781,0.561723196,0.160922731,304.7132786,308.5001771,52.61997145,141.4444009,132.1289257,29.39299826,230.3745103,208.0255797,254.932393,250.73902,89.43092869,435.494088,32.99197635,12.53837538,2.759568806,12.97876923,3.01608504,1.756386415,2.749142594,-2.096558068,1.571727702,-2.242249641,-0.146795559,0.605534272,-0.138641043,-0.236789687,0.392105134,-0.201189664,-0.09881509,0.224109609,-0.083884269,-0.07705208,0.132514755,-0.070513768,-0.048222267,0.088844451,-0.032738821
fly,fly_07,1,2645,2674,0.093376369,0.110145259,0.125346201,0.099005788,0.129387682,0.116307011,0.095612295,0.072244195,0.039888398,0.063560487,0.055126314,0.470046683,0.22839347,0.326431689,1.439954202,0.921084719,0.921755549,0.041901183,0.681988577,0.673401978,0.167249996,294.2310997,294.7668728,55.80630335,166.5213493,173.175467,31.49649896,231.5121082,215.571679,178.835012,184.755068,109.9017552,461.887669,53.78691911,11.19319187,3.349938965,11.72760174,2.851398459,1.490646369,2.795749816,-0.887300259,1.559548831,-0.446807619,-0.252583928,0.580973238,-0.255363475,-0.166415234,0.313107307,-0.138171732,-0.040522381,0.176821273,-0.019454716,-0.05257423,0.118662951,-0.034921818,-0.035915612,0.076995782,-0.025125239
fly,fly_07,1,2660,2689,0.153300871,0.160707694,0.157470008,0.106621775,0.117096819,0.085161817,0.057683044,0.038727882,0.021456152,0.042202526,0.059571414,0.466350418,0.223718594,0.219641017,2.123239203,0.912198535,0.901130153,0.048467305,0.668461499,0.645730256,0.175610987,265.8745911,253.581548,62.43492593,168.7533485,166.162539,26.44763841,223.1790366,212.1289765,143.931351,171.558277,115.3040817,725.82348,71.68256694,11.01175096,2.941459937,11.27761033,3.306678096,1.580579379,3.615388559,-0.209130451,0.784962384,-0.237442639,-0.437266798,0.549410686,-0.373302048,-0.046536227,0.224489899,-0.058555803,-0.004506962,0.13648519,0.007701222,-0.056138182,0.100969347,-0.039062281,-0.0142794,0.063709443,-0.001493562
fly,fly_07,1,2810,2839,0.120130425,0.142523188,0.157052231,0.116445898,0.138041084,0.107153742,0.074054987,0.046997377,0.022985249,0.035810464,0.038805356,0.518692955,0.254486982,0.218653433,2.37221501,0.920964234,0.923383932,0.051345541,0.672533537,0.689345888,0.21804728,285.5302674,273.2247576,62.7828316,166.0887279,169.8917972,36.10717801,232.843499,221.832618,174.1483013,184.755068,93.7521262,712.626689,54.88665164,11.77463212,3.899934113,11.32733053,3.285227249,1.955715302,3.308281296,-0.726658678,1.081977928,-0.479304829,-0.41982096,0.515970279,-0.373962875,-0.00921681,0.240241841,0.001767402,-0.029675255,0.184527989,-0.003395565,-0.062389613,0.125602094,-0.054756532,-0.00806003,0.077366045,-0.002987081
fly,fly_07,1,3015,3044,0.069336636,0.087743472,0.106841151,0.089238294,0.123440594,0.119084439,0.106206917,0.088110051,0.053085202,0.092385807,0.064527437,0.438604478,0.212678888,0.404315414,1.084807709,0.9267246,0.922661303,0.034517728,0.679383145,0.667285248,0.161562945,323.1046096,314.0435759,72.53282319,157.1687442,150.501066,30.63388459,228.9982215,212.2671343,260.2357761,250.73902,125.4388241,488.28125,47.78837794,12.15743772,3.738839465,12.92309135,2.021883789,2.335636592,2.323293336,-1.588289981,1.501038839,-1.56526085,-0.013324866,0.676852499,-0.054948527,-0.19824817,0.363474116,-0.17636242,-0.050951137,0.220977349,-0.048346712,-0.068426965,0.139435494,-0.044062453,-0.016272385,0.096014481,-0.024350616
fly,fly_07,1,3030,3059,0.11293996,0.133815315,0.148440126,0.111534309,0.135072446,0.108576168,0.078670845,0.05288211,0.027242611,0.044253708,0.046572403,0.503623049,0.246606755,0.249621676,2.017545335,0.916742793,0.91747225,0.041830158,0.649772994,0.675006682,0.188051627,276.5955652,269.2851404,47.79437793,163.0255873,166.7291851,32.45396466,228.9681721,206.551009,183.3983882,184.755068,84.24251075,435.494088,55.08660305,12.13439063,2.934552772,12.10023581,3.480337967,1.702456553,3.371767864,-0.877742313,1.128950208,-0.690894949,-0.341412554,0.622219365,-0.434470789,-0.013023202,0.289107168,0.004210417,-0.068110065,0.205143146,-0.051973313,-0.054327219,0.113649616,-0.044277244,-0.012231368,0.081709295,-0.011602516
fly,fly_07,1,3240,3269,0.118965536,0.133374086,0.140958873,0.102639119,0.122312443,0.098966634,0.074977913,0.055059477,0.031488309,0.058098529,0.06315908,0.46487707,0.224951563,0.282783308,1.643933909,0.928418414,0.931360514,0.040371839,0.707725042,0.721159836,0.166571172,287.5024973,281.1016189,49.97951356,173.5725024,173.6205672,30.15540381,228.2747365,221.9785809,160.7048418,171.558277,80.58356407,422.297297,53.78691907,12.00000357,2.936567311,11.77547645,2.998252103,1.48285515,2.938511304,-0.527528516,1.022809581,-0.35355124,-0.255414255,0.585233981,-0.24089237,-0.125869942,0.332934149,-0.089765341,-0.011062887,0.166450752,0.011926374,-0.041144265,0.11629242,-0.038854726,-0.018760349,0.086088519,-0.001923399
fly,fly_07,1,3315,3344,0.038234977,0.051253164,0.064868133,0.055567409,0.07949087,0.082549811,0.084794682,0.087909841,0.068070731,0.179352615,0.207907765,0.282476223,0.135058279,0.628035635,0.449777381,0.918507541,0.911556858,0.031245677,0.632725527,0.609225934,0.148314617,418.018643,414.7490085,120.249231,146.3251335,142.5072922,26.60211344,223.1112933,200.6969325,399.85042,409.100507,177.8178598,686.233108,46.98857242,13.40562767,2.348577645,13.55477279,-0.553659526,3.747465929,-0.36065674,-1.465613553,1.371774405,-1.663590577,0.171039201,0.823912993,0.147665188,-0.263552535,0.375188125,-0.311635491,0.06878544,0.307520735,0.051913026,-0.12968115,0.149171037,-0.151820062,0.01168946,0.123156801,0.016445351
fly,fly_07,1,3360,3389,0.123967677,0.14255727,0.152716081,0.111173423,0.130879183,0.103009993,0.07473571,0.05164971,0.027518954,0.044276819,0.037515181,0.49777868,0.242052606,0.235696373,2.111948834,0.906486978,0.913595096,0.04436747,0.607767789,0.641703716,0.195815514,277.0361201,272.2478003,63.68335019,153.627879,146.5485986,33.85812782,220.080263,205.3294369,185.618409,184.755068,115.1607142,514.674831,48.48820775,9.649549568,3.410805274,10.04068187,3.463986706,2.275673299,3.149212158,-1.170008726,1.36150525,-0.929446401,-0.291674426,0.634155896,-0.316190512,-0.064958176,0.367849933,-0.051252479,-0.065227828,0.190736847,-0.037912995,-0.066714088,0.123319323,-0.036561805,-0.00882264,0.08606593,-0.002544428
fly,fly_07,1,3375,3404,0.07027294,0.085598648,0.100416352,0.081995171,0.112999012,0.11162886,0.104750999,0.092560558,0.058648234,0.105851548,0.075277678,0.407039395,0.194994183,0.437089017,0.931250568,0.93430475,0.929077133,0.032307847,0.72222848,0.7272787,0.146701922,333.65689,323.5337225,74.81998865,167.9967473,172.682481,30.99291809,221.9901181,213.958894,248.7656684,224.345439,151.8146488,633.445946,56.28631123,9.496724654,3.321833504,9.078907264,1.601979876,2.221451997,2.047993036,-1.247236486,1.563502167,-0.75505187,-0.01305489,0.649827044,-0.053032075,-0.243622648,0.352772232,-0.17912947,-0.02377252,0.197809595,-0.011665627,-0.059608619,0.134261889,-0.04478109,-0.019881149,0.093910993,-0.008396512
fly,fly_07,1,3390,3419,0.112390775,0.119256967,0.120635359,0.086566798,0.105693299,0.093270527,0.081807299,0.070928434,0.045588634,0.087487937,0.07637397,0.406165984,0.192260098,0.362186274,1.121428427,0.941555465,0.952266299,0.042739075,0.768359775,0.812465103,0.166706155,322.5794931,324.3360905,75.92834949,183.7170852,187.0740943,29.28231591,228.9661899,219.5818415,181.1783673,171.558277,154.3294469,739.02027,75.78156998,9.365776052,3.305757536,8.461183847,1.914097038,2.040728292,1.964339158,-0.485326163,1.149505847,-0.213407279,-0.147115245,0.583507769,-0.201880323,-0.188459748,0.287516297,-0.145761928,0.009694156,0.161336463,0.003589994,-0.049261497,0.112949293,-0.029404842,-0.018424373,0.074835117,-0.016659453
fly,fly_07,1,3405,3434,0.079560334,0.092174554,0.105692119,0.086131145,0.118801672,0.115918545,0.105011143,0.08796174,0.05295919,0.090848907,0.064940651,0.426543481,0.204932817,0.401721632,1.06178868,0.940631743,0.957404475,0.048248677,0.757580387,0.823161621,0.197988643,325.7928495,328.6670402,69.93581332,180.1024545,185.4112595,34.51784765,239.7288159,224.9358541,189.4417782,184.755068,145.2923153,739.02027,89.07833625,10.48661799,4.478972524,9.21275273,2.04421378,1.974220112,1.942273383,-0.759753085,1.405867732,-0.329434908,-0.242224841,0.485924118,-0.220960585,-0.183240419,0.355209772,-0.103472533,-0.009260439,0.182860507,-0.010079301,-0.071126783,0.120362896,-0.043897774,-0.006449916,0.083101903,-0.011377212
fly,fly_07,7,30,59,0.094169916,0.115896749,0.135488546,0.107835372,0.139847487,0.122605277,0.09668481,0.068921525,0.035564041,0.049755131,0.033231145,0.505776683,0.247682859,0.284156651,1.779922027,0.910200078,0.914091134,0.041763329,0.6122802,0.619181792,0.180784298,288.9676393,290.1473924,57.05017919,148.737492,145.4891924,28.58565231,217.1418073,205.1304831,221.262077,211.148649,101.2003944,382.706926,47.68840227,10.69442584,3.51376601,10.77515069,3.328246808,1.976541144,3.215783842,-1.570028309,1.397225851,-1.487017118,-0.208431859,0.683780505,-0.280739425,-0.03066976,0.352465788,-0.002320943,-0.077944246,0.227982816,-0.052887872,-0.04539669,0.138348809,-0.038274677,-0.021559382,0.076819712,-0.011415647
fly,fly_07,7,45,74,0.132045307,0.148878317,0.15728689,0.113339338,0.131426163,0.100093019,0.06854338,0.043934785,0.022237316,0.03771566,0.044499824,0.50214541,0.244765501,0.216930966,2.314770549,0.907190242,0.903462997,0.047943143,0.627852427,0.636073296,0.194047978,264.1707521,257.8261869,51.08240162,161.4408296,163.4323695,29.50894744,217.5428414,209.7927324,151.208086,171.558277,76.40414684,343.116554,55.3865301,10.90817147,3.109712924,10.56465917,3.734409664,1.681647349,3.770241095,-0.579770447,1.027781996,-0.405472898,-0.458532997,0.596245688,-0.488425405,-0.011149104,0.261915197,-0.01167116,-0.021045203,0.200698092,0.005313361,-0.062440443,0.124586849,-0.049208114,-0.022687099,0.070931537,-0.012246088
fly,fly_07,7,60,89,0.164856177,0.169195092,0.160900042,0.105462039,0.111770614,0.078281672,0.052116066,0.035800533,0.020837217,0.043426403,0.057354145,0.456414368,0.217232653,0.209534363,2.17823158,0.911516476,0.914327117,0.045429678,0.662751265,0.665362984,0.165395621,264.2668409,260.4318869,48.63707195,168.7074696,168.2319896,25.46088769,224.3946042,210.6833238,150.0980755,171.558277,79.09091826,593.855574,60.08538733,10.15833173,2.831756301,10.03753369,3.465271103,1.411288642,3.469876941,-0.207470427,0.712573051,-0.257627695,-0.495986857,0.502402776,-0.465074121,-0.134180218,0.223750343,-0.102566041,0.0578462,0.127364919,0.06401303,-0.083813526,0.109188461,-0.078700518,-0.018855702,0.067228543,-0.005794369
fly,fly_07,7,75,104,0.098096188,0.115726435,0.130266773,0.101272609,0.130136716,0.11529865,0.09422266,0.071216801,0.039257577,0.060648432,0.043857158,0.476974748,0.231409325,0.309202629,1.542596033,0.909264817,0.907398363,0.040727154,0.619948427,0.612956665,0.168736503,284.2896337,288.8111236,55.4958927,153.9341226,151.8750406,30.03353237,227.5676982,207.4975129,201.7752273,184.755068,99.13246236,422.297297,49.08806186,12.59563927,3.32418112,13.62818688,3.304870312,1.725929427,3.382226545,-1.221636355,1.612744639,-0.723818979,-0.195944728,0.622887802,-0.198799966,-0.244821161,0.348958244,-0.21337494,0.006634681,0.214721187,0.00532163,-0.064711868,0.149467378,-0.058514699,-0.043850868,0.093307786,-0.030993369
fly,fly_07,7,90,119,0.078177849,0.101144832,0.12332684,0.101416225,0.136008261,0.124510582,0.10332054,0.07811357,0.042687818,0.064693178,0.046600306,0.485261907,0.237424486,0.335415412,1.446748986,0.91741533,0.916989976,0.039937378,0.637960106,0.63005133,0.174503969,302.5212801,307.5844119,56.11996366,150.2277735,150.947785,29.13020373,229.886315,210.4111816,241.9822714,237.54223,91.313029,448.690879,49.68791592,13.68242289,2.579069446,13.96254161,2.997382062,1.792182671,2.970054244,-1.65384129,1.481422381,-1.488466177,-0.128360246,0.668451904,-0.133447974,-0.204867453,0.357724078,-0.177849942,-0.057281833,0.227803089,-0.051314463,-0.055403447,0.143275501,-0.068142309,-0.053071605,0.103678533,-0.045594333
fly,fly_07,7,300,329,0.097319449,0.116798177,0.133975786,0.105317099,0.135101613,0.116998601,0.091327866,0.065114892,0.034345232,0.053617176,0.05008411,0.491393099,0.240418712,0.294489275,1.668628169,0.919442745,0.923954466,0.041231763,0.666262743,0.686612745,0.171238491,288.4361134,293.4085861,51.38243129,160.4911972,159.7666098,29.24552276,222.1909057,210.0174623,190.9217921,184.755068,95.6696277,369.510135,48.18828067,12.28524639,3.645210171,12.78141368,3.140936616,1.587422421,2.917640317,-1.075935039,1.220569737,-0.790018307,-0.319596934,0.594396337,-0.244178056,-0.04892016,0.279303782,-0.035635121,-0.043387796,0.174537711,-0.033306085,-0.061116627,0.125879003,-0.044171021,-0.016265412,0.084195893,-0.002959833
fly,fly_07,7,315,344,0.133869872,0.148480703,0.15367359,0.108581476,0.123688407,0.093184144,0.064730604,0.043931652,0.024237302,0.046404016,0.059218234,0.479127617,0.232269883,0.238521808,2.008737155,0.918518997,0.917642123,0.040597706,0.68357504,0.681269261,0.155866147,271.7351588,265.1805812,46.88609171,170.4043409,170.9096849,24.10493023,230.8899994,207.4277343,152.9347689,171.558277,73.04894071,250.73902,50.28777008,9.184403118,3.787889003,9.082865686,3.290566523,1.349692565,3.345777846,-0.373497728,0.728421928,-0.345531872,-0.481484619,0.476110818,-0.394551282,-0.098307993,0.23798202,-0.063360016,0.003707827,0.121224867,0.009114977,-0.071456001,0.095941719,-0.052406954,-0.026348753,0.076019192,-0.014461437
fly,fly_07,7,330,359,0.107188505,0.129395611,0.145606943,0.110444193,0.134910071,0.109777126,0.081015531,0.055905217,0.029550622,0.048632657,0.047573525,0.500738333,0.245354264,0.262677552,1.906285211,0.920038828,0.917295152,0.039593249,0.677347272,0.674588843,0.164267057,277.1111612,267.4888913,54.67187777,166.4935363,168.7146753,26.73270289,224.3667894,212.6866146,176.9849946,184.755068,130.3079601,739.02027,69.4831018,10.00147518,4.498174428,9.571234282,3.206551597,1.528180425,3.307417915,-0.649493227,1.027733106,-0.416828265,-0.38634843,0.515021281,-0.399928504,-0.104731726,0.292663955,-0.063049507,-0.014200069,0.16891409,0.012057116,-0.055761158,0.109263016,-0.047897338,-0.020874579,0.076207294,-0.00477197
fly,fly_07,7,405,434,0.029804378,0.038873653,0.049533861,0.043825707,0.065957503,0.072894762,0.078740006,0.084455649,0.067158668,0.189472197,0.279283616,0.232211833,0.10978321,0.699110136,0.332153435,0.920399455,0.921026739,0.039374964,0.656243757,0.648329597,0.166798629,486.9388717,490.8485935,108.7997786,149.2522598,148.4869856,24.30163541,217.4375174,198.4119322,510.9747963,527.871622,161.6166595,739.02027,51.38750251,11.17892161,2.754488682,11.46520948,-1.818734475,2.955282414,-2.442567545,-0.983412447,1.746962662,-1.008850343,0.297302914,0.646228004,0.34176957,-0.383125045,0.340072067,-0.438912119,0.002763866,0.24219948,0.035353739,-0.109289631,0.14561562,-0.131342546,0.017277066,0.11193066,0.037708244
fly,fly_07,7,420,449,0.056554918,0.075770533,0.095787236,0.081031369,0.111183121,0.104060715,0.089280488,0.073350693,0.046936942,0.109411245,0.156632741,0.39206244,0.19221449,0.475612109,0.824332335,0.900168578,0.896376785,0.037637303,0.552356351,0.530668703,0.170283567,396.7737888,337.6393666,148.2715202,138.4595656,136.8894481,24.85326649,211.0560014,192.9778065,399.8504199,316.722973,212.2216261,739.02027,46.78862096,12.72363057,3.210920368,13.50246082,0.739184624,4.223250224,2.011984778,-1.31939682,1.92448953,-1.439776769,0.144978428,0.713121081,0.255747472,-0.28818905,0.401122425,-0.324595338,-0.059671789,0.253723665,-0.014593017,-0.081589733,0.172305524,-0.083823608,-0.004912147,0.125775241,0.001511545
fly,fly_07,7,435,464,0.085229595,0.112671211,0.138160635,0.112517566,0.14709521,0.128313244,0.099354312,0.068805893,0.034392412,0.045909519,0.027550403,0.526086655,0.259612776,0.276012538,1.906024481,0.905995629,0.901514042,0.040569031,0.574633565,0.568324574,0.196039856,283.3756297,286.7621486,55.20282324,144.348792,140.759319,30.57778557,224.6139982,200.0234808,234.9522054,224.345439,104.5187088,567.461993,44.18925326,12.21288358,4.132996955,12.78453339,3.711403027,2.073801286,3.653432664,-1.848581631,1.520185245,-1.876004232,-0.092504117,0.678173095,-0.105578808,-0.147247237,0.359720949,-0.135228516,-0.072723182,0.234519235,-0.025166077,-0.054777355,0.163104055,-0.059599138,-0.04030136,0.114275979,-0.023452416
fly,fly_07,7,450,479,0.075235572,0.095377468,0.11419435,0.092952419,0.124701398,0.116332481,0.100979613,0.082266388,0.049170141,0.086201724,0.062588444,0.448180649,0.217653818,0.381206311,1.175690528,0.920152767,0.922169092,0.043833941,0.647144283,0.660686503,0.203701906,319.7596491,315.8212256,82.15691924,154.9925616,152.0719198,33.15534325,222.7667075,209.9453278,261.222452,224.345439,149.7032543,646.642737,61.58502261,11.85775126,4.280418024,12.80535145,2.337815712,2.8075071,2.379839692,-1.600106515,1.571828694,-1.214711091,0.009468511,0.739159547,0.008240512,-0.204346246,0.416025882,-0.172281371,-0.011718291,0.251417282,0.003740248,-0.082201675,0.162531885,-0.060753981,-0.010690217,0.12035371,0.000651123
fly,fly_07,7,495,524,0.110391078,0.125296837,0.13668127,0.103669393,0.129330664,0.109441607,0.084412921,0.060381912,0.032487492,0.053767202,0.054139625,0.479122934,0.233000057,0.285189151,1.680018096,0.926728866,0.932420526,0.040035132,0.694166944,0.725094751,0.169070444,292.7576638,292.6914491,47.32269193,166.5120891,166.3469596,28.09452648,222.028329,210.3384578,191.7851335,197.951858,89.05218968,329.919764,54.58672458,9.531486658,3.183107515,9.587007141,3.029397241,1.451273395,2.809783877,-0.965394485,1.133204944,-0.933546489,-0.256885114,0.564434342,-0.212520764,-0.080967934,0.259147193,-0.05887285,-0.035491004,0.18271402,-0.023684383,-0.045673404,0.128378614,-0.033445595,-0.026218722,0.087591391,-0.023112524
fly,fly_07,7,510,539,0.147000334,0.1581718,0.15873671,0.10945129,0.122218576,0.090540784,0.062158056,0.041529141,0.022291882,0.040124578,0.047776848,0.48094736,0.231669866,0.213880505,2.248673204,0.911460386,0.910220863,0.042947101,0.647469775,0.657995481,0.175713379,265.1257645,256.0049789,47.32045707,165.9544531,168.2554148,29.63102156,224.8422185,208.123355,146.3980409,171.558277,77.63235705,303.526183,59.98541163,10.42881592,3.091206746,10.74741114,3.554885093,1.500886098,3.553559052,-0.495703647,0.990643067,-0.349699899,-0.291748634,0.577351392,-0.243745881,-0.053139885,0.284439973,-0.052815696,-0.036920251,0.183794195,-0.028934537,-0.034656229,0.114896754,-0.036473128,-0.013048859,0.079979658,-0.009840218
fly,fly_07,7,525,554,0.12239436,0.136790941,0.144537429,0.105727981,0.127315146,0.104605405,0.079719805,0.05697158,0.030434059,0.047693652,0.043809641,0.482185962,0.233043128,0.258628738,1.864394368,0.914430905,0.911800653,0.045700261,0.646833079,0.639895963,0.192719817,281.8827472,277.1980907,60.98097777,160.9938209,163.4314363,32.84551112,221.7704953,214.3425843,171.6816115,184.755068,114.0347424,527.871622,67.38361236,10.89321682,3.254437469,11.50809105,3.255410256,1.77138724,3.1031319,-0.956739983,1.435335144,-0.544863118,-0.216462469,0.593098395,-0.191881412,-0.120256559,0.334130751,-0.099127002,-0.063527484,0.193684741,-0.038252774,-0.039424366,0.113624028,-0.026738352,-0.03062006,0.081538885,-0.01582732
fly,fly_07,7,540,569,0.096795646,0.116231271,0.133096628,0.104580718,0.134683701,0.11796345,0.093652839,0.06778921,0.0358269,0.053812698,0.045566938,0.490324496,0.239264419,0.296648586,1.652879937,0.920660787,0.921594779,0.040156801,0.664445635,0.669672354,0.175929082,292.9256124,293.568669,54.63123512,160.4708207,159.8070285,32.08460536,233.1944619,216.2871874,205.3519276,211.148649,122.4719088,739.02027,69.88300451,10.25204932,3.368034793,10.66128716,3.046890597,1.624502769,2.985082215,-1.185994826,1.434356562,-0.990622007,-0.276680426,0.597244327,-0.274069051,-0.108550758,0.31938746,-0.07425146,-0.070865123,0.192684542,-0.04837639,-0.06195339,0.13134748,-0.053571645,-0.030074327,0.079114326,-0.021247997
fly,fly_07,7,555,584,0.087246505,0.113358479,0.137154934,0.110632425,0.143428399,0.124232373,0.096124581,0.067382886,0.034626119,0.049839973,0.035973325,0.515448132,0.254060824,0.283946884,1.815297721,0.912552303,0.911002625,0.039513422,0.616235015,0.622487372,0.189138567,286.0802716,280.6765586,50.17008398,151.7313005,151.4444377,32.48066685,228.9456191,214.5192254,214.8486834,211.148649,93.79706194,646.642737,49.08806181,11.00845395,3.257182637,11.27401502,3.432672092,1.826896791,3.313811117,-1.505556613,1.529453581,-1.41691892,-0.238520134,0.613191257,-0.320928261,-0.120460765,0.38597986,-0.072148594,-0.065814777,0.245333681,-0.045122845,-0.059224114,0.144774159,-0.061784362,-0.021702841,0.109779201,-0.01394417
fly,fly_07,7,600,629,0.127746696,0.15069245,0.16320359,0.118132822,0.135889724,0.101771964,0.068556238,0.043560907,0.021924811,0.035306871,0.033213926,0.5189981,0.254022546,0.202562754,2.562159581,0.898784786,0.895970119,0.052884459,0.565899954,0.560413716,0.226927047,260.3447116,250.7871868,55.97846687,146.38975,145.9367671,33.68146048,215.420119,207.2135363,176.4916567,184.755068,81.69093609,475.08446,55.38653006,11.93095599,3.698969768,12.67375705,4.27428723,2.133349535,4.250387696,-1.110615845,0.99806625,-1.023049893,-0.372063812,0.685758663,-0.393747956,0.004970191,0.349838458,-0.008754015,-0.045445372,0.216040394,-0.016586737,-0.085781831,0.144450022,-0.064437939,-0.001180224,0.108894841,0.007403839
fly,fly_07,7,615,644,0.130583752,0.147463443,0.15554971,0.111929785,0.130224601,0.100775481,0.07144668,0.048032298,0.025068902,0.040620453,0.038304895,0.498479578,0.242154386,0.223473227,2.230600884,0.912135661,0.907492799,0.05534793,0.627739762,0.621522674,0.234627344,278.7611461,274.576264,69.74641875,155.9070731,155.7922978,34.43232964,227.8453327,210.3077055,189.5651127,184.755068,114.321452,673.036318,68.88324767,10.93991694,4.012069378,11.80633764,3.585957736,2.303157196,3.665239317,-1.036072463,1.032483773,-0.847238561,-0.262663545,0.652186788,-0.217659775,-0.004527728,0.297089313,0.00815396,-0.067577112,0.191139143,-0.025498886,-0.051239718,0.125833237,-0.047965102,-0.010940555,0.085654076,-0.000355108
fly,fly_07,7,750,779,0.149869633,0.162328996,0.164438899,0.114389162,0.128477852,0.094774385,0.063208202,0.039513774,0.019429126,0.03097866,0.032591311,0.502080297,0.242867013,0.185721073,2.703410485,0.891020298,0.875471915,0.050469068,0.542747136,0.492832799,0.214088465,247.2418407,236.3392998,63.73054159,143.8281244,136.0334702,33.14272727,239.2875561,209.1870246,158.6081555,184.755068,118.5401552,739.02027,62.48480377,12.02625822,3.131971232,12.87651472,4.379944431,2.104701091,4.769269033,-0.992667039,1.024397381,-1.01356238,-0.287459958,0.672552348,-0.341480813,0.095852438,0.314040365,0.105752404,-0.096029351,0.234127254,-0.089100211,-0.045434253,0.126781573,-0.036826484,0.017313638,0.080210313,0.02193906
fly,fly_07,15,100,129,0.052785677,0.069227886,0.088186848,0.077222024,0.112920795,0.116778152,0.111917306,0.099576732,0.063605881,0.119572398,0.0882063,0.395107819,0.190142819,0.482878618,0.818234242,0.930421312,0.93016061,0.038942963,0.689910078,0.703762214,0.181158029,366.5424181,370.6020948,84.21376572,152.3632705,148.0335016,28.19922891,214.9092049,206.6002916,332.3864533,343.116554,138.9328611,607.052365,60.58526568,10.91944337,3.745185538,12.05877751,1.134379939,2.684840525,0.880107035,-1.920379599,1.387295763,-1.702268947,0.220722769,0.720097184,0.314339415,-0.30562186,0.377144641,-0.335568177,0.050071905,0.193844527,0.053492401,-0.130082761,0.136449103,-0.132712274,0.008603415,0.091262236,0.020398735
fly,fly_07,15,115,144,0.034655896,0.047011348,0.061787616,0.055925176,0.086031622,0.096964264,0.104527794,0.10692643,0.077653251,0.173247278,0.155269325,0.300708678,0.141956798,0.617624078,0.486879785,0.946453228,0.94637313,0.028870114,0.770879004,0.767962817,0.128390818,397.3613615,408.6931493,82.16519179,167.3491723,167.1554539,28.01521131,225.0686782,214.4590602,356.6833481,395.903716,165.1958139,659.839527,69.58307743,10.0701376,4.258425305,10.022237,0.049003127,2.294563819,-0.111650594,-1.329558582,1.27167706,-1.261494445,0.185078885,0.710141219,0.175811571,-0.306044911,0.31108751,-0.340276973,0.058395697,0.205358077,0.059843103,-0.123541332,0.137715965,-0.123069546,0.009039502,0.089084937,0.009038887
fly,fly_07,15,130,159,0.030195052,0.041167941,0.054276655,0.049007125,0.074614799,0.082603279,0.08796753,0.091222646,0.069396406,0.180237374,0.239311191,0.260501859,0.123621924,0.668135148,0.38989396,0.929815563,0.929418035,0.036800472,0.698073823,0.69959606,0.161101782,452.9136039,463.8281437,114.6886527,158.9370985,152.6488801,29.67899013,231.3867614,214.1661309,451.7742406,488.28125,206.1330551,739.02027,57.28606805,10.37821089,3.305772767,10.23233109,-1.213281722,3.023092143,-1.579092727,-0.788021156,1.433651883,-0.494093399,0.252603067,0.681512666,0.301346551,-0.343601654,0.362692389,-0.406067003,0.015767831,0.213062158,0.021421531,-0.112478154,0.145911187,-0.114446424,0.024343564,0.10072498,0.032643325
fly,fly_07,15,205,234,0.150136508,0.160803525,0.162178958,0.113195647,0.128410118,0.096388613,0.06560556,0.041663207,0.020508597,0.031556848,0.029552418,0.500173336,0.241605765,0.188886631,2.64800813,0.88118703,0.877939558,0.044691208,0.51517343,0.48646153,0.175686151,243.526144,241.5686378,46.60207228,139.1803114,138.2425371,24.05439606,196.3185809,183.1922885,172.6682874,184.755068,77.72462773,329.919764,46.28874264,11.94344944,3.419314812,11.72396109,4.623542256,1.710077223,4.847525022,-1.003520642,1.083322782,-0.83654794,-0.510102026,0.609094734,-0.489776513,0.021674736,0.268661819,0.02170025,-0.006095777,0.222419593,0.001953141,-0.100525739,0.139324323,-0.092499766,0.007262031,0.087000965,0.010529483
fly,fly_07,15,220,249,0.116715613,0.13446758,0.147092714,0.110683102,0.135922603,0.112238592,0.083876991,0.057401483,0.029104386,0.041853098,0.030643837,0.505937011,0.246605705,0.242879796,2.083075742,0.904341881,0.910517889,0.046872376,0.582183503,0.594883836,0.200165375,285.1765841,279.4471527,61.7894139,143.1206793,144.4406413,26.23841236,207.2796984,190.0839436,237.5422297,237.54223,99.59894262,475.08446,48.48820768,12.70640567,3.708313608,12.78608426,3.65067483,2.218113949,3.516605563,-1.72266578,1.224399186,-1.575389742,-0.168997394,0.733704828,-0.213200505,-0.056747437,0.328867772,-0.062461568,-0.045315557,0.234240993,-0.032752116,-0.074535669,0.155369053,-0.076116543,-0.01004074,0.104218471,0.002019342
fly,fly_07,15,235,264,0.057233774,0.081820866,0.109944273,0.09771208,0.140228365,0.136448793,0.117921434,0.090979052,0.049883756,0.07404265,0.043784958,0.484333511,0.237940445,0.376611849,1.286028339,0.915551338,0.913000936,0.033280517,0.610920132,0.615459799,0.164888778,326.7665051,327.2998689,59.36798824,138.9128293,135.6720622,23.3077275,223.5357489,186.9051981,303.0328445,303.526182,85.89794999,567.461993,44.68913163,12.66456888,2.917379841,13.17618872,2.480498149,2.154513169,2.495052181,-2.561418055,1.226379181,-2.537169634,0.061872055,0.714424589,0.123485678,-0.23150853,0.427812223,-0.198100877,-0.059238235,0.246752824,-0.056936299,-0.088630284,0.172041343,-0.094290269,-0.011739552,0.114287421,0.006203339
fly,fly_07,15,293,322,0.107902968,0.126257927,0.140287455,0.107161816,0.134111852,0.113929448,0.088255464,0.062897772,0.033034877,0.049228214,0.036932206,0.495490572,0.241273668,0.270348533,1.832784393,0.909209573,0.908839399,0.042873831,0.602140304,0.612583941,0.196195296,276.0778371,277.7944246,47.44538996,153.7278884,149.747035,32.15977759,220.5282414,203.7496204,192.0318025,184.755068,91.28326574,448.690879,52.08733244,12.13579622,4.306201882,11.74479129,3.751717227,1.818911104,3.63255526,-1.278065976,1.47452071,-0.838850577,-0.160729287,0.745336369,-0.207554844,-0.140645873,0.373732457,-0.077080811,0.00561142,0.192446961,0.015761109,-0.079257899,0.141759693,-0.067993513,-0.014322502,0.099093596,-0.004139999
fly,fly_07,15,385,414,0.104030606,0.124359279,0.140930501,0.109081226,0.137457618,0.11656082,0.089040869,0.061924062,0.031729912,0.046642139,0.038242967,0.504030166,0.246538844,0.267579949,1.883661941,0.905331405,0.901955554,0.041236745,0.583793841,0.577724429,0.188667456,273.0900552,272.1090843,48.94924321,145.9370395,145.4022521,28.99237383,218.9351018,202.9643662,210.7786452,211.148649,81.33050893,382.706926,51.08757552,10.96947557,3.027832703,11.46477055,3.871916028,1.858913144,3.912644524,-1.492973027,1.217692506,-1.424006218,-0.213302312,0.675260125,-0.246163578,-0.003125473,0.266587268,-0.014724193,-0.098215134,0.234157242,-0.084941739,-0.021831208,0.145756708,-0.035599076,-0.03307642,0.099004813,-0.015781758
fly,fly_07,15,485,514,0.099163577,0.105924279,0.108795139,0.07926808,0.09752629,0.085572966,0.074531114,0.066645172,0.046582782,0.111555679,0.124434922,0.371162475,0.176794369,0.423749669,0.875900329,0.926561542,0.92874767,0.048710951,0.704183719,0.71264104,0.185287422,316.4058079,311.237742,95.73727054,167.0744263,168.5566071,29.80528723,232.2233567,212.7448149,212.6286626,211.148649,156.944563,739.02027,67.08368533,9.097970066,3.191765768,9.247172407,2.027295252,2.675981898,2.370765629,-0.722790611,1.112618029,-0.54656434,-0.212152783,0.649491592,-0.228634164,-0.145846103,0.321044986,-0.136586281,-0.00907082,0.171252403,0.001830142,-0.078101215,0.1280597,-0.054101758,-0.005292438,0.082484212,-0.006164085
fly,fly_07,15,490,519,0.127512457,0.1394645,0.145247881,0.10530813,0.125386405,0.100804746,0.074510736,0.051925757,0.027825138,0.047603822,0.054410429,0.476747161,0.230694534,0.256275882,1.860288831,0.921952792,0.927726549,0.050364205,0.685969292,0.689831415,0.192978476,289.5589958,295.2333339,60.07606739,164.8400041,165.8095689,29.70037944,232.9928767,212.3952002,188.0850989,197.951858,101.948967,739.02027,64.4843175,8.999620765,3.132930092,9.217173172,3.096786421,1.689361916,2.97696266,-0.797425865,1.078354422,-0.628704273,-0.371689091,0.48638867,-0.304248409,-0.043867922,0.272820735,-0.046865466,-0.058424058,0.174629731,-0.04478315,-0.035183652,0.111131341,-0.032577421,-0.026857068,0.081391282,-0.015711685
fly,fly_07,15,505,534,0.119303518,0.139604566,0.152016231,0.11185673,0.132196966,0.103231294,0.073091189,0.048839853,0.025577855,0.04378591,0.050495888,0.499301221,0.244053696,0.241790695,2.065014208,0.918922972,0.920816431,0.048195836,0.66390979,0.666044484,0.201147375,282.6263539,276.5447609,56.91039451,160.406035,159.5181062,31.03893223,232.3001171,213.272813,186.9750884,197.951858,91.2598581,712.626689,59.5855088,9.338725147,2.974794369,9.701088731,3.372804931,1.820210916,3.397072924,-0.903044734,0.86739201,-0.786632859,-0.43377345,0.498211162,-0.451007936,0.003877456,0.260051004,-0.008351429,-0.05997833,0.180401681,-0.01744603,-0.054285342,0.112439278,-0.047697362,-0.020654423,0.079327681,-0.005643122
fly,fly_07,15,550,579,0.040182839,0.051417446,0.067491219,0.063054415,0.100768878,0.116036718,0.122633215,0.117601473,0.078202132,0.146652614,0.09595905,0.34735123,0.163823294,0.561048485,0.619110896,0.938071985,0.937488882,0.035632799,0.733771516,0.721497836,0.15561802,363.2624058,373.2780961,76.74179786,162.0269576,164.0102632,28.70794862,223.4589344,212.2071378,310.9262519,316.722973,155.1674753,686.233108,59.88543592,9.723325722,3.603600245,9.490170672,0.953510054,2.243780888,0.840626333,-1.605676417,1.45393693,-1.290749472,0.089372843,0.693604718,0.069125629,-0.260813111,0.436965034,-0.193255302,0.035738878,0.201735409,0.027334614,-0.121325514,0.153486483,-0.097293832,0.01448221,0.097062351,0.009377082
fly,fly_07,15,980,1009,0.154394641,0.163548291,0.16237955,0.111546497,0.124733431,0.092888387,0.063982673,0.042254842,0.021842908,0.034537776,0.027891005,0.491547864,0.236279928,0.190509204,2.580179083,0.892362313,0.893525581,0.052808101,0.550879092,0.567870798,0.216578804,264.8896518,250.7329663,72.85367236,142.8331961,144.0945431,29.0554578,200.1871263,187.8334588,190.7984576,184.755068,118.2593445,435.494088,52.18730814,12.44072045,4.245414174,11.72133599,3.995518986,2.719219584,4.059420325,-1.315293732,1.155146666,-1.017448773,-0.233556619,0.741997036,-0.30078784,-0.031986245,0.366910708,-0.051915339,-0.002456761,0.224729691,0.014753249,-0.098536283,0.153638901,-0.080638233,0.020800313,0.111755769,0.02370158
fly,fly_07,15,990,1019,0.146800266,0.157035485,0.156690434,0.107731454,0.120698013,0.091106084,0.065387523,0.046719663,0.026444441,0.046276717,0.035109919,0.476225986,0.228429467,0.219938263,2.165271193,0.889844663,0.898858729,0.052106244,0.532823158,0.552232438,0.216962453,276.0632972,245.8726633,88.88333796,138.9401552,141.5726739,28.1887519,197.0632267,184.4740071,215.4653558,197.951858,145.2739504,567.461993,51.98735673,13.72887054,3.929399434,13.91755363,3.782078147,3.139191373,4.066388488,-1.52207569,1.290202946,-1.39315905,-0.070637926,0.825636414,-0.181737926,-0.085838343,0.464224845,-0.062961523,-0.009216005,0.271785443,0.031686076,-0.097702812,0.190602195,-0.092714277,0.027380163,0.116293704,0.031546121
fly,fly_07,15,1040,1069,0.105716124,0.121542861,0.133246395,0.101113088,0.126538849,0.108666028,0.08657406,0.064904933,0.036360126,0.060526431,0.054811105,0.46956436,0.227651937,0.303176655,1.548814369,0.9183225,0.916074027,0.041294708,0.661084583,0.642309879,0.162427225,296.02053,300.2856081,58.74717357,155.8350245,152.9665034,26.55538319,226.1076606,208.7894944,222.4954219,237.54223,104.042681,422.297297,49.88786731,9.757676227,2.01698678,10.01570833,2.952209477,1.670671589,3.052991222,-1.279407305,1.328848412,-1.301719272,-0.228337934,0.598555788,-0.219215593,-0.124890532,0.303045846,-0.099505207,-0.068345718,0.200107719,-0.067958438,-0.049250488,0.120366721,-0.043698174,-0.043675231,0.077186005,-0.039377117
fly,fly_07,15,1070,1099,0.078415317,0.099688568,0.121440886,0.100770703,0.136810589,0.126506848,0.104886053,0.078128096,0.041769125,0.062089976,0.049493839,0.485529027,0.237581292,0.336367089,1.443449859,0.931831703,0.937199342,0.044052797,0.71293422,0.748291019,0.195946907,308.6169629,309.0534598,57.26131095,171.3813439,176.7672704,35.42717442,234.2332577,224.3880634,202.1452307,197.951858,112.5888443,739.02027,68.08344214,9.956424384,3.839924717,9.354557981,2.672500908,1.637324683,2.512099334,-0.991518845,1.510670703,-0.4532293,-0.28155125,0.57195651,-0.351379117,-0.151217817,0.330111308,-0.12233947,-0.034509667,0.17803527,-0.026634335,-0.064947434,0.107139078,-0.052626164,-0.033593265,0.081322146,-0.028187832
fly,fly_07,15,1085,1114,0.096330347,0.110579553,0.121217284,0.092328529,0.116911993,0.103361143,0.086802256,0.070386703,0.042957089,0.080897645,0.078227456,0.43381895,0.209240522,0.35927115,1.207497318,0.938799846,0.941367845,0.039450977,0.746439205,0.768343804,0.166723898,330.9918378,324.0625326,69.31611412,170.3455074,170.7841566,31.6410912,236.4070563,222.8154912,234.7055364,224.345439,126.4935028,554.265203,53.98687045,8.941374846,2.550490939,9.09962113,1.955951182,1.991582538,2.01219284,-1.077129503,1.244214491,-0.744460144,-0.16103864,0.62741546,-0.216377508,-0.166658535,0.297148723,-0.133219909,-0.024081456,0.161034956,-0.011731188,-0.088339422,0.116894852,-0.077264775,-0.012274611,0.066011697,-0.006500814
fly,fly_07,15,1100,1129,0.124856389,0.136665244,0.141611064,0.101909185,0.120743925,0.097765191,0.074724893,0.055626722,0.032094337,0.058309918,0.055693133,0.462029364,0.22265311,0.276449003,1.671300525,0.915574307,0.921130261,0.042081765,0.652272423,0.660065865,0.174801066,290.1296022,273.1347565,72.36546263,157.3609006,154.3281833,28.08680773,232.5592084,201.5143505,197.4585201,184.755068,132.466218,541.068412,58.78570336,9.934890988,2.75909105,9.979561312,2.933674074,2.211858891,3.112201937,-1.071616606,1.173130403,-0.78874501,-0.203396129,0.685978813,-0.172378461,-0.10155937,0.326231363,-0.078322381,-0.003119546,0.161812305,0.015854864,-0.101826069,0.134796633,-0.080575986,0.011423635,0.076608237,0.018179124
fly,fly_07,15,1115,1144,0.110446257,0.122373514,0.129750755,0.096442315,0.119722641,0.103717986,0.085019645,0.066441904,0.038683989,0.067064779,0.060336216,0.449633696,0.216164955,0.317546533,1.415961596,0.93050809,0.931776081,0.041417512,0.71075693,0.725707726,0.174195837,316.0194529,316.939725,71.12193877,165.1446708,162.9640458,29.56800981,232.2619441,211.073794,223.4820978,211.148649,128.2503741,514.674831,59.58550885,8.58850909,3.106902017,8.37644949,2.294975605,2.063794663,2.195646273,-1.161317709,1.318481592,-0.846577483,-0.152274225,0.624484836,-0.166204205,-0.152126335,0.284307392,-0.116175471,-0.001298795,0.145120656,0.009451041,-0.084675466,0.110917739,-0.08030259,-0.009057281,0.073508306,-0.002781485
fly,fly_07,15,1145,1174,0.027149917,0.038916552,0.054307583,0.051770469,0.083599716,0.098602595,0.109770504,0.1143899,0.083554506,0.184052295,0.153885964,0.288280363,0.135370184,0.645653169,0.44649415,0.948126215,0.949531148,0.027300711,0.776459677,0.798693114,0.125105299,405.11545,404.8254709,68.00644976,164.4378933,167.2989362,27.21244093,228.5735219,210.8946927,370.250142,369.510135,131.4969073,686.233108,53.78691899,8.555188229,3.213398996,9.306753176,-0.233702869,2.012298184,-0.067817943,-1.672928633,1.319440261,-1.458002541,0.078738084,0.631221066,-0.054855327,-0.342629885,0.341489275,-0.311756492,0.046328265,0.218618701,0.024138304,-0.118201199,0.12955516,-0.138274724,0.016572441,0.096558536,-0.002860409
fly,fly_07,15,1805,1834,0.112073892,0.134699605,0.151290618,0.114561813,0.139174122,0.111419784,0.079482038,0.051857926,0.025728989,0.039474379,0.040236835,0.516446337,0.253735935,0.236780166,2.18112161,0.915669839,0.910785817,0.048323702,0.636632399,0.618797864,0.21254288,282.4088366,271.6781314,57.18899503,155.6014624,147.704765,36.25543958,239.3567571,220.0730118,194.3751579,197.951858,101.0418883,739.02027,55.48650574,9.672776752,3.320637993,10.54583563,3.535755121,1.898575101,3.770525942,-1.152194337,1.112995941,-1.061900988,-0.364372579,0.560434671,-0.450106508,0.01629922,0.264411581,0.02299353,-0.105289454,0.179503268,-0.083831416,-0.047097999,0.11817788,-0.036824594,-0.012978094,0.087943558,-0.002818622
fly,fly_07,15,2775,2804,0.122772139,0.137780477,0.145702775,0.106008673,0.125833808,0.100647451,0.074426218,0.052488903,0.0286778,0.050214852,0.055446903,0.478192708,0.231842482,0.261254676,1.83036995,0.926583688,0.937344043,0.049574951,0.703971874,0.746355419,0.203802915,290.688737,289.6019189,62.1382752,172.603897,176.8763034,31.92537087,232.0275423,215.0860838,176.3683222,184.755068,119.4070735,739.02027,68.68329633,8.355275525,3.399388171,7.743957628,3.003616976,1.857743955,2.77667158,-0.60122445,1.033446508,-0.3983015,-0.343795737,0.565376701,-0.314740977,-0.07982525,0.251042582,-0.078888579,-0.018990354,0.170363899,-0.002176534,-0.059243128,0.110936136,-0.049394121,-0.014838118,0.070761488,0.002532294
fly,fly_07,15,2790,2819,0.1014744,0.115074619,0.124758777,0.094083959,0.11754105,0.101526704,0.082471125,0.064390934,0.038294677,0.073246652,0.087137101,0.437910491,0.211625009,0.34554049,1.26732034,0.94827853,0.954363835,0.034197359,0.791208562,0.81780415,0.139616912,311.8991219,308.8654318,52.93698161,183.9374634,184.4941403,23.10815825,231.7667072,219.1491281,185.618409,197.951858,121.3849686,739.02027,74.68183741,7.127237965,2.714707615,7.066022343,2.296782363,1.329520299,2.311816402,-0.550518522,0.797649564,-0.490355417,-0.27987778,0.482076045,-0.318416819,-0.092190468,0.219403443,-0.095591511,-0.024222668,0.114628601,-0.01829627,-0.048649736,0.073024755,-0.044107607,-0.017085655,0.063133133,-0.015244419
fly,fly_07,15,2865,2894,0.100057049,0.117699199,0.133968317,0.105761993,0.137411369,0.121348517,0.096443876,0.069153279,0.035849831,0.050713351,0.031593219,0.498490196,0.243173362,0.283753557,1.75677162,0.91009746,0.903464264,0.055353552,0.61250773,0.592637476,0.240627197,286.3801298,292.2694332,63.45582006,155.3506966,155.083853,36.52418667,229.3659384,211.2981557,203.3785757,197.951858,97.13273425,475.08446,55.38653008,11.77739899,5.940818544,12.04710303,3.609933899,2.208800307,3.351622929,-1.264752791,1.609140863,-0.840282924,-0.204191075,0.756609724,-0.255533473,-0.170992517,0.397949824,-0.142360252,-0.019712398,0.218047718,0.007167911,-0.089712813,0.174857345,-0.071200582,-0.013930039,0.109599484,-0.004172165
fly,fly_07,15,3360,3389,0.163826177,0.164758565,0.155559853,0.103091484,0.112595638,0.083135464,0.05837324,0.040724559,0.022847985,0.043131939,0.051955097,0.454382438,0.215687122,0.21703282,2.093611635,0.903006156,0.905485075,0.042587987,0.623594225,0.642825078,0.166456202,253.8258589,245.2932004,42.49221904,162.5941769,164.9215665,26.71321443,210.7832699,203.3433439,128.8845431,145.164696,72.50782401,290.329392,50.48772151,9.378081778,2.882958514,9.454552324,3.788683805,1.40823879,3.641548313,-0.355887351,0.725850018,-0.228530741,-0.370000878,0.679365361,-0.318641975,-0.017399712,0.262114149,-0.040832689,-0.002497173,0.16129435,0.014548894,-0.076905926,0.115891653,-0.056183558,0.007306866,0.06765502,0.019770991
fly,fly_07,15,3445,3474,0.115263488,0.1363573,0.149946346,0.1112969,0.132964395,0.105635936,0.076561828,0.052440876,0.027807034,0.046248961,0.045476938,0.499843576,0.244261294,0.248535636,2.011154552,0.919546309,0.928271836,0.044045358,0.661605577,0.710514314,0.193974785,278.7072075,276.9855579,48.45013465,163.9164205,171.9692152,29.87197984,212.5345592,199.5780423,181.1783674,184.755068,84.1887335,435.494088,59.08563044,9.106263489,3.786140154,8.987418283,3.440049232,1.731927442,3.180793462,-0.884907127,0.937048081,-0.840781204,-0.33678549,0.608725062,-0.35568071,-0.032105232,0.271505482,-0.026481221,-0.048912146,0.200755315,-0.037597725,-0.070872344,0.119753682,-0.064064395,-0.011763635,0.083022176,-0.000244054
fly,fly_07,15,3465,3494,0.122326927,0.138133235,0.147531788,0.108248698,0.12889593,0.102229951,0.073719906,0.050150774,0.026700595,0.047074548,0.054987648,0.486906368,0.237144629,0.25263347,1.927323278,0.917505338,0.915566603,0.043966806,0.665955686,0.662080563,0.181494693,273.8346651,264.7827957,53.18695477,165.0291952,164.4054618,30.06481203,242.4247795,209.7218046,165.3915525,184.755068,94.6095403,620.249156,59.88543597,8.641666765,3.368070514,8.921980377,3.374338132,1.619033164,3.420805985,-0.653507459,0.903868076,-0.614615784,-0.434290355,0.53493411,-0.386322261,-0.013361082,0.223730359,-0.00426581,-0.021090411,0.178500548,-0.012806381,-0.078854368,0.118467309,-0.066528072,-0.006901958,0.0686739,0.003894321
fly,fly_07,15,3480,3509,0.109320737,0.134466553,0.15272992,0.115587205,0.139082735,0.109273049,0.076304793,0.049294058,0.024883647,0.041428097,0.047629206,0.516672909,0.25466994,0.239539801,2.156939713,0.915909085,0.908509852,0.042481316,0.651904519,0.637558195,0.183284435,274.9309645,263.0856523,52.00419784,159.91958,159.7633722,30.44390582,237.6277405,209.0595992,188.9484403,197.951858,90.03886788,699.429899,49.18803749,8.821510831,3.014179407,9.527792854,3.464337175,1.644990032,3.722933023,-0.881499941,0.962214199,-0.815043396,-0.456885762,0.489015271,-0.440876983,-0.024987289,0.249369716,-0.005649137,-0.066366753,0.172522692,-0.040590916,-0.066038472,0.103289056,-0.050552571,-0.019424963,0.071745616,-0.011822859
fly,fly_07,19,90,119,0.047363734,0.062782296,0.080775542,0.071284128,0.104973322,0.109390112,0.105866141,0.095913129,0.063155081,0.130286091,0.128210424,0.366423105,0.17625745,0.523430865,0.700041073,0.93937219,0.945959696,0.034855243,0.750075788,0.77516483,0.144729036,346.3158389,345.1567934,86.54464102,168.1967829,171.5142599,25.04775168,242.3456753,206.6645711,288.7260435,263.935811,154.5520574,673.036318,58.48577628,8.55420949,3.208095175,8.234619078,1.31875504,2.244186,1.639618846,-1.10536676,1.311636796,-0.872919124,-0.237871369,0.588929834,-0.334660126,-0.239133668,0.340635996,-0.139803379,0.000698662,0.194591448,0.005087007,-0.097497414,0.110084924,-0.091817396,-0.01211704,0.082408865,-0.010888808
fly,fly_07,19,135,164,0.104623086,0.132603124,0.153051358,0.116518871,0.140680116,0.111401911,0.079340224,0.05306143,0.027660688,0.045107066,0.035952125,0.521652256,0.257198987,0.241121534,2.163441183,0.912659445,0.916274711,0.045812394,0.61208937,0.632921764,0.214631194,294.329594,287.9829572,85.54663649,150.0976065,142.6175154,33.00787423,226.0620833,208.5397775,222.1254184,211.148649,127.6612157,607.052365,47.28849951,12.37068574,4.381260712,12.10009623,3.054213006,2.956682707,2.888006119,-1.448248811,1.279919942,-1.398202936,-0.045912233,0.686812262,-0.162613879,-0.160803446,0.395939992,-0.161641088,-0.059241466,0.242392786,-0.043174993,-0.064747046,0.146974061,-0.069672357,-0.007305047,0.114594576,0.006090059
fly,fly_07,19,150,179,0.104908093,0.117490184,0.12345031,0.089749723,0.108740772,0.093514395,0.079845434,0.068728611,0.044888678,0.09073325,0.077950549,0.4154552,0.198490495,0.362146522,1.14720196,0.931335423,0.936408423,0.036872562,0.709641301,0.725980054,0.16356871,339.7383434,325.1320325,93.48761869,164.7501123,162.0424518,30.52227145,228.2643305,215.5133803,252.5890376,211.148649,166.1610502,593.855574,58.18584923,9.989917925,3.889074822,9.622742935,1.451832931,2.777266163,1.890735076,-1.131268871,1.327578562,-0.89519604,0.068684117,0.673420632,-0.013812759,-0.23265543,0.334399612,-0.187725696,-0.007030614,0.217759392,0.02229612,-0.074208238,0.136561661,-0.072653423,-0.003098691,0.095724877,0.000764525
fly,fly_07,19,165,194,0.091631749,0.109809488,0.122962954,0.093667869,0.117149191,0.101797709,0.084978067,0.069991064,0.043950951,0.085987475,0.078073482,0.435577724,0.21081706,0.362981039,1.200001314,0.939383833,0.943944214,0.036680068,0.753600703,0.766369149,0.150100966,322.5831942,320.6056281,74.59333088,174.7844755,175.6195602,27.29869064,226.5642262,217.1070462,215.4653559,197.951858,132.6397991,514.674831,59.38555745,7.717597247,3.688930814,7.7023975,1.857061793,2.120910232,1.940879593,-0.824678016,1.154073799,-0.651604957,-0.222426777,0.570317544,-0.264850848,-0.193959133,0.28008408,-0.16370258,0.002795175,0.169429754,0.014507653,-0.069881459,0.112050181,-0.062430243,-0.018471917,0.091837218,-0.006773978
fly,fly_07,19,300,329,0.087574589,0.105604212,0.122180707,0.097393439,0.127973575,0.115534231,0.095479958,0.072874544,0.040907341,0.068237949,0.066239454,0.463081953,0.225367015,0.343739246,1.347189644,0.941473227,0.944342076,0.033613762,0.752366561,0.775059955,0.151294933,307.9814044,301.231453,49.74557213,174.8187207,177.1627753,26.88864316,224.7293154,216.4255243,201.4052239,197.951858,102.1692027,461.887669,67.88349081,10.64328697,3.977315977,11.27641612,2.504142231,1.414280185,2.597522679,-0.927157333,1.042690115,-0.74935146,-0.195894849,0.477501938,-0.19820237,-0.091062318,0.252341208,-0.092239444,-0.072697288,0.174239652,-0.03825714,-0.020255613,0.101874377,-0.028794239,-0.036637397,0.078859054,-0.022496081
fly,fly_07,19,315,344,0.08582331,0.108640992,0.129396777,0.103802337,0.134812616,0.118025115,0.093434666,0.068259505,0.037228098,0.061498279,0.059078303,0.486036846,0.238614953,0.319498852,1.52124755,0.94467305,0.943934232,0.033517348,0.760634054,0.772599906,0.158039605,313.7453699,312.5006495,47.56120073,174.4853496,176.9379457,27.29129545,227.3556202,210.4629606,211.1486486,211.148649,90.80225726,448.690879,55.88640847,11.39722198,3.730142303,11.68282088,2.429674524,1.434518324,2.317286587,-1.062643185,1.028804866,-0.880642386,-0.195605089,0.437061312,-0.213077027,-0.120786919,0.247721398,-0.105519027,-0.057533922,0.161028371,-0.039000083,-0.038542158,0.110044359,-0.03228565,-0.033342363,0.067591713,-0.02572171
fly,fly_07,19,3060,3089,0.060842318,0.071082876,0.078436107,0.059665643,0.075827498,0.069712606,0.066071897,0.067307892,0.053683873,0.156238727,0.241130562,0.283641854,0.135493141,0.584432952,0.485328305,0.924983617,0.93031506,0.042075095,0.683916378,0.705893646,0.174660183,423.7125012,439.6646184,134.4155522,158.9089521,158.4143224,27.74176704,236.8560346,206.8033121,428.3406874,461.887669,225.736385,739.02027,51.98735671,9.913129648,2.728021492,10.27224172,-0.236334303,3.57599535,-0.830196293,-0.646996943,1.063925428,-0.65680821,0.062425729,0.737533829,0.014445805,-0.218976141,0.311558749,-0.200467379,-0.001710986,0.193058691,0.018050443,-0.100220006,0.135835212,-0.089482469,0.0018969,0.091026734,0.013561576
fly,fly_07,19,3065,3094,0.081597242,0.094150644,0.10182371,0.075262302,0.091083029,0.076373869,0.063441298,0.056492224,0.041655059,0.118802161,0.199318461,0.34454291,0.166345331,0.479709204,0.718232854,0.916284663,0.92142314,0.045119595,0.651785285,0.674355341,0.182210104,394.9866762,356.7531605,145.5179492,156.756306,159.1619468,28.62278577,236.2612011,207.2964397,383.5702671,303.526182,239.3551229,739.02027,53.9868704,9.924892063,2.869175144,10.02540946,0.439126973,3.86674621,1.185457505,-0.537684822,1.026838762,-0.617422193,-0.079070973,0.744058134,-0.154796617,-0.175325422,0.326543649,-0.182915165,-0.005912257,0.20028794,0.009146602,-0.09671002,0.136461866,-0.088344333,-0.003582845,0.090549826,0.007232811
fly,fly_07,19,3110,3139,0.056430788,0.077491887,0.101416557,0.089265321,0.12868007,0.127964405,0.115025368,0.093776553,0.05459239,0.089472768,0.065883892,0.447326352,0.217945391,0.418750972,1.068239555,0.930128819,0.929969013,0.035206079,0.694411778,0.692054851,0.158247801,327.6265933,321.8333196,60.56198574,155.6543948,153.3571401,27.30018722,229.3426912,204.3500545,284.5326708,290.329392,120.0209205,541.068412,60.28533862,10.08790471,2.280946226,10.05584802,2.179078515,1.792968907,2.290850762,-1.762961683,1.399405118,-1.976368124,-0.082829976,0.560309634,-0.079212384,-0.277032159,0.359291301,-0.281235147,-0.071187743,0.203078561,-0.071707964,-0.071309059,0.125834994,-0.077893594,-0.039219179,0.089717326,-0.04284481
fly,fly_07,19,3400,3429,0.092817666,0.110703149,0.125751945,0.098081271,0.125613128,0.110208877,0.089388248,0.068368668,0.039316254,0.069681099,0.070069696,0.459655221,0.223694399,0.336823964,1.364674932,0.938646752,0.945302688,0.039613618,0.743893026,0.764712785,0.166038492,323.9572404,323.50939,62.27530221,167.9786047,170.5724225,27.60277397,225.8170897,214.9648575,246.7923166,237.54223,111.7849728,514.674831,58.68572762,9.149156007,3.13992431,9.81163392,2.195735982,1.758225572,2.124484591,-1.181493567,1.108831374,-0.967950606,-0.301974447,0.564595508,-0.348013769,-0.098350176,0.299194825,-0.062202601,-0.065657665,0.150784349,-0.046996144,-0.075629417,0.099147325,-0.065022246,-0.019357371,0.082384122,-0.016199873
fly,fly_07,19,3415,3444,0.116283338,0.129498269,0.137672313,0.101844525,0.124117059,0.102956379,0.078865524,0.057041076,0.031514344,0.055617402,0.06458977,0.466590276,0.225961584,0.287628117,1.622199809,0.931972164,0.932529969,0.03983201,0.723430581,0.735046758,0.164663189,295.3694771,284.3514021,54.56526043,172.21454,173.3332428,25.93771609,226.7864312,212.2988173,192.0318026,197.951858,90.80713636,435.494088,56.68621395,8.881738599,3.239109841,8.963290251,2.806200476,1.600006512,3.07748867,-0.737126365,0.857107339,-0.52941016,-0.403227212,0.560920434,-0.524897976,-0.002710516,0.229679457,-0.00317186,-0.029750016,0.17108641,-0.01588071,-0.052099728,0.113682701,-0.041304585,-0.014400135,0.072476561,-0.013617235
fly,fly_07,19,3430,3459,0.105435048,0.121895181,0.134788824,0.102922796,0.128674035,0.108656248,0.083273571,0.059104428,0.031765458,0.054785519,0.068698893,0.475041903,0.231596831,0.297627869,1.596093482,0.937209318,0.940886777,0.039888393,0.744192914,0.763772352,0.167416585,304.4638518,298.1425964,54.24173853,176.8119864,177.3009521,29.48315256,230.8922463,218.6010444,189.3184437,197.951858,90.81396661,356.313345,55.38653005,9.08805383,2.50535894,8.808070588,2.621634409,1.526318423,2.674777286,-0.705558126,1.006383675,-0.479634623,-0.37418453,0.501596305,-0.448036771,-0.002352718,0.244338025,0.016080294,-0.057331448,0.199326408,-0.028877823,-0.02684386,0.109052284,-0.023181932,-0.020888501,0.061445901,-0.018034235
fly,fly_07,19,3445,3474,0.060779371,0.077794656,0.095110466,0.079458475,0.11023251,0.107975576,0.099992923,0.088583515,0.057786409,0.115901008,0.106385091,0.392777028,0.189690986,0.468648945,0.838105007,0.952950289,0.963620256,0.03647908,0.804304617,0.84999662,0.154820355,356.6272327,366.9903104,71.48052026,179.6859001,175.4611173,29.69213528,230.1688164,223.3702773,278.9826188,250.73902,159.8715559,633.445946,59.78546018,9.242292522,3.2461567,8.933645934,1.359294046,1.867584583,1.034646432,-0.945986465,1.145367782,-0.925821697,-0.160563535,0.534004401,-0.270746201,-0.167473266,0.308621729,-0.176115324,-0.047532634,0.173116681,-0.017889341,-0.067906785,0.103917063,-0.066499838,-0.011585084,0.057470907,-0.012382262
fly,fly_08,3,840,869,0.135725455,0.154516411,0.163363876,0.116849395,0.133553816,0.099335374,0.065983021,0.040797008,0.019950998,0.032478743,0.037445904,0.51310246,0.25040321,0.196655674,2.6091414,0.930818556,0.945033818,0.048042882,0.713095001,0.789584861,0.214788819,293.6688908,291.1900526,59.29660026,176.1932453,185.910525,34.20069794,228.1943121,216.5274426,178.5883431,184.755068,87.10035262,593.855574,60.58526571,9.889693619,5.079366011,9.655159709,3.005354058,1.987027777,2.530124149,-0.637118544,0.993214191,-0.611741352,-0.334561005,0.489752532,-0.36477256,-0.076657922,0.29855357,-0.11534487,-0.071286602,0.176402397,-0.052864699,-0.039926251,0.094477957,-0.039085917,-0.01797245,0.066491513,-0.020398203
fly,fly_08,3,855,884,0.13610916,0.151435725,0.158734655,0.114232654,0.13291531,0.101918865,0.070080024,0.04445681,0.02177913,0.033917231,0.034420437,0.507801483,0.247147964,0.204653632,2.481272766,0.915813546,0.923152145,0.051518589,0.647850385,0.71261166,0.229151754,274.6281904,268.032713,56.20372063,164.6812139,173.9067435,35.62322718,228.3792655,208.8201806,156.1414656,184.755068,86.04030154,554.265203,63.78448765,11.9723244,5.685774702,13.72268773,3.613934345,2.098787486,3.146351669,-0.795955105,1.003374225,-0.65975064,-0.294153677,0.558144489,-0.30765081,0.004093918,0.329656262,-0.005474382,-0.076565532,0.203412819,-0.039856642,-0.046418593,0.094255766,-0.033348399,0.002715962,0.075728682,0.000530181
fly,fly_08,3,1045,1074,0.128090429,0.140839393,0.144472261,0.101887984,0.117764123,0.093461944,0.07195822,0.05580901,0.033762874,0.062798234,0.049155529,0.457586311,0.219652107,0.273483867,1.673174791,0.916698297,0.91926882,0.04225706,0.649695482,0.653285949,0.176017509,318.6189135,303.5138155,97.19322335,155.1079355,149.9525586,29.84272744,225.2803147,210.2633325,246.6689821,211.148649,162.4147282,607.052365,54.18682186,12.85494338,5.016106164,12.99217013,2.123056665,2.936500601,2.53606579,-1.198567817,1.436795463,-1.007556486,0.02182138,0.746891228,-0.080322972,-0.246412582,0.381364546,-0.19442544,-0.003809171,0.205301515,0.004889207,-0.097173683,0.158534569,-0.077761319,0.000144678,0.098980663,0.010378415
fly,fly_08,3,1310,1339,0.052147989,0.072065282,0.092793564,0.079845884,0.112870618,0.111513209,0.102244541,0.087766425,0.055003605,0.106525677,0.127223205,0.397023275,0.192716502,0.478763453,0.829268133,0.967494841,0.971946611,0.015980577,0.870531481,0.882898516,0.063267677,350.5116815,351.5098334,33.82584718,191.0168062,190.3838188,17.87240141,228.6494145,215.5591161,237.9122332,237.54223,72.82418927,382.706926,51.38750253,5.311662347,2.298488775,5.355952123,1.341173707,0.83429654,1.382797565,-0.802521378,0.929659495,-0.710359775,-0.38405654,0.284108835,-0.414044611,-0.229087254,0.196081676,-0.21747405,-0.07753683,0.124674826,-0.070587367,-0.046468698,0.074086942,-0.053578822,-0.059722255,0.054456791,-0.056607839
fly,fly_08,3,1325,1354,0.036483576,0.05391776,0.076422095,0.072400167,0.112905383,0.123087435,0.121372074,0.108355917,0.068128178,0.12310104,0.103826375,0.38481508,0.18530555,0.524783584,0.733283379,0.955814691,0.960033545,0.023554151,0.815559459,0.838982289,0.104572481,363.1558393,366.5615678,47.18147904,174.3742906,179.2787024,23.64976195,220.4474841,207.431574,296.7427855,303.526182,102.227775,514.674831,54.18682176,8.031452543,3.027736071,8.248879611,1.046537801,1.236498342,0.952914916,-1.462534492,1.229171653,-1.229441265,-0.201416405,0.48729104,-0.289954259,-0.267946081,0.267016469,-0.246396242,-0.077033434,0.131805046,-0.067135455,-0.07756227,0.092287645,-0.084259232,-0.044991882,0.067314944,-0.040970389
fly,fly_08,3,1340,1369,0.085815548,0.104785201,0.120705064,0.094801722,0.122338082,0.109105295,0.091153243,0.072662433,0.043411907,0.079253169,0.075968336,0.446950162,0.217139803,0.362449089,1.233139152,0.933632095,0.938715705,0.042742852,0.730559693,0.738086191,0.167102748,327.0462745,329.4320808,71.82963931,165.7230402,165.7835384,28.04981492,229.884407,219.3349078,248.3956649,224.345439,122.102043,514.674831,52.6871865,9.559386563,2.532411735,9.317860849,2.077587544,1.95593242,1.985064521,-1.107497729,1.283521391,-0.933852589,-0.317701634,0.579782643,-0.404516269,-0.170383177,0.314123103,-0.142074404,-0.036198057,0.160874677,-0.038348159,-0.092855507,0.102076132,-0.092695975,-0.024156951,0.067034734,-0.023476035
fly,fly_08,3,1355,1384,0.096006777,0.122541188,0.146112355,0.11620203,0.147471944,0.122800829,0.089298218,0.05749651,0.027243996,0.038070455,0.036755697,0.532587158,0.263673974,0.248864877,2.140065582,0.916972768,0.91380469,0.04547828,0.652236666,0.659474088,0.197824112,284.9271557,283.6509396,51.81125627,159.659376,162.1120146,32.40053801,229.6361589,218.0059751,201.6518929,197.951858,74.49680009,343.116554,44.08927755,10.86449416,3.50546188,10.73798423,3.382453272,1.724654162,3.288259808,-1.029369093,1.295087429,-0.646848613,-0.433708429,0.516569877,-0.356881407,-0.053730553,0.231632186,-0.050794215,-0.052233405,0.214661458,-0.024975623,-0.052728883,0.123823152,-0.041236411,-0.033377281,0.079843958,-0.026202607
fly,fly_08,3,1360,1389,0.100029214,0.126710638,0.149187378,0.117008911,0.146257041,0.119764481,0.085942903,0.055019987,0.026189147,0.037343004,0.036547297,0.532217811,0.263265951,0.241042338,2.207984769,0.916845993,0.912982349,0.045337949,0.646836141,0.647625204,0.2021045,285.0803831,283.7034092,51.6131739,157.8467124,162.0334821,32.46864915,230.1013799,216.7247449,207.0786105,197.951858,68.78648922,343.116554,39.09049323,11.43473083,3.570490163,11.90971956,3.430112898,1.802032622,3.398380843,-1.125443566,1.249807644,-0.816578328,-0.43291802,0.535936297,-0.364103458,-0.041049244,0.238826641,-0.060486638,-0.058555408,0.213242315,-0.023032129,-0.055748615,0.129705696,-0.037667076,-0.033354496,0.084844233,-0.021891065
fly,fly_08,3,2155,2184,0.086990339,0.098071649,0.108856663,0.086166225,0.115662642,0.109945272,0.097764421,0.081203745,0.049093299,0.087734381,0.078511362,0.420630803,0.201828868,0.394307209,1.066759098,0.949692935,0.954630771,0.033287295,0.783409613,0.81968414,0.149395914,362.9720188,369.7212448,70.68432608,169.5651826,170.9941345,24.55129276,217.2128553,207.7372919,305.2528653,316.722973,138.5118554,501.478041,56.38628691,8.558537419,3.0856334,8.720301978,1.167892171,2.05750645,0.799257848,-1.430408192,1.062906702,-1.524119353,0.026825418,0.537416744,0.039569403,-0.206806085,0.296799889,-0.23582455,-0.046770266,0.158167329,-0.023424357,-0.061861099,0.103827788,-0.05819909,-0.022214647,0.067594124,-0.021492417
fly,fly_08,3,2265,2294,0.119967871,0.13847415,0.151127996,0.112748618,0.135973537,0.108579919,0.077627083,0.051005407,0.025597663,0.040120122,0.038777631,0.508430072,0.248722156,0.233127907,2.180906092,0.898594845,0.897836691,0.048051164,0.573347427,0.59189999,0.207074177,257.0237855,252.1219723,45.19802207,149.2794875,148.9602067,31.96404649,225.538082,203.0409496,164.1582076,184.755068,73.47749112,277.132602,50.08781872,12.35032805,4.284084065,12.27854074,4.234685211,1.875282243,4.033501682,-1.017739175,1.049535254,-0.869383294,-0.353118892,0.644470154,-0.29026382,0.015704831,0.304137011,-0.00987957,-0.049923439,0.229616527,-0.012258466,-0.072530854,0.13504796,-0.054690865,-0.000176277,0.094904285,0.018686397
fly,fly_08,3,2280,2309,0.096575616,0.113383194,0.129138253,0.102384612,0.134248069,0.120531639,0.097966327,0.07210432,0.038285931,0.055942512,0.039439529,0.486302572,0.23663268,0.303738619,1.601056111,0.91380197,0.906768383,0.042334455,0.626533179,0.612419885,0.195203233,285.8574773,288.0797642,53.00338473,155.5816664,150.1061656,33.62400176,244.1776874,208.5296797,196.5951788,197.951858,95.37154646,382.706926,44.38920461,11.5299908,4.481736493,11.44393385,3.358778376,1.943727134,3.174426034,-1.373652842,1.481292242,-0.920005128,-0.228658376,0.677630514,-0.267605645,-0.053685574,0.376581977,-0.024986286,-0.059158191,0.228197685,-0.008058521,-0.067346207,0.124793815,-0.05086391,-0.005998466,0.083485033,0.00259055
fly,fly_08,3,2445,2474,0.121664489,0.140551035,0.153546155,0.114628698,0.138214161,0.110067536,0.078005785,0.050214349,0.024384857,0.035832369,0.032890567,0.51645655,0.252842859,0.221327926,2.333445035,0.904350044,0.895107609,0.04841738,0.604605105,0.583806309,0.208044805,264.9576038,255.7964649,50.15942828,156.4656376,160.2656088,30.75667403,216.5166634,203.1936388,169.7082597,184.755068,80.04418327,369.510135,54.68670029,11.28830093,4.195139439,10.66148402,3.919662719,1.866572353,3.952343491,-0.883928627,1.289628974,-0.587928415,-0.37727727,0.560662973,-0.321507654,-0.057062283,0.267177101,-0.069443552,-0.030016656,0.241650371,0.002453721,-0.039305072,0.137338434,-0.038490575,-0.040645486,0.097694099,-0.010967302
fly,fly_08,3,2460,2489,0.107633946,0.126449364,0.140809803,0.107469555,0.133891979,0.112687583,0.08629438,0.061033113,0.032175287,0.049773955,0.041781035,0.49485892,0.241361534,0.27105777,1.825658496,0.912718625,0.914125163,0.046033879,0.643396352,0.62869241,0.187904258,279.9979743,282.5076656,53.91604532,160.716546,159.8579212,29.6066341,221.9336113,203.4639311,184.2617296,184.755068,84.91799767,356.313345,48.78813476,10.65934678,3.636092891,10.16791839,3.385102144,1.679177142,3.287130901,-0.910692099,1.363821063,-0.483681543,-0.338069164,0.578956517,-0.326994303,-0.142710553,0.291202436,-0.153519771,-0.008433811,0.188276353,0.006689838,-0.057975248,0.109836534,-0.053460567,-0.035521097,0.090968057,-0.024424826
fly,fly_08,3,2475,2504,0.109800559,0.130538016,0.146090274,0.111183824,0.137065458,0.112936179,0.083882689,0.057190409,0.029192731,0.044020613,0.038099247,0.507275736,0.248249282,0.252385689,2.009922738,0.913274417,0.912225246,0.044116004,0.633473966,0.658503097,0.195565219,280.466095,282.7874229,51.81363766,158.2573797,159.4824096,33.48090276,234.1943095,215.0194686,181.4250363,184.755068,85.82972563,369.510135,50.48772152,11.49555,3.748617022,11.10519468,3.481946239,1.782628427,3.107269416,-1.048161765,1.369955856,-0.657471628,-0.309211853,0.627569415,-0.318267137,-0.070731151,0.313583113,-0.070485261,-0.049728657,0.190089711,-0.024289568,-0.058561658,0.131514177,-0.063610542,-0.016750461,0.09526203,-0.004520774
fly,fly_08,3,2490,2519,0.113113224,0.131594162,0.144798714,0.109162342,0.134037695,0.110624592,0.082821273,0.057170704,0.029547631,0.04542803,0.041701633,0.498623343,0.243200037,0.25666927,1.942668643,0.918658477,0.924549712,0.04598673,0.661119697,0.716657319,0.202044881,286.4775543,289.0971768,57.10410664,163.8308149,170.1315792,33.83909974,230.662664,213.7797739,178.2183396,184.755068,100.4103628,461.887669,49.78789167,11.11515696,3.611816817,10.65080894,3.227993966,1.918771448,2.885767057,-0.927249587,1.295516544,-0.659193669,-0.285909849,0.644167961,-0.294517438,-0.053897368,0.305327997,-0.060807895,-0.037151397,0.202052505,-0.010400292,-0.063196587,0.121697117,-0.057016015,-0.007333618,0.083146963,0.005814148
fly,fly_08,3,2505,2534,0.092153046,0.112452329,0.129997744,0.102291206,0.13114467,0.113971423,0.09033639,0.066667722,0.036936705,0.062828588,0.061220177,0.477405043,0.233435876,0.317989582,1.501322907,0.930787086,0.93936051,0.041397623,0.710970629,0.766844924,0.179416017,301.2220525,301.2155325,53.48960333,168.5184157,174.3397256,28.24422041,222.3781743,208.6540677,204.4885862,197.951858,95.18565081,488.28125,54.38677315,11.63192673,3.681745885,11.25219045,2.770239642,1.696938104,2.562810205,-1.011047884,1.163571399,-0.865423933,-0.269729586,0.61361452,-0.228444717,-0.139387222,0.266333934,-0.110867224,-0.013755369,0.175987553,0.012493967,-0.070754111,0.104595215,-0.071674556,-0.018073986,0.081289816,-0.011234513
fly,fly_08,3,2520,2549,0.096952579,0.117918341,0.134898968,0.104377419,0.130420672,0.109014456,0.082739292,0.059124489,0.032728532,0.059983113,0.071842138,0.478711515,0.234798091,0.306417565,1.562284834,0.930579219,0.936531985,0.040872085,0.7177398,0.737533624,0.168366366,294.5444753,289.9266502,49.02818363,170.4499102,175.3544245,27.26554217,225.785868,212.6967342,196.8418477,197.951858,77.0187827,329.919764,59.08563039,11.49686668,3.306995218,11.12317995,2.895185784,1.461462405,2.779732376,-0.781091491,0.947586703,-0.697718509,-0.458314527,0.461225199,-0.408298247,-0.080201211,0.211747343,-0.061655723,-0.032274707,0.180870153,-0.009112068,-0.069646475,0.111988668,-0.060688229,-0.029800999,0.069721325,-0.019760504
fly,fly_08,3,2535,2564,0.099725488,0.12403634,0.144354418,0.11261262,0.140504292,0.115300213,0.083582421,0.054976266,0.027495474,0.044276611,0.053135858,0.512771543,0.253116911,0.26346663,1.946248538,0.930934333,0.937033625,0.045034813,0.715374816,0.752833349,0.193959487,298.0708324,295.7433812,57.44942376,172.7531269,181.2555831,32.80906728,228.993431,215.7851432,189.8117818,184.755068,99.73003088,633.445946,64.38434176,9.647963403,3.865983112,10.00902664,2.870544756,1.71382764,2.745613858,-0.764141338,1.11588968,-0.555278167,-0.436271143,0.468199134,-0.434927503,-0.045157589,0.254791978,-0.052920796,-0.066603335,0.192809767,-0.046515519,-0.052829116,0.113237736,-0.044049005,-0.025096778,0.069041893,-0.021341894
fly,fly_08,3,2570,2599,0.108375058,0.124976338,0.138006137,0.105607705,0.1331206,0.114476208,0.089976648,0.065065594,0.034513958,0.051056855,0.034824898,0.49121065,0.238728305,0.275437953,1.783380411,0.913132698,0.907930067,0.047984332,0.614225341,0.598752051,0.225999387,296.454831,291.7674019,67.34455552,151.7197393,145.3554053,37.46191759,233.6375572,218.2622101,224.3454393,211.148649,136.0967606,739.02027,61.78497393,12.60682158,4.450280455,14.04465101,3.29566228,2.363642466,2.919502759,-1.566856559,1.585970487,-1.435751789,-0.080226819,0.735358882,-0.146688477,-0.098278544,0.403681921,-0.055950561,-0.089776588,0.265440697,-0.063515079,-0.043503827,0.161890433,-0.031297038,-0.033756733,0.106074013,-0.014552811
fly,fly_08,3,2580,2609,0.105765998,0.123864473,0.138609818,0.106920055,0.135249757,0.116148863,0.090691612,0.06493724,0.034124583,0.0499849,0.0337027,0.496928493,0.242169812,0.273441035,1.817314992,0.909879795,0.902118587,0.046465445,0.596435505,0.557610144,0.222240535,290.7579691,281.8841881,67.16974327,150.2761545,138.8981001,37.72269234,231.6125728,219.9406688,212.998666,211.148649,137.8227279,739.02027,57.78594648,13.34893536,4.615725534,15.24137068,3.456344038,2.331163385,3.420596656,-1.602540438,1.668003032,-1.41806006,-0.046334146,0.730255749,-0.083347321,-0.128063156,0.41360707,-0.099939832,-0.085066631,0.264183522,-0.033234353,-0.044096075,0.16007046,-0.041812533,-0.039465512,0.11433399,-0.011124327
fly,fly_08,3,2595,2624,0.098625295,0.127675619,0.152413808,0.120149096,0.149944008,0.121667436,0.085894927,0.053823871,0.02509039,0.034619977,0.030095574,0.544174348,0.270093104,0.229524738,2.370874498,0.907028654,0.89554871,0.04536504,0.592590602,0.552488737,0.214061218,271.8373555,264.066329,55.72207596,150.9203437,147.0106735,36.22168917,236.1161754,218.2940599,192.648475,197.951858,109.6913906,739.02027,56.58623828,12.17095627,4.159332848,13.28140336,3.888800472,1.972738949,4.040912412,-1.284138485,1.428485056,-1.167662932,-0.310712759,0.588178281,-0.336475094,-0.036262031,0.299905139,-0.035836178,-0.100345308,0.238883834,-0.063238973,-0.045331968,0.131092902,-0.060851853,-0.029097255,0.106246481,-0.002378975
fly,fly_08,3,2610,2639,0.076695716,0.095028055,0.112061468,0.09032052,0.120117793,0.111447431,0.09759482,0.082107922,0.051381614,0.095977126,0.067267535,0.433947212,0.210438313,0.394329016,1.100469898,0.902088138,0.898594484,0.042695454,0.580589922,0.54847856,0.179413951,283.616053,261.2627755,73.77493313,144.165265,138.7474058,27.05571976,221.2010611,196.1081496,225.7021186,211.148649,116.3827603,541.068412,50.18779432,13.43906124,3.236734709,13.29604465,3.312075498,2.368628253,3.790705402,-1.457363173,1.444919972,-1.17876722,-0.260148694,0.761783886,-0.303361856,-0.205624692,0.473732733,-0.130454184,0.034815012,0.250027671,0.044707544,-0.153523561,0.172366652,-0.132687504,0.012785813,0.099395311,0.016271143
fly,fly_08,3,2625,2654,0.046277001,0.06461469,0.086553103,0.078174409,0.116596193,0.12211798,0.117759788,0.104921098,0.06666236,0.120782863,0.075540515,0.403441685,0.194770602,0.485666624,0.830696747,0.914277378,0.909910672,0.038383632,0.615076789,0.602644324,0.171208893,348.7492042,355.9871147,85.84030284,141.1784263,134.00141,27.16777892,226.1693376,200.1015823,323.753039,329.919764,125.7510518,541.068412,46.48869392,14.11513176,3.229882767,13.80666113,1.642385098,2.843427573,1.523243967,-2.205713435,1.598444226,-2.328598587,0.119365665,0.812416029,0.197267919,-0.38228312,0.491546114,-0.373461431,0.052827518,0.287363339,0.058782787,-0.169739289,0.196704403,-0.168824687,0.009526368,0.112101788,0.01630514
fly,fly_08,3,2640,2669,0.051175687,0.070975255,0.094188536,0.084120775,0.123388385,0.125671873,0.116470673,0.098722004,0.059841417,0.103336293,0.072109102,0.427369569,0.20750916,0.450479489,0.948699286,0.926123437,0.922783929,0.030575706,0.671401093,0.660619256,0.150159094,354.2324892,351.8138125,76.84160546,149.794708,144.0861578,29.56205793,230.7115179,213.8761675,322.0263561,329.919764,132.9994589,739.02027,56.08635983,12.61915568,2.791636556,12.5190241,1.23472458,2.573125679,1.678683992,-2.067934976,1.544902072,-2.489420376,0.105183194,0.65686892,0.201246873,-0.263919575,0.392456263,-0.265664955,-0.038832123,0.24539241,-0.037715817,-0.070492313,0.16114446,-0.077534638,-0.021267813,0.109077249,-0.026485091
fly,fly_08,3,2655,2684,0.044281848,0.060633986,0.080644279,0.073364333,0.111677004,0.120810717,0.120306888,0.10947232,0.069873726,0.124821749,0.084113149,0.386496333,0.185041337,0.508587832,0.75994019,0.931583767,0.924071557,0.029199481,0.699660776,0.660274755,0.133620535,355.396425,360.8823057,62.09721399,152.0242313,143.1424352,30.20521612,230.8224205,215.5830372,313.1462728,316.722973,125.921849,739.02027,59.48553308,11.94292334,1.848449996,12.37265681,1.241142982,1.969828373,1.347705816,-2.062929121,1.568858196,-2.551439827,0.113580443,0.611636359,0.178608336,-0.349740389,0.359156904,-0.425847063,0.000231469,0.206429167,-0.001045646,-0.088954691,0.126123944,-0.098699399,-0.028140272,0.088171792,-0.028625571
fly,fly_08,3,2670,2699,0.053034468,0.071385426,0.092046354,0.080856399,0.118317001,0.122365774,0.11679969,0.102181759,0.06310627,0.108062725,0.071844135,0.413585528,0.1991734,0.461994579,0.895217275,0.927530827,0.921579525,0.028193443,0.686430427,0.666108385,0.127454574,323.9067252,316.8614661,63.70149627,154.6220172,152.7401985,25.21224777,227.8669628,203.2390769,271.9525528,263.935811,107.893576,514.674831,44.78910727,10.64460988,2.622976428,11.64555808,2.043495113,1.904194671,2.410494044,-1.702289093,1.43615798,-1.440269949,-0.02905019,0.69289916,-0.103709784,-0.267492739,0.334113575,-0.236545329,-0.00354066,0.181717563,0.004761895,-0.092134714,0.109054984,-0.098049519,-0.034869226,0.078380934,-0.028064046
fly,fly_08,3,2685,2714,0.114809389,0.131339866,0.14245873,0.106444436,0.130105014,0.107436887,0.081079057,0.056933493,0.030162187,0.048991453,0.050239487,0.486445067,0.23654945,0.267405678,1.819127669,0.920293898,0.917424727,0.045519297,0.676483373,0.680449618,0.17851011,282.6005164,271.792787,54.02671049,165.1751467,168.9711135,26.62397466,210.1511964,202.1397621,192.1551371,184.755068,81.32421391,395.903716,50.88762421,9.130707997,3.254567223,8.688485357,3.226338091,1.611805363,3.264685051,-0.788386813,0.983919484,-0.653029312,-0.389570268,0.539984871,-0.418817711,-0.046704982,0.249928217,-0.046695017,-0.034252404,0.173679321,-0.021988757,-0.051966055,0.100880858,-0.061960561,-0.023563569,0.072477757,-0.017833315
fly,fly_08,3,2805,2834,0.119589239,0.134599802,0.144033144,0.106671384,0.12955172,0.106456309,0.080150763,0.056222071,0.029675247,0.047002198,0.046048123,0.486712557,0.236223104,0.259098402,1.878485371,0.910633999,0.918705701,0.04284581,0.628672696,0.640457596,0.163601213,290.5097777,297.853063,57.19001992,148.7788493,145.209283,22.97701635,200.8406586,192.1665492,236.1855503,237.54223,88.54272,395.903716,45.88883991,11.79721856,2.518819247,11.9514337,3.237466112,1.7096365,3.119232718,-1.461999572,1.207414949,-1.288207518,-0.401564402,0.573662484,-0.408800117,-0.019047033,0.334997919,0.025670872,-0.092788136,0.216400811,-0.078793127,-0.053144228,0.128182554,-0.04211196,-0.034430259,0.076067741,-0.016528732
fly,fly_08,3,2815,2844,0.131117929,0.14281346,0.147519223,0.106055846,0.125507988,0.100843825,0.075087612,0.052770884,0.028155431,0.045485025,0.044642776,0.479926882,0.231563834,0.246141728,1.949798946,0.905561458,0.913424463,0.047585393,0.617161934,0.617983198,0.17377747,287.3644181,292.5324519,63.75527505,147.2464045,142.9267515,25.25581427,218.9424712,202.2054975,231.4988397,237.54223,98.77138846,382.706926,43.98930191,11.89948612,2.591189263,12.13539362,3.278945758,1.822883524,3.116513234,-1.318318129,1.353944151,-1.200250413,-0.393178283,0.600739643,-0.366571535,-0.028039295,0.325561998,-0.007537814,-0.071486651,0.204548745,-0.082242563,-0.057609127,0.132521962,-0.045525839,-0.026406029,0.078420539,-0.016374692
fly,fly_08,3,2830,2859,0.16122983,0.168615624,0.164019358,0.109796208,0.118551988,0.083893421,0.054784846,0.035268153,0.018906396,0.036279583,0.048654592,0.476260975,0.228348196,0.193893571,2.456301019,0.910954771,0.909371946,0.056209855,0.65664153,0.65297138,0.208024616,274.1429893,270.9845003,67.13770872,163.7439146,158.3776346,31.47578018,226.532764,216.9244671,169.0915872,184.755068,83.52715246,356.313345,55.08660309,10.80258832,3.547940866,11.78261442,3.368949013,1.86145824,3.511464413,-0.420887942,0.923372711,-0.395703999,-0.542975418,0.51716621,-0.45932916,-0.045335219,0.249901746,-0.079313147,0.013125652,0.16790889,0.011593142,-0.082124366,0.118317204,-0.070229958,-0.009503114,0.067786551,-0.000160478
fly,fly_08,3,2845,2874,0.105569922,0.122595916,0.134916558,0.101859923,0.125443122,0.104361509,0.07982871,0.058014024,0.0326602,0.060910529,0.073839587,0.466581112,0.227303045,0.30525305,1.528505981,0.95210454,0.967170341,0.040092437,0.806790961,0.869098056,0.160285015,329.1431551,327.5888269,61.60057434,185.6865743,188.2155002,26.47195102,233.538193,221.0596591,209.2986313,211.148649,120.8182355,739.02027,77.68110801,8.099949264,4.069923195,7.064829804,2.004329159,1.545010573,1.884610511,-0.59107462,0.886558367,-0.458638118,-0.355235335,0.430509851,-0.379991942,-0.143863662,0.220972754,-0.159765877,-0.035880929,0.159500608,-0.011878112,-0.062901485,0.084404263,-0.057868293,-0.022525043,0.055889699,-0.015323514
fly,fly_08,3,2860,2889,0.103370132,0.11904568,0.129830648,0.097355935,0.119500667,0.099826834,0.077731378,0.058497932,0.034357626,0.068234835,0.092248333,0.446514084,0.216856602,0.331070104,1.348699504,0.958951707,0.966076438,0.031150352,0.838041351,0.870947351,0.121864,330.0787854,330.9769072,55.0147353,193.1256802,192.6375209,21.42407079,230.9731675,222.067531,194.3751578,197.951858,109.3702242,593.855574,61.3850712,7.536038381,3.303548017,6.999360636,1.838619233,1.237887828,1.785465424,-0.392700334,0.807127943,-0.317545055,-0.327601357,0.356140224,-0.317485442,-0.162282826,0.207712817,-0.155475796,-0.029205012,0.116100564,-0.020018497,-0.05013281,0.072777012,-0.049682682,-0.025865852,0.049538974,-0.024647204
fly,fly_08,3,2875,2904,0.096184221,0.112994212,0.127749764,0.099908538,0.128414859,0.112234053,0.08900715,0.064991819,0.035431641,0.060528783,0.07255496,0.468307214,0.228323397,0.322514353,1.452050767,0.940311049,0.941674452,0.03404444,0.76662832,0.772513249,0.136539024,302.6923824,298.1729624,51.28076993,184.407963,185.3804356,25.69364503,235.316282,220.7474688,167.8582423,184.755068,102.8609684,673.036318,60.68524142,9.534180394,2.61708643,9.411494294,2.435790099,1.155449966,2.635540857,-0.434541223,1.174048623,-0.17878365,-0.314291219,0.42105024,-0.318391621,-0.13792598,0.223324474,-0.110454539,-0.027990866,0.143407464,-0.002521121,-0.042124546,0.088500256,-0.03861518,-0.02855504,0.063470393,-0.016405846
fly,fly_08,3,2890,2919,0.037304176,0.057402551,0.084889919,0.082551152,0.129776447,0.139381516,0.132050324,0.110809446,0.064917753,0.102643378,0.058273337,0.436599035,0.212327599,0.468694238,0.931522087,0.923289072,0.911118386,0.032512602,0.662697287,0.637230323,0.157752602,333.4830031,328.3201937,61.02005936,152.3973618,149.0493157,33.15661715,234.2101567,217.9540604,280.8326361,290.329392,127.6831163,659.839527,46.58866963,12.58382514,3.258636078,13.87904702,1.809849143,1.956392129,2.433500544,-2.044727092,1.886536056,-2.170078075,-0.05133041,0.57560217,-0.015187847,-0.36046006,0.403572759,-0.377591321,-0.043917758,0.23119275,-0.049399689,-0.103886443,0.168147573,-0.071577816,-0.03724133,0.115975937,-0.03569251
fly,fly_08,3,2905,2934,0.041853603,0.063999097,0.091246852,0.085226327,0.129036489,0.134399992,0.125575834,0.105707326,0.062810583,0.102146269,0.057997628,0.43990966,0.214262816,0.45423764,0.968457085,0.919469524,0.9088933,0.031554847,0.62142572,0.574734664,0.165214344,335.5585852,327.1379555,59.10377765,141.9903413,132.0447933,29.06856806,225.503139,201.2092025,306.3628758,290.329392,105.5093051,541.068412,50.98759981,14.05663915,2.231387666,14.74629333,1.968624045,2.275418203,2.457021649,-2.574038793,1.599756938,-3.162140073,0.195168468,0.620974396,0.313560691,-0.452225595,0.406264419,-0.48960905,-0.043749013,0.26038162,-0.060160567,-0.102151229,0.194161684,-0.091169666,-0.049493174,0.135365695,-0.050170372
fly,fly_08,3,3045,3074,0.089204402,0.108383631,0.126689785,0.101999558,0.135324788,0.123241917,0.102143251,0.077148272,0.041939234,0.06112322,0.032801942,0.487256048,0.237324347,0.315155918,1.546079321,0.900472782,0.894871119,0.045254103,0.557816604,0.526480698,0.214314645,279.4195861,271.404044,65.09578096,143.4095567,133.6490186,34.89708755,222.9316421,213.0888759,201.4052239,197.951858,118.9799483,699.429899,53.48699202,13.80523267,4.832141739,15.46559225,3.778323692,2.362641258,3.971635767,-1.721951224,1.674754528,-1.574412629,-0.044769619,0.700322868,-0.074336077,-0.116481152,0.459127062,-0.047622965,-0.089153552,0.294159614,-0.059535342,-0.043412958,0.189105488,-0.030292068,-0.021019625,0.130323584,-0.006493382
fly,fly_08,3,3055,3084,0.109933849,0.126477497,0.138988995,0.10560989,0.131795355,0.111848182,0.086987912,0.062883443,0.033838619,0.052630772,0.039005484,0.488242423,0.237405246,0.275346231,1.773194502,0.905441828,0.905470839,0.047003431,0.586635809,0.594350851,0.217171641,273.5502393,267.4818265,57.61420285,149.1169896,148.688519,34.82817393,225.4482942,212.2666792,188.3317678,197.951858,105.3570016,699.429899,56.78618968,14.07232887,4.383521326,15.15641317,3.855437993,2.208502987,3.64792285,-1.38738095,1.301544167,-1.538402314,-0.204714637,0.70441394,-0.270986633,0.004349807,0.418464677,0.01665937,-0.106295015,0.255515626,-0.070821147,-0.05585301,0.138612187,-0.043696612,0.00403741,0.106379126,0.011794808
fly,fly_08,3,3070,3099,0.090434599,0.117853813,0.144440536,0.117803203,0.152891486,0.129690875,0.094962592,0.060563958,0.027919656,0.036012494,0.027426788,0.5448261,0.27069469,0.246885488,2.206796783,0.909821997,0.912119115,0.04909973,0.60764585,0.659171878,0.228594655,275.003184,271.7694684,52.07029472,153.5942134,153.2961632,36.87920085,246.29999,216.3057504,188.8251058,197.951858,94.23145054,673.036318,52.58721087,13.84242434,5.591095932,14.41966429,3.88021351,2.164004193,3.349582272,-1.240453016,1.26948038,-1.184058335,-0.337494877,0.560612651,-0.323079019,0.037271207,0.304069889,0.005309285,-0.107957961,0.235445629,-0.064727851,-0.048050495,0.142346205,-0.048899286,-0.004592082,0.10808288,0.00459119
fly,fly_08,3,3570,3599,0.086609763,0.108596915,0.127850468,0.101502188,0.130676029,0.113783294,0.090318389,0.066881651,0.037281724,0.064675993,0.071823586,0.473811978,0.232178217,0.330981344,1.431536812,0.938087365,0.938557417,0.031229938,0.74309345,0.75009969,0.133575678,309.3648918,306.6334683,47.69802184,171.0217055,170.0757502,24.34011974,225.5537525,209.4020052,224.3454392,237.54223,95.69113355,488.28125,56.28631117,8.794363016,2.476848964,9.394807547,2.48462658,1.338241814,2.548111528,-1.017898753,1.058453332,-1.044881086,-0.296755202,0.56078016,-0.343913028,-0.06947806,0.287649326,-0.043741443,-0.068223618,0.199518737,-0.05601881,-0.035585139,0.104577981,-0.033184479,-0.040093363,0.066732871,-0.037831236
fly,fly_08,4,55,84,0.071319275,0.092945506,0.114530022,0.095432721,0.130525956,0.123503348,0.107451445,0.086347514,0.050090664,0.080407089,0.047446461,0.463992047,0.225958677,0.371743172,1.248152168,0.909907623,0.910307086,0.040214319,0.604055393,0.615665342,0.186774767,284.9363537,275.738835,57.70134545,149.8142921,150.5307005,28.62582042,219.6268278,197.6049432,224.4687737,211.148649,96.22455769,488.28125,51.38750256,11.99913755,3.958572682,12.08471365,3.42355585,1.98363413,3.37610155,-1.535891448,1.54061886,-1.299043981,-0.187219404,0.704350945,-0.223875816,-0.188062841,0.453662,-0.109629208,-0.005623695,0.231996353,0.022315015,-0.09036456,0.161439297,-0.067802224,-0.013380798,0.102839176,-0.002538053
fly,fly_08,4,65,94,0.072428036,0.092656266,0.114055022,0.09609751,0.133618534,0.128227739,0.111194851,0.086693363,0.047855319,0.070867307,0.046306053,0.471998805,0.229716045,0.362916893,1.30056995,0.917235692,0.916770375,0.033323669,0.648008452,0.658204441,0.147890769,296.7529163,288.7476305,55.20131878,153.8847055,152.1124614,24.84135028,217.8233177,197.4268272,234.582202,211.148649,98.41489225,435.494088,44.98905871,10.61093289,3.147645056,10.27317445,2.884894489,1.653805404,3.157915293,-1.519227311,1.472697243,-1.100292566,-0.245328308,0.607640527,-0.208188671,-0.176780034,0.375808319,-0.095248627,-0.029870231,0.196491267,-0.006874621,-0.08518434,0.127883486,-0.069958917,-0.029024581,0.088422693,-0.012394269
fly,fly_08,4,80,109,0.106464965,0.129317466,0.146428744,0.111890376,0.138248723,0.114580167,0.086233865,0.059884142,0.030883904,0.044776116,0.031291531,0.51114801,0.250139099,0.253069559,2.019792552,0.904823012,0.904646051,0.041800011,0.58559061,0.615302826,0.191414013,282.1586413,279.3841662,59.522154,146.3953504,143.253394,30.03422288,214.1090922,203.1500145,209.7919693,197.951858,106.427338,422.297297,43.68937483,12.6107222,3.544354569,13.44252669,3.551693073,2.186869673,3.436632307,-1.593431648,1.461248507,-1.307224644,-0.171800166,0.738448725,-0.24719336,-0.097169073,0.42455159,-0.041021864,-0.068962042,0.217739543,-0.053534218,-0.076038719,0.153171255,-0.053882486,-0.016492801,0.104070764,-0.00451594
fly,fly_08,4,95,124,0.123118593,0.146100665,0.160012094,0.117467109,0.137516093,0.105265116,0.072170966,0.04597409,0.022742937,0.035205093,0.034427243,0.520260412,0.254983203,0.21052033,2.471307229,0.917394451,0.921774746,0.052375455,0.642900865,0.660547565,0.234965451,285.2660317,286.9624328,62.54676297,160.1238741,159.0670585,36.79182013,224.2237022,214.7942046,186.851754,197.951858,93.13459826,527.871622,58.48577633,11.94914239,3.608363317,12.1889775,3.515148723,2.252063492,3.299388844,-1.062571432,1.114129938,-0.858658838,-0.308956068,0.678338804,-0.360967252,0.04230923,0.320213412,0.049934768,-0.095129468,0.190411175,-0.064988023,-0.048815203,0.122668718,-0.03731567,0.001483352,0.090544055,0.00488709
fly,fly_08,4,110,139,0.072530125,0.093767809,0.114737799,0.095148398,0.129567312,0.121730526,0.104567083,0.082416187,0.046961911,0.076148436,0.062424414,0.461184034,0.224715709,0.372518032,1.238018014,0.939614648,0.946191637,0.035238997,0.729332494,0.75737457,0.168764639,323.6779783,325.6008501,51.64080311,165.2318361,163.0231171,29.3564637,224.2461418,214.6917759,260.975783,263.935811,100.7385934,541.068412,64.58429313,11.04120307,3.003422415,11.17337217,2.350473528,1.660308001,2.058352744,-1.448876725,1.202792017,-1.456055884,-0.068382718,0.71268941,-0.131303841,-0.097674114,0.301767743,-0.10829325,-0.110521541,0.175696314,-0.0851962,-0.037585293,0.138068085,-0.039516643,-0.04376554,0.086803929,-0.025168842
fly,fly_08,4,125,154,0.0874297,0.110153006,0.130271179,0.10391055,0.134635087,0.118308927,0.094710764,0.070171297,0.038500476,0.061656159,0.050252855,0.487125742,0.238545637,0.315291552,1.545000936,0.92034906,0.923044706,0.039172264,0.6551018,0.664432154,0.172564817,294.587173,293.1640081,51.67605358,156.0444096,155.8490933,26.39787679,212.0620656,200.3269115,231.1288362,250.73902,103.767516,435.494088,52.98711354,11.44450037,3.31662557,11.69573171,3.122596181,1.725688513,3.092319403,-1.425105911,1.204250637,-1.542427546,-0.136606661,0.678724315,-0.148108502,-0.117016652,0.305241722,-0.13991948,-0.08634307,0.19972656,-0.071528765,-0.054849599,0.141868283,-0.063976494,-0.030592948,0.101381932,-0.018655689
fly,fly_08,4,140,169,0.109012195,0.132124102,0.148370371,0.111531612,0.133808397,0.10551428,0.074995827,0.050491952,0.027047564,0.049409627,0.057694072,0.49922466,0.245340009,0.259639043,1.92276421,0.922843266,0.929429667,0.045018689,0.691657009,0.705399432,0.180859102,281.994866,276.8785295,51.44039549,168.6254611,170.1591845,27.57346267,223.72737,211.6446408,181.9183743,184.755068,71.09244756,303.526183,53.38701633,9.306376057,3.667846999,8.709603246,3.176854721,1.592123215,3.08877446,-0.607174182,0.838404748,-0.520228015,-0.485988549,0.490971016,-0.411467287,-0.104474353,0.257039414,-0.095821627,0.012347242,0.181504766,0.016750493,-0.095756885,0.113474645,-0.090053155,-0.011166271,0.07893181,-0.003999616
fly,fly_08,4,155,184,0.114295728,0.132179864,0.144099727,0.107534975,0.130673188,0.106973979,0.080327285,0.056708636,0.030472916,0.050107242,0.046626461,0.489281869,0.238208162,0.26424254,1.851639291,0.918875332,0.919937846,0.046468928,0.658928793,0.659595012,0.197749818,284.7008783,274.9921582,55.74734157,161.5449124,161.9990544,30.15640875,226.1821898,210.1525995,192.0318026,184.755068,82.07233549,409.100507,58.88567908,10.03475745,3.447848415,9.82683581,3.305708002,1.772298253,3.170910996,-0.983335551,1.21663151,-0.73384546,-0.262707993,0.638050449,-0.263391769,-0.139445411,0.311604418,-0.155987068,-0.018958602,0.224533217,-0.00229828,-0.056009915,0.126501289,-0.06117527,-0.034277183,0.079621253,-0.018494827
fly,fly_08,4,200,229,0.143435049,0.157376053,0.160865116,0.112341108,0.126362476,0.09353819,0.063320733,0.041203152,0.021534565,0.037636842,0.042386717,0.49310689,0.238703584,0.206082009,2.392770202,0.912253106,0.923901869,0.047508149,0.642206274,0.697991526,0.203069779,266.9629814,267.8930407,46.90913154,163.9643465,170.9134393,33.44431074,222.973107,210.8358308,155.1547897,171.558277,71.81664812,290.329392,57.08611678,9.563749336,3.912680885,9.648928123,3.708287892,1.760257605,3.211434445,-0.611787952,0.852202042,-0.529211842,-0.379867323,0.523349385,-0.322761143,-0.039452346,0.289847869,-0.056320606,-0.026534478,0.175017744,-0.009817877,-0.053110916,0.12476827,-0.034371205,-0.006540335,0.077754022,0.005486587
fly,fly_08,4,230,259,0.13746542,0.147512304,0.148521275,0.103407674,0.117627213,0.090284911,0.065551325,0.047277455,0.027322147,0.052943232,0.062087044,0.459841073,0.221034887,0.255181203,1.802017811,0.937084871,0.958586417,0.048829422,0.748601939,0.825888832,0.19604745,301.7785017,307.8573433,55.68804139,180.0688387,185.4545407,31.2052256,233.0972056,217.7956732,176.7383257,184.755068,72.98381381,316.722973,55.68645712,8.30354989,4.24527083,7.273628365,2.760744474,1.759473846,2.229304504,-0.478282009,0.672790771,-0.504728376,-0.363382614,0.481736018,-0.366690059,-0.144079986,0.264652175,-0.142272089,0.00702476,0.131641436,0.017925518,-0.071875176,0.083776952,-0.065135634,-0.020279243,0.079821867,-0.008233577
fly,fly_08,4,245,274,0.12557935,0.140883063,0.146915428,0.104285035,0.119590382,0.091707941,0.066226264,0.047907582,0.028181825,0.05712191,0.071601223,0.462498785,0.223875416,0.271038803,1.706393257,0.937431744,0.946323954,0.043324864,0.754728972,0.79556247,0.1667686,298.1153275,294.7875409,50.72992793,180.8867119,181.3674393,26.40078075,228.6941437,215.9825977,176.1216532,184.755068,66.87093254,263.935811,49.78789165,7.986037152,3.754812325,7.083967885,2.722541476,1.487534241,2.484342419,-0.395964855,0.627504549,-0.390362654,-0.449486648,0.411834144,-0.402439917,-0.187328582,0.246701377,-0.186149238,0.03468407,0.146322413,0.01752553,-0.079007868,0.083649155,-0.075599337,-0.034395204,0.075323316,-0.01980665
fly,fly_08,4,260,289,0.131404437,0.14486319,0.150538476,0.107736636,0.125224454,0.096944216,0.068860679,0.046880605,0.025363905,0.046409316,0.055774087,0.480443781,0.23296109,0.243288592,1.974789604,0.918424116,0.925130624,0.045617461,0.671798457,0.697097614,0.180852637,276.9600637,271.5785118,49.83076456,164.6103072,166.7622375,27.06836091,217.6514345,203.9341523,186.4817505,184.755068,78.58752913,593.855574,48.88811042,9.910497549,3.533169871,9.901607786,3.367480245,1.584566112,3.267513766,-0.677927796,0.729869693,-0.622958919,-0.526079646,0.532203814,-0.45483599,-0.052722623,0.273399904,-0.056238899,-0.008642272,0.167838996,-0.020986825,-0.094962764,0.104614084,-0.080271657,-0.008705566,0.07691753,-0.002203632
fly,fly_08,4,275,304,0.134819549,0.154228068,0.163354876,0.116655205,0.132711306,0.097983075,0.064801311,0.040470492,0.020385782,0.035046811,0.039543525,0.510704462,0.249366511,0.200247921,2.550360871,0.895447763,0.896663067,0.046971526,0.571510182,0.588846619,0.190250156,254.3301558,245.5318373,46.19684547,147.1223766,151.0815809,27.51241357,214.4561241,194.165944,180.4383604,184.755068,64.94541709,263.935811,41.28995826,12.33909228,3.241554504,12.29151641,4.230838869,1.743599619,3.99808918,-0.890646292,0.724399103,-1.050430299,-0.602035379,0.623497556,-0.550832114,0.056520188,0.266957383,0.039924122,-0.022479984,0.163236926,-0.027384307,-0.125599377,0.122610654,-0.105381549,0.016123599,0.077751525,0.014722968
fly,fly_08,4,290,319,0.129212651,0.153429255,0.166586338,0.120251657,0.136992697,0.100311901,0.065066332,0.039444284,0.019286731,0.032290329,0.037127825,0.524142593,0.257244354,0.1932155,2.712735738,0.902738775,0.906242026,0.043276097,0.599007288,0.616075874,0.180255855,261.4366809,257.478457,44.37846966,152.0652581,155.5379205,27.15002993,217.3699708,194.1067401,179.32835,184.755068,69.69226285,290.329392,46.6886454,11.09079325,3.083409993,10.83701733,3.978894922,1.657659246,3.81359293,-0.916795374,0.855233551,-0.989704143,-0.534265188,0.556905854,-0.524949716,0.002954136,0.278254587,-0.003798461,-0.041446691,0.172013538,-0.024721448,-0.091913956,0.123217985,-0.064110069,-0.007498752,0.078717611,0.001041355
fly,fly_08,4,305,334,0.139373866,0.15365508,0.157991636,0.111002212,0.125718022,0.093889053,0.0641683,0.042188461,0.022307218,0.04018165,0.049524502,0.488600924,0.236720235,0.21837013,2.237489738,0.915541279,0.918192957,0.044405214,0.659695759,0.657552681,0.176558953,273.0987216,275.8722626,47.83723082,163.6847035,164.4097488,28.12747056,219.2079313,206.0687369,166.0082249,171.558277,73.53508513,356.313345,56.58623836,9.10998931,2.730941928,9.210526513,3.460353607,1.504791769,3.429368429,-0.651746825,0.920211927,-0.585883054,-0.419317597,0.511575787,-0.34249311,-0.071973849,0.262807354,-0.052271172,-0.024982744,0.197097892,-0.001610454,-0.058745955,0.122366758,-0.051419693,-0.021215699,0.071502174,-0.014613236
fly,fly_08,4,506,535,0.103450915,0.136054952,0.161261239,0.124330884,0.149882768,0.115678967,0.077348375,0.046517056,0.021669325,0.032617871,0.031187648,0.551153857,0.274213652,0.209340276,2.632813276,0.893676991,0.896706618,0.046108822,0.544642827,0.557113591,0.209611177,257.2827355,251.6907919,46.28995188,142.4776803,144.9356716,29.19121364,208.5701337,192.3868928,198.1985271,197.951858,68.08631271,277.132602,42.68961791,13.66415941,5.071972958,13.83343274,4.476172567,2.188005192,4.218824478,-1.355346094,0.910923467,-1.606927654,-0.519140987,0.612671358,-0.479987273,0.071674257,0.361512551,0.01993144,-0.097692603,0.221320185,-0.069632807,-0.118606998,0.15665374,-0.096662755,0.026534261,0.123385936,0.004924405
fly,fly_08,4,560,589,0.12527972,0.143828017,0.154345783,0.112552672,0.132093883,0.102270333,0.071497576,0.046868892,0.024071544,0.040670055,0.046521525,0.501262671,0.244646555,0.229629592,2.182918437,0.91115798,0.906635152,0.042351409,0.626548276,0.618507976,0.184503503,268.121115,260.797771,45.41647684,155.1699959,156.3076735,27.63527911,207.1010535,198.3687903,188.3317679,197.951858,73.22031225,303.526183,47.78837792,9.787448945,2.51883085,10.31149508,3.736754611,1.633190064,3.652694573,-1.023449098,0.795722178,-1.098575172,-0.379269795,0.537721067,-0.34084162,0.04338844,0.283639912,0.045106206,-0.095825622,0.174520935,-0.077754434,-0.051504658,0.102356256,-0.04101664,0.00144639,0.06452823,0.000781936
fly,fly_08,4,925,954,0.062183747,0.080877262,0.101415172,0.086881527,0.123055479,0.121393903,0.109958505,0.092067131,0.055802345,0.098484793,0.067880136,0.432746081,0.209937006,0.42419291,1.0201634,0.910391833,0.904623238,0.0327709,0.606142358,0.581191631,0.148602377,306.7692116,290.3544975,77.56872225,145.4436727,140.7523929,24.11305265,227.1321152,186.9710798,268.1291835,237.54223,131.8366854,620.249156,45.48893712,12.91369807,2.908541353,12.61329338,2.570232301,2.528780591,3.178698978,-1.808901203,1.491628845,-1.567467557,-0.048864697,0.847342758,-0.208440647,-0.171828914,0.436441507,-0.134262598,0.040917513,0.285371971,0.014831765,-0.100551194,0.177538142,-0.108056588,0.002447565,0.131670163,-0.000478051
fly,fly_08,4,945,974,0.100481082,0.124501962,0.143939131,0.111659249,0.139052534,0.114903634,0.085133728,0.058101774,0.030046123,0.047502376,0.044678407,0.509554548,0.250711783,0.265462408,1.919497949,0.91965509,0.921851567,0.039032646,0.660824573,0.689257721,0.172839049,283.9859463,281.7280545,49.71150238,159.9777887,164.004036,27.47682937,227.5850877,202.8299059,207.0786105,197.951858,79.72892953,422.297297,45.88883988,11.77273798,3.706334693,11.59873125,3.264194088,1.674610554,3.130421768,-1.068104292,1.10160435,-0.883350645,-0.407967533,0.619628372,-0.409727378,-0.046248893,0.310802496,-0.04068866,-0.030965317,0.201180526,-0.011209764,-0.076604833,0.136784469,-0.0805283,-0.019637787,0.079763213,-0.003791535
fly,fly_08,4,960,989,0.114270408,0.134811308,0.149188904,0.111798144,0.134537899,0.10661751,0.075617181,0.049867509,0.025736057,0.044555717,0.052999362,0.502142457,0.246336043,0.248775827,2.018453577,0.928238625,0.93826441,0.042201461,0.705922157,0.754500349,0.180578082,288.0038667,288.1205152,45.65598547,171.1424646,176.5753949,28.64722399,224.4466452,210.4151889,186.9750884,184.755068,68.64708258,343.116554,50.78764848,12.04786805,3.495379843,11.94196381,3.101438486,1.579623005,2.798081446,-0.703421892,0.859650045,-0.62111685,-0.475537623,0.532079018,-0.433964596,-0.040319313,0.253808562,-0.073493155,-0.028481477,0.180886059,-0.010815705,-0.08272483,0.104461436,-0.078008968,-0.008204392,0.065218544,-0.001371304
fly,fly_08,4,975,1004,0.136227241,0.149811981,0.154647008,0.109711436,0.126185909,0.09637941,0.067386075,0.044937257,0.023740802,0.041885974,0.049086908,0.486923764,0.235897345,0.227037015,2.144688889,0.910732155,0.903638597,0.045106028,0.639175143,0.641773671,0.189621228,266.6226789,259.4882673,47.05206005,161.9167429,162.4548852,31.00363477,218.0663387,209.6958279,161.9381867,171.558277,73.38766149,303.526183,52.98711359,12.7268433,3.339790696,13.09935373,3.652922866,1.670735282,3.463126474,-0.633108332,0.829785831,-0.658811501,-0.449783392,0.627454537,-0.466683833,0.022512205,0.282892908,0.014650963,-0.048238373,0.155300994,-0.043061475,-0.08127476,0.105304655,-0.060529367,0.011216469,0.073969517,0.015768623
fly,fly_08,4,990,1019,0.140046394,0.152948181,0.156545373,0.110164901,0.125730631,0.09534004,0.066391386,0.044208837,0.023283741,0.040318254,0.045022262,0.487780945,0.235895532,0.219224479,2.225029553,0.912735665,0.914991726,0.049654391,0.643273974,0.65058882,0.207569615,272.1600701,261.8854293,57.55205057,162.2931537,158.8052473,34.83192857,236.0879742,218.4851191,163.0481971,184.755068,104.244517,686.233108,65.18414731,12.14863322,4.052033376,12.52911232,3.569325633,1.909930045,3.512516363,-0.674247016,0.922677687,-0.741120315,-0.400239358,0.655077134,-0.422666003,0.017102649,0.310312435,0.056777951,-0.057340957,0.159322975,-0.053568899,-0.077745166,0.111504873,-0.064906711,0.014584747,0.075147062,0.010316806
fly,fly_08,4,1005,1034,0.087408722,0.107508538,0.12628927,0.101592612,0.134187961,0.121138071,0.099061873,0.073576907,0.039554846,0.05983881,0.049842389,0.483207914,0.235780572,0.321874826,1.501229282,0.939024027,0.945279482,0.04602436,0.734244708,0.792613624,0.203818096,326.6807156,327.8513079,60.68861744,171.1749718,182.3132486,35.9675534,231.845222,218.3087671,235.8155469,250.73902,123.4643103,739.02027,68.18341785,10.71778107,4.409164388,12.17202697,2.347825301,1.809007934,2.125159596,-1.227567375,1.410518177,-0.875030102,-0.178684749,0.591315737,-0.232304998,-0.156152651,0.360110388,-0.118786569,-0.092894907,0.161836068,-0.076179729,-0.041468086,0.107732942,-0.041394868,-0.038132744,0.07923659,-0.023818602
fly,fly_08,4,1220,1249,0.061546752,0.07884733,0.098102986,0.084276787,0.120846179,0.1215389,0.111652373,0.093100807,0.055052298,0.092257565,0.082778023,0.424764852,0.205122966,0.434841066,0.976827822,0.944508896,0.944603987,0.028061632,0.764203658,0.772239861,0.121103805,340.1289859,344.7182213,47.77843762,165.4275253,160.6836219,26.51125465,228.4036809,219.5766106,278.1192773,277.132601,93.77785137,409.100507,48.18828062,8.462569481,1.778893084,8.878313521,1.729122443,1.384831774,1.711800051,-1.539417134,1.243440504,-1.586448808,-0.110620353,0.552329834,-0.193991927,-0.130354115,0.281470053,-0.129442919,-0.070067497,0.160709816,-0.071936025,-0.037591659,0.091124905,-0.030905351,-0.038808558,0.059579517,-0.031556422
fly,fly_08,4,1235,1264,0.089495076,0.103713293,0.115294411,0.088993782,0.113781699,0.100624703,0.083236912,0.066004192,0.040048165,0.081781424,0.117026342,0.418694596,0.202775482,0.388097035,1.078839976,0.962303189,0.963637795,0.022521317,0.849736839,0.859833926,0.092183653,336.6971614,335.0525126,42.97042298,192.9858731,194.7220896,22.28983079,240.821322,224.5429558,210.5319762,197.951858,115.4347343,712.626689,71.38263976,7.046804517,2.617177142,7.616319511,1.685611622,0.990223725,1.754842463,-0.523103128,0.923562799,-0.339365712,-0.313371893,0.452708513,-0.388565398,-0.110025342,0.228525528,-0.105512512,-0.032783648,0.136244304,-0.020072498,-0.045577719,0.071731902,-0.040070854,-0.024795776,0.045735853,-0.018966529
fly,fly_08,4,1250,1279,0.115238848,0.1229745,0.12482614,0.088822673,0.104869648,0.085568757,0.067336385,0.053557309,0.034172832,0.078335933,0.124296974,0.404087218,0.193692321,0.357699434,1.129683695,0.961930388,0.966430886,0.024226165,0.854788622,0.870746824,0.088116057,326.0945003,324.6721562,43.13294257,197.7330884,196.8434551,14.9828352,234.4101536,220.5238662,166.6248974,184.755068,102.7377085,633.445946,65.38409864,7.814082629,2.767434958,8.232222127,1.870187274,0.903378369,1.883993983,-0.16565138,0.572220316,-0.140598839,-0.338790044,0.430220966,-0.365806902,-0.128531034,0.194948167,-0.11804792,0.001080569,0.101650802,0.00936126,-0.05760376,0.061291637,-0.059738448,-0.017854103,0.046608952,-0.008269276
fly,fly_08,4,1265,1294,0.085103286,0.097798653,0.108708228,0.084863164,0.111365709,0.103213621,0.090453224,0.075367408,0.046506876,0.08973479,0.106885042,0.408150721,0.196228872,0.40894734,0.998052025,0.957660107,0.962930752,0.02664977,0.832107395,0.853587955,0.107104891,330.9227013,328.2061429,42.08831562,191.124276,190.675496,23.68197182,232.7556401,219.6132754,187.8384299,197.951858,99.87839624,461.887669,57.28606806,9.104895682,2.09938983,8.967851768,1.775973315,1.017593917,1.874093159,-0.595165543,1.076042493,-0.33687905,-0.258771902,0.48034184,-0.276081038,-0.133004244,0.22681757,-0.104669036,-0.029163406,0.142792409,-0.019174332,-0.054508996,0.076400699,-0.05292764,-0.021515357,0.060104622,-0.016421122
fly,fly_08,4,1475,1504,0.051431825,0.065113424,0.080442058,0.069584923,0.10283976,0.11062171,0.112434251,0.106216171,0.070605641,0.134536536,0.0961737,0.363488451,0.172424683,0.519966299,0.699061559,0.92584413,0.920746505,0.031024309,0.671553974,0.648814537,0.14257445,374.4632436,384.3400231,80.60382319,144.5269036,137.8340092,25.59499084,218.8092164,207.9101005,356.930017,369.510135,132.2650935,620.249156,45.48893705,11.12987417,1.448322837,11.18335998,0.809260421,2.642082643,0.529648239,-2.243015922,1.338520761,-2.480063966,0.197682699,0.615771201,0.301699351,-0.348382536,0.378179624,-0.413785829,-0.011949103,0.255172497,0.013933448,-0.09130785,0.140099527,-0.100123087,-0.009093696,0.098936347,0.013324454
fly,fly_08,4,1535,1564,0.025431715,0.036893021,0.053054693,0.052676112,0.089334903,0.110506187,0.125721927,0.128984762,0.089966817,0.174853794,0.112576068,0.305571896,0.142011015,0.632103368,0.483420769,0.940151728,0.938877508,0.02873589,0.738527877,0.737515884,0.131267969,399.751903,397.6416439,69.2331896,155.6163633,151.9198571,25.93478159,213.5893566,201.9525982,381.1035773,382.706926,122.2094789,527.871622,49.68791588,10.09090246,3.093403132,11.25816389,0.02227004,2.071749297,0.13529303,-1.980066308,1.415218722,-1.854092671,0.300083896,0.62479702,0.409998687,-0.398023536,0.3329404,-0.433147145,0.027919762,0.164444777,0.022680532,-0.129479432,0.10334975,-0.133665099,0.009011306,0.087664179,0.005527712
fly,fly_08,4,1550,1579,0.057929841,0.074015861,0.091267669,0.077705954,0.111158797,0.113498085,0.108752052,0.097189689,0.0620132,0.114188547,0.092280306,0.393630505,0.188864751,0.474423794,0.829702283,0.947475434,0.948556253,0.029629536,0.780022106,0.801639891,0.130144443,330.6648021,327.0044849,56.25035978,176.2721528,178.8620005,25.29189764,217.3569992,208.6829808,234.7055365,211.148649,121.4950645,514.674831,54.08684609,8.164342755,2.869177072,7.646604673,1.785008562,1.533876406,1.986092987,-1.094499642,1.210433513,-0.75560422,-0.155517885,0.60459803,-0.24493424,-0.161213351,0.331090683,-0.093537779,-0.032831939,0.137849553,-0.029726621,-0.069634711,0.090429766,-0.061483793,-0.019566443,0.061829244,-0.011585837
fly,fly_08,4,1700,1729,0.038084587,0.052426133,0.069644788,0.06329668,0.096947005,0.107154582,0.11107171,0.107069419,0.072811833,0.146238712,0.135254551,0.337043054,0.160243684,0.572446226,0.588776795,0.963710269,0.968366582,0.02294013,0.846745484,0.868213761,0.100079656,394.6827781,396.4630211,44.86001028,175.0532752,176.8209005,23.76530982,226.6441515,214.065699,361.0000553,369.510135,120.0100919,739.02027,62.58477943,8.098571788,1.914085551,8.158325769,0.286313621,1.144102224,-0.027232022,-1.489453357,1.165866,-1.394816884,0.067305568,0.484468383,0.114231645,-0.306652108,0.297255193,-0.303917371,-0.040199061,0.12136308,-0.051970851,-0.079168349,0.083982559,-0.084096695,-0.019053602,0.057641021,-0.026332682
fly,fly_08,4,1745,1774,0.075302074,0.092098402,0.109445789,0.089884709,0.121999623,0.114458971,0.098883002,0.08017838,0.048457069,0.09113844,0.078153541,0.435789092,0.211884332,0.396810432,1.098229926,0.919809202,0.918607752,0.039785752,0.652084249,0.637941051,0.17462387,321.2319004,318.8363923,85.80822086,151.4548358,148.1537155,28.15977934,226.1776674,205.6920947,260.1124416,250.73902,140.4475521,567.461993,59.88543593,11.57106472,3.752193266,12.03949853,2.10401829,2.739903529,2.296529612,-1.616699624,1.377002949,-1.527619874,-0.023024359,0.666056612,0.004167611,-0.156611535,0.398508847,-0.103444546,-0.033283467,0.263462033,-0.001893377,-0.063681331,0.154562015,-0.062620632,0.001755414,0.101885746,0.004496489
fly,fly_08,4,1760,1789,0.077075397,0.094228133,0.114229282,0.096442816,0.134486827,0.128210202,0.109006908,0.082812066,0.044963925,0.068015995,0.050528449,0.473369127,0.230929643,0.355327343,1.332205745,0.933546416,0.930973792,0.03748977,0.71392978,0.713008296,0.176588413,312.7824031,307.7930269,57.26254767,168.2944968,168.68319,34.12728879,226.5809437,218.355624,206.0919345,211.148649,118.9407191,567.461993,55.98638418,10.33739561,3.626623835,10.34225069,2.389474495,1.821156084,2.393621251,-1.242725778,1.487696203,-0.760064932,-0.11525394,0.475001289,-0.169938032,-0.125352939,0.33122261,-0.072921847,-0.057374909,0.218733816,-0.023492202,-0.02786711,0.122103058,-0.028340433,-0.018967273,0.080192324,-0.012150636
fly,fly_08,4,1775,1804,0.05909167,0.074821617,0.093356449,0.08112897,0.118288223,0.121635298,0.114646813,0.098489621,0.059900687,0.102514127,0.076126525,0.41440894,0.199417192,0.451677773,0.917488007,0.941340308,0.941996265,0.031906081,0.752879558,0.758220427,0.141199201,335.2160125,328.301294,61.10749021,169.977023,171.8896408,29.08273005,226.2282187,213.8398599,240.378923,224.345439,128.2912076,567.461993,59.18560611,10.47672827,3.260685213,10.48811878,1.672161425,1.70531188,1.889581904,-1.334691147,1.467131192,-0.802270981,-0.08490593,0.480161284,-0.081706506,-0.234395193,0.329511874,-0.183313672,-0.046943959,0.181163941,-0.038621947,-0.064312426,0.120502096,-0.051774306,-0.023224661,0.079164589,-0.018592332
fly,fly_08,4,2050,2079,0.104901282,0.119150533,0.131648982,0.101915312,0.130492731,0.113825503,0.08989255,0.064865072,0.034578231,0.05516635,0.053563454,0.477882529,0.232408043,0.298065656,1.603279411,0.922853886,0.916680677,0.039448763,0.673186379,0.669699353,0.173270683,290.8195553,286.7207849,52.22964984,160.8519492,160.443945,29.94436878,241.9800595,210.4185969,201.7752273,211.148649,101.8393957,461.887669,62.08490106,10.17689783,3.209231914,10.2137769,3.082325404,1.594219272,3.151373916,-1.144014555,1.241199119,-1.011269633,-0.227535581,0.56274674,-0.278786284,-0.050476071,0.282307223,-0.033586982,-0.08529555,0.214396516,-0.058987041,-0.031614369,0.113275687,-0.032852504,-0.026881289,0.086005879,-0.014699497
fly,fly_08,4,2065,2094,0.104633404,0.12320714,0.139589526,0.108919473,0.138468475,0.117782013,0.08911725,0.060681956,0.030491223,0.04529982,0.04180972,0.504759487,0.247387948,0.26739997,1.887657233,0.910933789,0.911535501,0.04153858,0.626604806,0.63701841,0.17867564,275.8040471,267.031317,50.27316943,154.4853497,153.6629888,30.71176173,238.1309598,215.4439034,183.6450571,197.951858,91.87669902,343.116554,51.88738105,11.93713873,3.442425643,12.07704318,3.532799846,1.63428882,3.498711206,-1.116009033,1.2318009,-1.016333261,-0.285595917,0.599614675,-0.279551784,0.003803758,0.278214755,-0.019037578,-0.07375466,0.206473672,-0.04566257,-0.048530094,0.112531811,-0.035254589,-0.009497843,0.078036972,0.008770542
fly,fly_08,4,2080,2109,0.122027897,0.139925479,0.152046641,0.113288992,0.136749723,0.109403262,0.078111361,0.050718127,0.024822734,0.03705043,0.035855353,0.511488619,0.250038715,0.226558006,2.257649721,0.903406927,0.899644328,0.042225234,0.596848178,0.607777513,0.184524842,262.5722176,254.8361455,48.87380826,152.0221331,150.814797,31.28146451,236.1378011,208.3494892,175.2583117,184.755068,81.98543841,343.116554,49.4879646,13.03228126,3.522135995,13.12370471,3.891611948,1.721310728,3.749868805,-0.96945013,1.168516865,-0.853460274,-0.362490504,0.608238091,-0.33884732,0.007896203,0.27971925,-0.043533207,-0.062790916,0.212869414,-0.040996635,-0.059917746,0.124829375,-0.053348431,0.000404942,0.08583134,-0.002839656
fly,fly_08,4,2095,2124,0.129217976,0.143363281,0.15076843,0.10966325,0.130258104,0.103635782,0.074929131,0.050241699,0.025623643,0.040463071,0.041835632,0.494325566,0.239921354,0.233093176,2.120720882,0.933408451,0.944355499,0.047446633,0.721080428,0.772566672,0.205906026,304.2276392,304.5662792,65.44097576,172.69823,178.9372148,33.84086025,239.3100992,221.1627262,202.8852378,197.951858,118.7188388,739.02027,64.38434176,10.13498932,4.950861994,10.54703757,2.753277275,1.995765298,2.384558687,-0.808327375,1.03038158,-0.680748968,-0.282803555,0.552713575,-0.323734184,-0.040179244,0.272203842,-0.055264824,-0.058955524,0.192490407,-0.046063338,-0.042248882,0.1022174,-0.040888035,-0.015380632,0.068817168,-0.013941264
fly,fly_08,4,2335,2364,0.079915968,0.100316666,0.117735058,0.093344775,0.121061714,0.108384208,0.091049913,0.073328955,0.044422958,0.083500209,0.086939576,0.440525755,0.214406489,0.379241611,1.161596569,0.949343431,0.959814269,0.035623355,0.790352385,0.84016919,0.145378522,337.184233,334.5322384,58.41451595,176.8937451,180.1428559,26.49493715,227.6980554,215.7628539,243.9556233,237.54223,102.3551118,488.28125,59.38555747,7.760903989,3.151274608,7.172744533,1.794188722,1.629123848,1.749799807,-0.991922435,1.061826479,-0.772886756,-0.24727498,0.593669523,-0.347593407,-0.162063944,0.287741181,-0.12848966,-0.046372179,0.161098983,-0.04994767,-0.066377849,0.088809761,-0.058052481,-0.033132036,0.064530308,-0.025779691
fly,fly_08,4,2350,2379,0.097951158,0.107677882,0.113637882,0.084615518,0.106292387,0.095027435,0.082525918,0.070431047,0.045427365,0.09445879,0.101954617,0.399573222,0.190907905,0.394797738,1.012096027,0.926541158,0.933233054,0.04640736,0.690854636,0.71804471,0.19944839,319.1815392,316.9538176,97.34861397,165.4139175,168.3922519,30.93313768,237.8903947,207.8178284,231.2521706,211.148649,169.2270878,739.02027,63.68451198,11.06693937,4.313254113,10.50491583,2.094683527,2.815285638,2.27298646,-0.93566108,1.269361146,-0.743606733,-0.123055496,0.705614971,-0.223102444,-0.127376158,0.366883814,-0.081050948,-0.013309042,0.208011406,-0.017363196,-0.077008132,0.134846086,-0.071834743,-0.002849786,0.094148137,-0.00304526
fly,fly_08,4,2360,2389,0.087115607,0.099738087,0.110286802,0.085663404,0.11196409,0.103683726,0.091454274,0.077384083,0.048648541,0.094972408,0.089088977,0.411598022,0.197627494,0.401548284,1.025027472,0.915941243,0.919751265,0.041381766,0.632652396,0.638434264,0.183708527,325.5312862,310.1261494,101.6445704,151.2490165,150.4359321,27.73894615,224.8595423,201.2210866,285.7660158,263.935811,173.0244466,725.82348,64.28436608,13.16561482,3.527539942,13.85178311,2.057179536,3.024440137,2.365181931,-1.49169855,1.550136108,-1.263064007,0.057380717,0.709643795,0.074448914,-0.270903027,0.419947184,-0.227554029,0.031859788,0.22114682,0.021496513,-0.100967636,0.160380111,-0.110275977,0.004799128,0.108308997,0.003808865
fly,fly_08,4,2485,2514,0.096489584,0.115079407,0.129768562,0.100084314,0.1264906,0.10949087,0.088127889,0.067371547,0.038814759,0.067820431,0.060462036,0.465834347,0.226574914,0.322596661,1.444014783,0.912596469,0.914148434,0.04205633,0.643246878,0.63507173,0.164686111,296.6628179,290.6411749,70.65970429,150.7608571,147.349608,25.3218345,213.9851389,204.8404588,229.4021533,224.345439,114.1620182,514.674831,46.28874258,10.08044115,1.945402549,10.13987335,2.807879736,2.145445541,3.029929729,-1.336458022,1.29355863,-1.04964393,-0.383311257,0.553947452,-0.377634686,-0.112474629,0.32859016,-0.073817914,-0.031236009,0.179255255,-0.026142308,-0.099355979,0.130250944,-0.090369431,-0.01374199,0.062004135,-0.008141192
fly,fly_08,4,2495,2524,0.145996829,0.161988559,0.166509031,0.116037123,0.129083186,0.093099856,0.060387003,0.037221951,0.018658765,0.032304552,0.038713144,0.504729197,0.245120309,0.187285416,2.694973306,0.889128691,0.881715689,0.044722793,0.556730464,0.515746508,0.174011603,246.3191509,239.9020803,47.19843824,145.6500806,142.7106314,25.56111717,217.7413719,196.6919095,163.0481972,184.755068,74.81896721,277.132602,45.0890344,10.63297042,2.658029936,10.23496629,4.300913083,1.616343039,4.553889437,-0.757208247,0.842349351,-0.824880153,-0.583356265,0.552182425,-0.53985172,0.037158963,0.252402515,0.045144062,-0.020759285,0.171391508,-0.021239237,-0.101894682,0.129345927,-0.077651849,0.000508281,0.06760705,0.002825568
fly,fly_08,4,2510,2539,0.107418925,0.126508928,0.141704483,0.108704113,0.135619879,0.113484058,0.085671939,0.059514087,0.031036504,0.048519824,0.041817259,0.499512534,0.244323992,0.266559614,1.873924288,0.8938054,0.889007269,0.046175,0.542214251,0.490066541,0.194241104,263.5089444,256.1749792,54.68158693,139.4592688,135.6930956,27.67980654,216.6867964,196.8193929,203.1319068,211.148649,93.64253123,435.494088,51.28752686,14.01671326,3.011574388,14.85751312,4.233344311,1.982368864,4.510372401,-1.452858088,1.187581641,-1.384651776,-0.278635899,0.762993937,-0.350142716,0.005094984,0.371394744,0.01974925,-0.069066749,0.226145374,-0.045133174,-0.081579207,0.167267208,-0.0663268,-0.002719355,0.098337629,-0.001814985
fly,fly_08,4,2525,2554,0.097403189,0.114983409,0.131112979,0.103485256,0.134270309,0.118470572,0.094505723,0.068754047,0.036665275,0.05617608,0.044173161,0.487339116,0.237755565,0.300274286,1.622979852,0.907683489,0.901645507,0.042372867,0.593692764,0.572100592,0.192155737,282.9152582,281.7332837,57.24787012,147.5185209,142.2639136,29.73368711,233.2383405,198.962918,218.9187216,224.345439,104.5792602,448.690879,55.68645708,14.14630793,3.365528287,14.86192194,3.564903779,2.014776934,3.701038158,-1.586865498,1.385621177,-1.491148316,-0.118023996,0.7599767,-0.137724865,-0.052018828,0.409421758,-0.029587718,-0.080109813,0.248665795,-0.065040443,-0.060274452,0.161486061,-0.049215854,-0.00580648,0.109127161,0.004914739
fly,fly_08,4,2540,2569,0.106879741,0.125229688,0.139572092,0.106751208,0.133157318,0.111918232,0.085383613,0.060276209,0.031968358,0.051226349,0.047637192,0.49139885,0.239908526,0.276491721,1.777264245,0.913816725,0.914579868,0.043060552,0.644256881,0.637668016,0.18045471,280.6030023,275.4741296,55.31396987,157.4704042,158.1331857,28.88806856,227.2291323,210.1103946,189.6884471,197.951858,97.905472,409.100507,54.18682183,12.41019932,3.675634291,12.28307069,3.324812258,1.759797598,3.305929624,-1.013822477,1.197241155,-0.95423499,-0.370176366,0.651185589,-0.324304289,-0.052993467,0.306721985,-0.051077928,-0.026030034,0.190381542,-0.025727213,-0.093892487,0.134564616,-0.083745247,-1.07E-05,0.080916178,0.004606859
fly,fly_08,4,2555,2584,0.116347076,0.136561155,0.150499593,0.112479016,0.135102803,0.10690423,0.075716255,0.049778855,0.025507821,0.043130054,0.047973143,0.504985642,0.247581819,0.242106127,2.085802813,0.917397498,0.923814757,0.047350488,0.65802858,0.697560181,0.20170724,279.8271617,269.8106959,54.30876432,160.5813969,161.7749234,31.0945128,221.4141937,207.3323819,189.9351162,197.951858,92.41275111,554.265203,57.38604375,13.05186796,3.672331946,13.72847067,3.410156054,1.860838727,3.249222886,-0.91394162,0.855418176,-1.0474623,-0.433727812,0.601308874,-0.430708247,0.02226371,0.283582709,0.001248848,-0.059829318,0.180190677,-0.042370616,-0.094391312,0.105799887,-0.080900623,0.012154152,0.078998022,0.00883353
fly,fly_08,4,2570,2599,0.123555118,0.141367565,0.151874904,0.111205482,0.131249797,0.102304926,0.072013562,0.04766488,0.024844881,0.043249561,0.050669325,0.496635109,0.242455279,0.238442208,2.0828322,0.922648501,0.926070562,0.043160103,0.686203816,0.715105441,0.185552714,278.1305322,272.3657595,49.75477738,170.024741,173.7094875,30.26331221,221.4395577,209.3805694,164.0348731,184.755068,84.8272841,435.494088,57.68597086,12.19205484,3.60136438,11.97573994,3.255572256,1.638250937,2.98459098,-0.640754393,0.843303554,-0.543917852,-0.362157363,0.567871911,-0.412361739,-0.016380035,0.270134259,-0.024493947,-0.046016044,0.162843082,-0.027871178,-0.067474459,0.094352529,-0.051024258,-0.002350971,0.071501048,-0.005814246
fly,fly_08,4,2585,2614,0.13178234,0.147857354,0.154986658,0.110769716,0.127539719,0.096917585,0.067176899,0.044588105,0.023691897,0.042767903,0.051921825,0.490213678,0.238309435,0.230146628,2.130005909,0.93621695,0.935986159,0.04596537,0.745133832,0.75716516,0.189485208,297.9446049,292.6059685,65.83415918,181.6398179,179.7469088,30.71655196,238.9615766,220.2509391,167.8582423,171.558277,136.0385858,739.02027,65.38409867,9.793727877,4.609954033,9.90233639,2.679286711,1.797367271,2.787105906,-0.411753323,0.857456063,-0.261265298,-0.329863749,0.495447407,-0.346416165,-0.099619453,0.252496941,-0.102435626,-0.020251609,0.146333019,-0.013789293,-0.052887452,0.083017438,-0.050886511,-0.015443496,0.067865928,-0.008919866
fly,fly_08,4,2600,2629,0.057997001,0.070171653,0.082688733,0.068600016,0.097425695,0.101332261,0.101933733,0.098108718,0.067810591,0.141250365,0.112681235,0.350046704,0.166025711,0.521784641,0.670864331,0.937918523,0.93739989,0.043644447,0.722243493,0.734093503,0.197066406,386.7728954,398.9476413,87.68453312,163.5659264,162.5600223,36.62429289,237.9007542,218.7818459,333.7431328,329.919764,173.1386677,739.02027,68.3833692,11.97344445,5.257201893,14.05775725,0.456553039,2.938816708,0.48308761,-1.529944362,1.502106241,-1.344939838,0.030735469,0.689112316,-0.001000664,-0.274576954,0.41219143,-0.239718198,0.053457259,0.253820398,0.029254436,-0.119003534,0.164296577,-0.098394903,0.025343935,0.113140614,0.017001837
fly,fly_08,4,2615,2644,0.04767236,0.054200451,0.062724876,0.053862202,0.082762647,0.096235378,0.107198729,0.11096746,0.079752909,0.170055127,0.134567862,0.295585103,0.136624849,0.602542086,0.490563414,0.914326903,0.910446397,0.039218236,0.639658474,0.63536756,0.156898436,339.8930243,326.9816934,105.557329,152.2263971,150.3597561,27.74540556,217.8743042,201.8349362,278.2426118,277.132601,181.4826561,659.839527,57.48601948,12.21757971,3.174902343,12.46399485,1.314208973,3.28127692,2.241108277,-1.396547692,1.499608746,-0.938866782,-0.051949362,0.766778819,-0.026268058,-0.206710881,0.398728312,-0.121851997,0.077114067,0.253629673,0.07343657,-0.125009818,0.179286626,-0.1087175,0.030674645,0.117348315,0.033884654
fly,fly_08,4,2630,2659,0.138861426,0.151248555,0.154871531,0.109288822,0.125231719,0.095406725,0.066702499,0.044615691,0.023669414,0.041831417,0.048272201,0.484798797,0.234520541,0.225091222,2.153788109,0.907709566,0.910055604,0.041882859,0.627790367,0.647109117,0.170027482,261.2234315,257.4387737,42.01206943,159.1630745,155.7090873,27.87421158,220.1995923,201.8096786,143.4380131,171.558277,76.81667217,277.132602,52.88713795,10.43395647,2.611077587,10.38662393,3.74867223,1.459978577,3.693697429,-0.666944142,0.809823778,-0.51294656,-0.376460312,0.597294608,-0.348757807,-0.000891769,0.236343476,0.012095103,-0.021475995,0.165105535,-0.019341598,-0.076952095,0.112933768,-0.051263021,0.00173868,0.06811933,0.01596658
fly,fly_08,4,2645,2674,0.12241469,0.139213461,0.148823492,0.108759117,0.128623876,0.101188687,0.072622389,0.049519779,0.026588074,0.047429659,0.054816774,0.487395173,0.237382994,0.250976676,1.941993898,0.924846838,0.925681864,0.036887676,0.69517945,0.697581023,0.153541762,280.1272465,271.8187783,42.27474602,168.4749664,166.3527315,25.52956669,223.3947554,210.0722784,166.7482319,184.755068,77.36022983,277.132602,50.98759985,9.015040704,3.186615242,9.079044583,3.185420292,1.341631212,3.224603569,-0.697350294,0.734823255,-0.654044484,-0.392908521,0.545432213,-0.378622186,-0.04812728,0.228238734,-0.05079851,-0.020564084,0.135269051,-0.021557602,-0.079227225,0.092853228,-0.069400229,-0.007199568,0.068376976,-0.003450004
fly,fly_08,4,2660,2689,0.153031382,0.160039509,0.157445301,0.107940255,0.121402485,0.091881197,0.064830251,0.043955006,0.023262634,0.038810203,0.037401775,0.478669239,0.229342741,0.208259869,2.298422837,0.914862304,0.917764008,0.044186769,0.650174245,0.671282621,0.193875692,271.8645143,266.2213656,47.95559783,163.6386893,166.0143975,29.39078414,227.8756198,207.0732593,168.3515803,184.755068,77.92792098,316.722973,57.38604374,10.11751148,4.721302871,9.110672069,3.564708264,1.792841028,3.351271301,-0.799489244,0.928590002,-0.669947077,-0.351903424,0.620454414,-0.354583317,-0.021281713,0.295456807,-0.035903758,-0.052143723,0.186986852,-0.038312573,-0.067672082,0.111847726,-0.052815051,0.003690026,0.083863726,0.00425984
fly,fly_08,4,2675,2704,0.146721995,0.153578091,0.152526445,0.106403093,0.122843015,0.096477654,0.07056653,0.048856549,0.02574948,0.04088513,0.035392016,0.478250208,0.229246108,0.221449706,2.159633522,0.900038764,0.895330392,0.049964505,0.577351746,0.549639691,0.21936999,260.4567779,253.1537931,51.14920364,150.859867,149.1777424,33.02374216,213.7904491,202.3236078,161.0748453,184.755068,87.96943926,422.297297,58.58575199,12.93388884,4.719399295,13.92152236,4.14030436,2.046091036,4.149797201,-1.096977788,1.164484281,-0.816155312,-0.213417848,0.682140826,-0.243774422,0.029562891,0.310079513,0.024723641,-0.088784145,0.238636356,-0.042770734,-0.041267044,0.119307705,-0.029513598,0.008259017,0.09192535,0.011967284
fly,fly_08,4,2690,2719,0.080197589,0.092260444,0.10594408,0.087315558,0.122805578,0.122655078,0.112472781,0.093073997,0.053915256,0.082761634,0.046598005,0.438720294,0.210121136,0.388821674,1.128332917,0.913992512,0.916464097,0.041987239,0.621962984,0.636837354,0.185494384,325.7934377,328.824065,72.22358652,144.5711394,136.8156124,29.32139269,215.5511427,197.6608748,281.819312,290.329392,127.6180205,501.478041,49.987843,13.26440623,3.703239494,13.41360055,2.323345979,2.444112032,2.045109817,-2.150353672,1.631950956,-2.506479331,0.078338845,0.653966443,0.137181933,-0.26439153,0.413919284,-0.239498971,-0.048114897,0.248621474,-0.020343903,-0.074585856,0.160787983,-0.066233549,-0.01642605,0.11420468,-0.010221496
fly,fly_08,4,2750,2779,0.115727269,0.129687604,0.138344866,0.102396294,0.124677736,0.103279448,0.079012197,0.056992355,0.031288878,0.054263397,0.064329955,0.468698344,0.227074031,0.285886782,1.639454403,0.94497418,0.959579421,0.047537371,0.774643435,0.83254426,0.194018272,334.7620406,328.7269195,81.26299189,179.5128833,185.4390624,30.02278205,231.5379772,215.36745,249.6290099,237.54223,174.6361375,739.02027,75.18171583,8.620655374,4.216242113,9.702786094,1.992095601,2.12101521,1.834482418,-0.758447905,0.918806143,-0.57798697,-0.309284341,0.522613802,-0.329270674,-0.053750383,0.238521194,-0.055331329,-0.07031077,0.160450903,-0.072080698,-0.040307401,0.099948208,-0.04694667,-0.029464551,0.063380398,-0.021832776
fly,fly_08,4,2810,2839,0.04474102,0.066045564,0.092010309,0.084712505,0.126604231,0.129776291,0.119079898,0.098607581,0.058311909,0.099511226,0.080599467,0.433103335,0.211316736,0.456110081,0.949558787,0.945003693,0.94222082,0.032222024,0.760384221,0.75702841,0.147584793,364.1406832,373.6418179,59.05874966,161.7467939,159.9932106,24.74432109,214.8060297,202.7636629,319.1896629,329.919764,88.7206736,659.839527,49.48796455,10.45648021,2.639976504,10.74894839,1.170303379,1.773742067,0.796904137,-1.896567409,1.092589421,-1.679455778,-0.166276573,0.590082598,-0.246369458,-0.194158821,0.367477842,-0.149253671,-0.054377099,0.179272469,-0.058368094,-0.117991967,0.129126243,-0.112992429,-0.003894722,0.065976458,-0.002433559
fly,fly_08,4,2855,2884,0.135784534,0.150127133,0.1557531,0.111025278,0.128518396,0.099144557,0.070008769,0.046640039,0.024069781,0.039111556,0.039816855,0.494441332,0.239543674,0.219647001,2.251072535,0.902639034,0.897838146,0.042874017,0.60877365,0.606052656,0.178608339,256.8706139,249.9893533,46.52891369,157.9899647,158.045827,27.03223166,216.4978935,195.7783574,155.5247932,171.558277,79.29939991,369.510135,51.28752702,10.13562849,3.59843854,10.08556082,3.871318499,1.621566248,3.902017621,-0.659491587,1.033534526,-0.476406393,-0.417694312,0.596847918,-0.374753319,-0.056923532,0.278150811,-0.069099856,-0.002826108,0.193208782,0.010377524,-0.060922255,0.114414084,-0.063350558,-0.017699794,0.086612953,-0.003398327
fly,fly_08,4,2870,2899,0.121298009,0.138335194,0.148731923,0.109668034,0.131563732,0.10584498,0.07774539,0.053402128,0.027934808,0.04455649,0.040919312,0.495808669,0.241231766,0.244558128,2.027365326,0.885822365,0.880377454,0.042801304,0.53461795,0.521897822,0.179887429,244.9222005,236.502353,47.12266421,143.8538354,145.7559682,27.00312602,209.8718706,188.9882351,161.8148522,171.558277,85.46440447,343.116554,48.08830496,13.16390443,3.90705323,13.05170414,4.432013846,1.796391857,4.404586317,-0.943444483,1.187550975,-0.800916042,-0.401893022,0.655102782,-0.334659477,-0.030318784,0.289734361,-0.042533278,-0.017953203,0.208454045,0.006091825,-0.066854221,0.144641779,-0.056834755,-0.012416843,0.099379913,0.005476438
fly,fly_08,4,2885,2914,0.111380598,0.132655752,0.147559528,0.11083886,0.133847569,0.107115011,0.077566019,0.052803354,0.027989633,0.047990201,0.050253475,0.499360968,0.244686429,0.256602682,1.946047344,0.908244809,0.912281325,0.048962583,0.623905323,0.6386849,0.202005506,273.5415616,268.4266799,54.6167463,155.3426992,156.5008129,32.57323158,229.1231201,214.1518193,185.618409,197.951858,79.53395386,316.722973,48.6881591,12.86818078,3.929184584,13.55534616,3.641626804,1.890861211,3.683958559,-0.935119462,1.115670336,-0.769894229,-0.454212725,0.565885113,-0.358331043,-0.080310641,0.273251391,-0.084382829,-0.016648753,0.182036523,-0.003086667,-0.09978359,0.152142915,-0.085817027,-0.0119011,0.092385058,-0.002572939
fly,fly_08,4,2900,2929,0.114753951,0.133800203,0.147142989,0.110396019,0.134069644,0.108403114,0.079064803,0.053463625,0.027678616,0.045236345,0.045990691,0.500011767,0.244465664,0.25143408,1.988639593,0.911611305,0.905305376,0.040777001,0.63256231,0.622260274,0.176518804,271.6817534,265.2282456,48.71845922,157.5011749,154.0843375,30.59437135,228.9388665,212.682857,175.6283152,184.755068,80.00912072,316.722973,46.38871836,11.74289799,3.183490209,12.46628593,3.556976858,1.614825619,3.610002971,-0.920637253,1.122042055,-0.751948332,-0.397468805,0.600811404,-0.400497461,-0.036713264,0.287870126,-0.023158016,-0.033292498,0.18394663,-0.008566115,-0.087866496,0.134206104,-0.074365387,0.00017624,0.077124903,0.006817346
fly,fly_08,4,2915,2944,0.138068061,0.151015758,0.155257294,0.109901976,0.12625102,0.096351384,0.067327793,0.04486256,0.023659988,0.041339366,0.0459648,0.487761675,0.236152996,0.223154506,2.185757679,0.909415306,0.905039123,0.042121273,0.630628882,0.614354837,0.174516107,263.2958947,250.3670932,45.23748086,159.2344634,155.6785386,28.46087917,219.4553683,205.5001026,156.1414657,184.755068,76.36496351,303.526183,48.88811049,10.7497905,3.198873156,11.03947224,3.714282733,1.521848442,3.990583455,-0.707327036,0.796125593,-0.674077225,-0.396318786,0.610022221,-0.390501595,0.002894463,0.265096791,0.006512249,-0.013327009,0.153984012,-0.00328494,-0.082875644,0.112267363,-0.067655761,0.007657161,0.066273002,0.010926682
fly,fly_08,4,2975,3004,0.089770828,0.112950753,0.133070445,0.105460086,0.135204357,0.116788305,0.091515823,0.066353975,0.035891353,0.057771076,0.055222999,0.490523193,0.240664443,0.306755226,1.59907037,0.933995813,0.937621978,0.039646598,0.712951871,0.742710979,0.175394206,311.3489083,309.5917966,51.19712328,163.7931391,158.1982309,29.886643,228.2255953,211.7595542,226.812129,237.54223,78.94663644,382.706926,43.28947207,10.5126321,2.751908396,10.8612971,2.679408321,1.563132245,2.69811058,-1.308264772,1.151886058,-1.220993591,-0.208770155,0.581385094,-0.210096548,-0.100275082,0.310550037,-0.078328407,-0.104446342,0.194019935,-0.073750997,-0.028706049,0.110466443,-0.037128255,-0.05292214,0.076296966,-0.044958272
fly,fly_08,4,2990,3019,0.058833613,0.074353985,0.092229763,0.07993369,0.117161315,0.122521094,0.118301809,0.103835589,0.063586016,0.104736795,0.064506332,0.411845862,0.197095005,0.45496654,0.905222309,0.935978074,0.929775099,0.040563637,0.72546633,0.706582735,0.176768329,334.1147602,338.0281842,64.48286759,164.3891152,164.409545,32.82028086,226.3274788,215.8613253,258.0157553,237.54223,126.1060782,739.02027,50.58769708,10.70782567,3.609165993,10.75822538,1.927369131,1.908290178,1.900167199,-1.495184919,1.420067585,-1.031380244,-0.176780454,0.664693861,-0.252690488,-0.12957729,0.339218797,-0.093646077,-0.048865463,0.216442796,-0.044425804,-0.06238727,0.121048431,-0.054344208,-0.036951878,0.074269185,-0.031847028
fly,fly_08,4,3220,3249,0.085241986,0.111802095,0.136804704,0.111293304,0.144807929,0.124671903,0.094437256,0.06387461,0.03176518,0.046845864,0.048455169,0.51757784,0.256101233,0.285378079,1.813656612,0.913355033,0.909129158,0.032971904,0.636668723,0.613215872,0.140935129,285.7536459,282.7596756,51.09041379,149.7955394,145.617887,23.97779243,228.1217087,201.2958521,227.305467,211.148649,80.17236914,395.903716,37.99076062,10.33529705,2.311720902,10.26667706,3.221031096,1.60970708,3.448588591,-1.407363998,1.105757041,-1.385245256,-0.466642145,0.525585535,-0.556398794,0.041399084,0.293979903,0.045011194,-0.133687042,0.223806311,-0.112550832,-0.044025966,0.107287976,-0.041130018,-0.024424446,0.066980271,-0.020860627
fly,fly_08,4,3235,3264,0.079505671,0.1019198,0.124347371,0.102455396,0.136797788,0.122947905,0.098614581,0.071548356,0.038109225,0.060593466,0.06316044,0.486548461,0.239253185,0.332026067,1.465392357,0.931179704,0.926735783,0.033977211,0.712749149,0.696456975,0.147980258,314.1745008,314.9542347,55.71744326,161.3863868,158.7066985,26.87083831,223.811982,208.1707149,246.5456476,250.73902,92.03815267,435.494088,41.88981239,10.49135233,2.120661547,10.24305861,2.390837654,1.665030149,2.305516927,-1.404860626,1.199202787,-1.417040228,-0.32624493,0.510759118,-0.36924152,-0.04234199,0.279472789,-0.040557293,-0.124239225,0.201073983,-0.087382206,-0.029551066,0.092152836,-0.030764395,-0.034397056,0.066138979,-0.025576085
fly,fly_08,4,3250,3279,0.096905449,0.115965116,0.130483682,0.099787126,0.124050943,0.104421651,0.081363736,0.060823099,0.035231568,0.067182835,0.083784796,0.458743402,0.22383807,0.328386033,1.396963805,0.948662253,0.953311083,0.031301588,0.792620053,0.817658929,0.130063153,321.2693745,321.1270473,51.45227902,179.7516808,181.091762,23.16887192,225.5278929,212.0299135,220.1520665,211.148649,85.64806444,422.297297,48.68815901,9.104178958,3.109422131,9.046023454,2.089477449,1.402288311,1.978363859,-0.800012787,0.857364484,-0.760790911,-0.372949122,0.492950173,-0.374664206,-0.091697133,0.238504854,-0.110574527,-0.047345342,0.122531448,-0.041160945,-0.067703424,0.089581393,-0.062344516,-0.022366348,0.051872933,-0.017285412
fly,fly_08,7,560,589,0.035910802,0.050345897,0.067215229,0.060547857,0.090753258,0.097239539,0.098686226,0.096187508,0.068679426,0.159968156,0.174466102,0.315755883,0.151301115,0.597987417,0.528030982,0.936429466,0.93288705,0.028547022,0.716904096,0.709348549,0.13722801,427.7086169,435.2452905,96.63711011,154.9831104,151.0130187,24.79649703,220.2647028,208.0519601,433.8907394,435.494088,157.1845791,739.02027,56.88616523,10.07660814,2.554689212,9.661655479,-0.521079142,2.766503916,-0.808341595,-1.541586946,1.328414216,-1.63343334,0.216696895,0.668563091,0.206769125,-0.30115254,0.333482472,-0.301556221,0.010710101,0.221763098,0.002995774,-0.105575029,0.140085747,-0.114095204,0.000243983,0.090907373,0.007963934
fly,fly_08,7,735,764,0.066990371,0.084168537,0.101757588,0.084399892,0.115856692,0.111108291,0.099678145,0.085289376,0.05437833,0.108289938,0.088082842,0.413122462,0.200256584,0.43571863,0.94814046,0.912347794,0.906669046,0.042356313,0.62188786,0.604791779,0.193894144,297.3103507,287.2291175,88.48757739,152.9522603,153.9120835,32.62268912,225.8833018,207.491307,212.998666,197.951858,136.4916047,567.461993,43.7893505,11.39139515,4.551549935,11.02165887,2.525329736,3.044020163,3.09814445,-1.300878447,1.50673724,-0.680170541,-0.125313404,0.694109117,-0.174096615,-0.159130428,0.366661936,-0.13396944,-0.021541645,0.233552663,-0.004724265,-0.08071307,0.16601375,-0.060743364,-0.018256134,0.11548052,0.001113562
fly,fly_08,7,780,809,0.156173407,0.166700411,0.166283229,0.114188922,0.126832016,0.092728921,0.061748989,0.038862554,0.019225272,0.029855624,0.027400655,0.500033088,0.241020938,0.177093094,2.823560631,0.898283237,0.893388976,0.055588529,0.584582049,0.565258778,0.230449225,258.4137085,250.4939957,57.26665103,155.0806945,155.4736137,37.10628868,233.8136269,216.4779746,141.9579992,171.558277,80.12532188,369.510135,55.98638423,10.57018937,4.913253108,10.58281201,4.150488885,2.170898957,4.052809216,-0.68892568,1.185888714,-0.478345509,-0.358555328,0.61758822,-0.286150906,-0.031977743,0.353218122,-0.014321253,-0.017034502,0.242096573,0.006741823,-0.047554359,0.140643957,-0.048535758,-0.025185039,0.092238529,-0.006860019
fly,fly_08,7,795,824,0.136774651,0.152485073,0.159594867,0.114440873,0.132664644,0.101630362,0.07036011,0.045342588,0.022516346,0.034134894,0.030055591,0.508330747,0.247105518,0.202409529,2.51139731,0.893048954,0.887076029,0.046536759,0.564529767,0.542561382,0.187552404,250.308517,245.7975284,47.54271811,149.6941921,153.5970145,29.14365084,224.8463508,206.4481121,140.8479887,171.558277,83.29887867,382.706926,56.48626261,11.21381051,4.089473052,11.26839524,4.23036668,1.713424701,4.302665817,-0.807706657,1.164544913,-0.669187595,-0.266854324,0.647786728,-0.207162787,-0.055078674,0.328611669,-0.030037968,-0.024943961,0.221926308,0.012344926,-0.042810443,0.149068096,-0.016988203,-0.0269908,0.108914274,-0.01254739
fly,fly_08,7,810,839,0.142784732,0.155676821,0.159714258,0.112839468,0.129080378,0.097440932,0.066615673,0.042791001,0.021585932,0.035192819,0.036277985,0.499075036,0.241919847,0.20246341,2.465013482,0.885678052,0.880461689,0.049175641,0.543478277,0.532254099,0.190595763,242.1987836,232.6568578,48.25681801,145.8208258,147.365128,27.85927817,222.7326728,194.812862,138.8746369,158.361486,77.52397639,316.722973,58.78570337,11.78680736,3.826859659,11.65500039,4.455427662,1.726110618,4.560438043,-0.70452051,0.91719036,-0.605226025,-0.449553447,0.627811291,-0.338150439,0.006442193,0.291143724,-0.020198773,-0.009273144,0.205865081,0.0063306,-0.08200642,0.126308445,-0.064842727,-0.002805222,0.084600459,0.009866566
fly,fly_08,7,850,879,0.081618912,0.107628141,0.132012798,0.107722809,0.141420755,0.124652014,0.098784505,0.071634585,0.038285173,0.058130343,0.038109964,0.505808376,0.249143564,0.304944571,1.658689557,0.903108522,0.90426862,0.042727557,0.567689435,0.579992949,0.196453102,282.6546184,271.8564703,62.41954217,140.8990369,137.3009595,29.23396,214.8772576,203.5396575,229.7721568,224.345439,99.14765645,435.494088,44.98905867,13.23294174,3.509652036,13.43903376,3.66402057,2.363479827,3.607077166,-1.781389839,1.265191709,-1.824993967,-0.142612472,0.780998655,-0.178597144,-0.070843317,0.423985631,-0.01017155,-0.037025325,0.274719863,-0.018587573,-0.097779998,0.188105909,-0.092790068,0.008291954,0.118594922,0.017903416
fly,fly_08,7,1105,1134,0.124710504,0.146842573,0.161334224,0.119702459,0.142176552,0.110341931,0.075473635,0.046283899,0.02121384,0.028337038,0.023583343,0.533555167,0.261879012,0.194891755,2.737700046,0.888245077,0.887068453,0.052196472,0.513257435,0.480156112,0.228028539,255.1635712,250.1901401,51.83241574,137.1023995,131.7457738,33.65937542,221.0523439,204.3418461,186.8517539,184.755068,77.00331359,329.919764,48.18828073,12.06135559,3.531198167,12.68197436,4.733248801,2.252138595,4.72368292,-1.437675997,1.218594352,-1.320818134,-0.370788865,0.63043279,-0.330367206,0.065301731,0.311011519,0.036201618,-0.088815769,0.264900857,-0.045303861,-0.06130712,0.182615468,-0.068781029,0.002925822,0.126063701,0.015643221
fly,fly_08,7,1165,1194,0.103991962,0.136265027,0.16278436,0.127214969,0.15587285,0.122182029,0.081673283,0.04714754,0.019914863,0.024035369,0.01891775,0.568054207,0.283087819,0.191688804,2.96341881,0.885578236,0.87131787,0.045353183,0.509389983,0.473209037,0.209595239,247.0115881,244.6962534,46.43760064,138.7808617,134.0818907,30.74192238,211.3069397,200.0014032,185.4950745,184.755068,71.68725491,488.28125,41.38993403,12.04168196,4.69576409,11.14090734,4.791495343,1.99251249,4.980472268,-1.275141666,1.403183817,-0.987907827,-0.432275315,0.624565771,-0.344917947,-0.006989482,0.284798709,-0.024107639,-0.086558912,0.287824977,-0.017058329,-0.048925151,0.188848106,-0.055326614,-0.040471975,0.120690818,-0.012653841
fly,fly_08,7,1175,1204,0.098107385,0.131349426,0.160035858,0.127126627,0.15829981,0.126388376,0.085949287,0.050199977,0.021152044,0.024320939,0.017070269,0.571850671,0.285426436,0.198692517,2.878068485,0.905962449,0.904219809,0.049516591,0.585883742,0.614643294,0.238118592,276.9819511,261.9188488,59.55334384,149.1929444,144.65573,34.8493851,217.9194127,209.6442795,201.0352204,197.951858,92.8599777,475.08446,48.38823205,11.11504534,4.917486042,9.707769445,3.927602818,2.426804601,3.934313684,-1.494533444,1.493710127,-1.320013704,-0.217556034,0.587535441,-0.161804918,-0.042004985,0.30047056,-0.074097538,-0.135358918,0.281596776,-0.079421004,-0.01119793,0.172500456,-0.017266751,-0.042684421,0.112117696,-0.024178544
fly,fly_08,7,1190,1219,0.099033912,0.123597209,0.143193167,0.110964906,0.137958581,0.114014768,0.084929437,0.058725249,0.030913224,0.050124811,0.046544736,0.506131423,0.248923488,0.271237456,1.866008588,0.917315535,0.917921486,0.044712809,0.648686458,0.649870211,0.193845056,289.4022783,281.5137261,59.00297905,155.0668879,150.6802608,30.38229973,226.8699977,208.8053963,209.4219658,211.148649,97.17904489,475.08446,53.28704063,10.26486482,3.636976589,10.01469105,3.22606652,1.953453396,3.327360107,-1.270392305,1.163538948,-1.21711374,-0.251305522,0.546906539,-0.170092558,-0.090108401,0.290576415,-0.110414132,-0.059523084,0.21282764,-0.041456977,-0.055546567,0.120659295,-0.054499654,-0.016466894,0.082714768,-0.005543777
fly,fly_08,7,1205,1234,0.121660748,0.142410905,0.15501207,0.113881241,0.134083473,0.103842224,0.072520143,0.047599567,0.024563145,0.04148914,0.042937344,0.506819008,0.247964714,0.229109339,2.212127236,0.908471524,0.911929357,0.047575525,0.612074477,0.613453311,0.209804911,269.0623062,257.7851265,50.92405497,154.1235694,150.1800416,33.67632375,221.474147,212.8361965,171.804946,184.755068,79.28238888,329.919764,51.887381,10.57037485,4.174565923,10.86915883,3.837014531,1.893837644,3.63736463,-1.031402674,1.080463187,-1.059326081,-0.307231596,0.507716458,-0.328746002,-0.027680064,0.322828466,-0.030266963,-0.057562151,0.218179405,-0.015185626,-0.051448829,0.135347775,-0.04408613,-0.000235561,0.097263042,0.010819554
fly,fly_08,7,1440,1469,0.076425187,0.093848045,0.109560574,0.088017723,0.11809206,0.112457859,0.101952209,0.087830055,0.054831157,0.096982282,0.06000285,0.428128215,0.206109783,0.401598553,1.066060155,0.925385996,0.916039702,0.045190848,0.673124366,0.639478382,0.197891089,326.6748177,334.1305509,77.25924557,155.8805744,155.2178396,31.73236595,235.4515854,212.6012175,271.3358803,263.935811,135.8970972,541.068412,70.7827857,11.04265788,3.852989101,10.91403057,2.224611636,2.378807854,1.867781097,-1.556139098,1.502437119,-1.331045227,-0.022546756,0.685259319,-0.017181777,-0.250181192,0.45787714,-0.194907842,0.00358566,0.231513531,0.024338258,-0.105694288,0.15801045,-0.069802965,7.78E-05,0.094921905,0.000816363
fly,fly_08,7,1455,1484,0.087497954,0.110701656,0.131461738,0.105201131,0.136593013,0.119936972,0.095358169,0.069604606,0.03747294,0.05855268,0.047619141,0.493192855,0.241794144,0.308607536,1.598123173,0.933644737,0.933103876,0.041680703,0.716264902,0.720959687,0.182737956,308.9517039,300.6054275,62.86064048,167.7965135,168.7091181,28.87743088,225.7837124,213.6155666,217.4387077,211.148649,112.2175502,527.871622,68.48334492,10.78020113,3.818153296,10.23907278,2.582735116,1.839671133,2.734571156,-1.063274531,1.209243555,-0.742198369,-0.20742167,0.602777721,-0.247938846,-0.148052164,0.327623979,-0.100766882,-0.033331264,0.200489849,0.004116282,-0.061940431,0.122211267,-0.056609464,-0.033964862,0.072325188,-0.025726982
fly,fly_08,7,1470,1499,0.094281,0.113561733,0.129471185,0.100885107,0.128837156,0.112644474,0.090996802,0.068987635,0.03896844,0.065238587,0.056127881,0.471837922,0.229722263,0.320319345,1.473023495,0.931934449,0.933978224,0.044038125,0.720584661,0.732743627,0.184274363,320.0961029,315.845918,77.52639224,169.8062842,172.8968414,29.84159995,220.174279,210.7301536,230.7588327,211.148649,148.8181222,633.445946,66.98370961,9.775598903,3.679750192,10.54164959,2.108104234,2.166549672,2.234624633,-1.025354283,1.444595738,-0.702405556,-0.256209465,0.483214961,-0.203614737,-0.19613015,0.343259263,-0.136422691,-0.020099494,0.187204986,-0.002363062,-0.06989387,0.137818717,-0.053262498,-0.025123897,0.08458693,-0.01413161
fly,fly_08,7,1535,1564,0.103670498,0.116471902,0.124920684,0.09382048,0.118331394,0.105604603,0.090316457,0.073942869,0.044471976,0.076546856,0.05190228,0.442677161,0.212151874,0.33718044,1.312879126,0.90896684,0.911624652,0.041917925,0.606152693,0.615276375,0.184424615,306.4969274,293.9788498,76.736235,146.0935102,136.1981966,31.63383796,218.1198736,208.5696975,240.9955955,224.345439,139.481897,633.445946,54.48674889,11.74462554,3.020179129,12.23836121,2.636938492,2.644883963,2.750074914,-1.758810859,1.638828654,-1.710251272,-0.107159164,0.63372743,-0.081792751,-0.215107391,0.469894283,-0.194079019,-0.061844844,0.229621951,-0.040181455,-0.08678468,0.177353836,-0.039401856,0.007366145,0.112154373,0.013465361
fly,fly_08,7,1545,1574,0.121259938,0.13272576,0.137049868,0.098546243,0.117959968,0.098794937,0.079955226,0.063135441,0.037415044,0.064756126,0.048401449,0.452351016,0.216506211,0.293663287,1.540373062,0.903790443,0.901307368,0.042318732,0.601215137,0.585379195,0.177690995,287.2214708,268.5888765,77.58707511,149.8483252,143.9085852,30.62651342,221.76604,208.8291591,200.0485445,184.755068,128.1281795,461.887669,57.08611676,12.32674633,3.213139122,12.79686978,2.927466936,2.589766424,3.256195669,-1.282687272,1.616718427,-0.985605942,-0.218292559,0.647475822,-0.181773686,-0.166551642,0.435639407,-0.093194126,-0.032650112,0.220965536,0.006378831,-0.082843262,0.162525447,-0.046176399,0.007395677,0.101474761,0.006569965
fly,fly_08,7,1560,1589,0.15744242,0.169584819,0.168812312,0.114491325,0.124511131,0.088384537,0.057429121,0.03606907,0.018358422,0.031028282,0.033888563,0.496199304,0.239002455,0.176773457,2.806978554,0.895428687,0.885311829,0.048517975,0.576227313,0.547481589,0.206078311,248.4126284,239.3665505,52.38305544,153.503911,151.7993065,32.34302388,222.6846409,207.1310835,153.0581034,171.558277,81.39004588,554.265203,54.78667605,13.3670736,4.134296717,13.96771243,4.220591243,1.926132433,4.327552411,-0.611634883,0.944618795,-0.58924662,-0.470320125,0.588559111,-0.405831903,0.004780323,0.32011363,-0.00395723,-0.03267534,0.235139389,-0.004595478,-0.058819539,0.137832734,-0.05052795,-0.006462787,0.078691021,0.003579649
fly,fly_08,7,1575,1604,0.11976017,0.137890683,0.149455813,0.110856888,0.133717413,0.108203665,0.079747909,0.054553014,0.028089947,0.042545062,0.035179437,0.502233779,0.244574301,0.240115369,2.091635287,0.90702042,0.905592275,0.047063064,0.597042612,0.591991808,0.214379075,271.5020356,267.1732308,52.9990849,151.3433087,149.1377695,32.98590499,224.5254822,210.6407985,193.7584855,197.951858,79.94720081,422.297297,45.6888885,14.62471729,4.055459809,14.71509824,3.905818438,2.018656535,3.870785975,-1.228190556,1.203835088,-1.137816464,-0.297395608,0.673433556,-0.363710766,-0.012707573,0.339786385,-0.029148157,-0.072765973,0.26116711,-0.042784209,-0.054005826,0.150946387,-0.05232133,-0.017319214,0.094712346,0.001666405
fly,fly_08,7,1695,1724,0.050163282,0.071849719,0.097171375,0.087544473,0.128924268,0.131308636,0.12090782,0.100780863,0.059454501,0.095825937,0.056069127,0.444948752,0.21646874,0.433038248,1.027504508,0.925980299,0.916916448,0.034345252,0.657516746,0.627507514,0.170587783,341.9385387,330.5649613,65.50001941,146.6601641,141.4885021,28.05267098,217.6488311,205.2664378,313.5162762,316.722973,103.7368655,527.871622,50.78764847,12.0057361,2.999147849,12.29596465,1.895634223,2.176243572,2.144307868,-2.298892813,1.444580091,-2.405404714,0.157933501,0.666527711,0.226396373,-0.35732255,0.386873533,-0.342159659,-0.043635443,0.224901026,-0.017130614,-0.108991377,0.164725107,-0.100252772,-0.030461988,0.109698133,-0.018483912
fly,fly_08,7,1710,1739,0.067348564,0.087872114,0.109673371,0.093144687,0.130425229,0.126633623,0.112161896,0.090543604,0.052124562,0.081850647,0.048221701,0.459876911,0.223569916,0.384902411,1.194788336,0.911896077,0.907224156,0.037189355,0.607762647,0.599307531,0.165356474,308.5222198,309.6960019,65.33465425,144.0962939,137.9964011,26.59298094,222.4079522,193.1466047,262.7024659,263.935811,115.0377956,541.068412,56.18633546,12.06070016,2.974328839,12.56688078,2.703264023,2.23873291,2.982576055,-2.019795911,1.568849749,-1.865710373,0.00288702,0.755998356,0.080877428,-0.273638057,0.400947691,-0.260996677,-4.26E-05,0.256926108,0.000836907,-0.103618371,0.166483548,-0.101181519,-0.01147198,0.124620207,-0.014311658
fly,fly_08,7,1725,1754,0.062060421,0.079572223,0.098815117,0.084723372,0.121666816,0.123590279,0.115948096,0.099488139,0.060172126,0.098677052,0.055286357,0.428795585,0.206390189,0.429571771,0.998193115,0.912376293,0.914428218,0.039248571,0.620786732,0.624636557,0.171472574,320.1852881,311.5901095,78.51706329,146.9555222,140.5859597,27.97667768,216.9151828,194.6506226,272.1992218,263.935811,139.6684708,527.871622,51.887381,13.13470668,4.319893644,13.08307614,2.231817895,2.600137108,2.385123599,-1.869883526,1.606124878,-1.734568318,0.05615115,0.81873197,0.013095817,-0.240041361,0.443666415,-0.231157464,0.053998146,0.272071586,0.042335217,-0.120861146,0.16151244,-0.113255727,0.020973996,0.128762658,0.014113891
fly,fly_08,7,1740,1769,0.090692926,0.107605502,0.12220697,0.096114895,0.125698696,0.11472254,0.09777638,0.077924715,0.045203647,0.073636495,0.048417235,0.458743101,0.221813591,0.342958471,1.337605394,0.913298961,0.919963361,0.049409449,0.637448628,0.659322431,0.20803701,290.0381645,283.3984692,70.93499017,157.6881332,153.7426673,35.19800985,233.1609667,219.0382606,199.0618685,197.951858,124.0342727,541.068412,58.18584923,12.79958604,4.445485913,12.81606637,3.13999687,2.355131421,3.088312285,-1.065229079,1.35926001,-0.80941163,-0.243574751,0.771738141,-0.32088555,-0.063147985,0.398160068,-0.050192806,-0.009228218,0.21420207,-0.012992553,-0.101199816,0.146678943,-0.073611726,0.015423113,0.096764309,0.009864172
fly,fly_08,7,1755,1784,0.114816992,0.13288787,0.144986925,0.108241129,0.131497587,0.107477412,0.080400768,0.056366188,0.030002495,0.048457966,0.044864668,0.492203053,0.239738716,0.260092086,1.892418414,0.91534095,0.913909616,0.047453877,0.640947675,0.650688611,0.201415541,284.4620155,286.0161369,57.45686776,158.0154828,155.0358408,34.53431188,239.7895393,221.6642281,201.2818894,211.148649,100.7897921,541.068412,60.0853873,12.1295891,3.240952562,12.6581117,3.436699226,1.939776153,3.486864225,-1.040402352,1.247191863,-0.908231951,-0.275324703,0.6587635,-0.275491157,-0.060149248,0.337050936,-0.084266572,-0.06110854,0.198914975,-0.037368681,-0.05423348,0.141740488,-0.048151114,-0.01874146,0.094419736,-0.008481917
fly,fly_08,7,1770,1799,0.097602847,0.11933649,0.137950121,0.108135064,0.137250805,0.1167622,0.089431387,0.062920344,0.033097912,0.051934068,0.045578761,0.50009819,0.245385869,0.282962473,1.767365776,0.910325236,0.910485626,0.040633645,0.612567629,0.610176732,0.181065476,276.6919199,278.4311625,52.22925186,150.6381144,152.3427555,27.85523712,219.3675638,208.9832234,218.9187216,211.148649,89.82604748,461.887669,53.0870892,12.51848021,3.448859607,13.1679882,3.623257057,1.795541701,3.733807905,-1.318891241,1.141443064,-1.431599198,-0.284540793,0.697194162,-0.291164075,-0.014159218,0.346799921,0.007289671,-0.089085466,0.211675549,-0.070868116,-0.052452702,0.148160587,-0.045926061,-0.018333796,0.108066772,-0.004738716
fly,fly_08,7,1785,1814,0.099149143,0.122738138,0.14409905,0.114371756,0.146104133,0.123438612,0.091526393,0.060109938,0.028763159,0.038839869,0.030859809,0.528013551,0.260475889,0.250099168,2.111216747,0.896716282,0.890922483,0.042466819,0.550842108,0.555517669,0.200492403,262.7881555,251.8071665,51.05587992,143.206433,145.0141389,30.33245996,233.9445421,203.7510211,197.0885167,197.951858,83.32558615,382.706926,46.68864533,11.79752362,3.784410426,11.99229897,4.239291314,1.993658343,4.135778697,-1.443341785,1.399819194,-1.297938547,-0.331252406,0.640156235,-0.273597472,0.035473159,0.307697592,0.000750843,-0.109085685,0.250813024,-0.067538859,-0.029691017,0.165827154,-0.040437143,-0.024334436,0.121184631,0.001398693
fly,fly_08,7,2365,2394,0.124878901,0.137246886,0.143887853,0.105205442,0.126842471,0.104010377,0.078670999,0.055790166,0.029868478,0.048347606,0.045250822,0.479946142,0.232047913,0.257928071,1.860775143,0.925276969,0.928367153,0.051368867,0.683121586,0.70126917,0.218490495,302.4496277,299.3028961,69.77785283,164.6233825,165.4508975,35.54324852,242.3640483,212.6072434,203.6252447,211.148649,126.9849214,620.249156,67.183661,9.878013743,4.130703626,9.918298002,2.910838464,2.191615862,2.892397176,-1.067061151,1.241576568,-0.658487935,-0.223426155,0.602621393,-0.1957037,-0.013664613,0.343835968,-0.004913424,-0.074917335,0.182338543,-0.04092027,-0.047893741,0.124721916,-0.034408253,-0.009996527,0.074426985,-0.00433067
fly,fly_08,7,2380,2409,0.106936611,0.128265864,0.144522402,0.110398355,0.13637293,0.112609773,0.08409898,0.058106787,0.030261232,0.047059609,0.041367458,0.503903459,0.246771284,0.260894065,1.931448531,0.926451858,0.925672003,0.047433155,0.688915407,0.704652144,0.208399497,307.2709715,300.3085143,72.3800176,165.5097792,165.8842081,34.91390407,238.6028419,211.9921402,210.5319762,211.148649,136.3253837,633.445946,61.88494959,9.678198432,4.050458508,9.430979439,2.684099187,2.28407914,2.554600986,-1.081246137,1.274060665,-0.600478013,-0.162797321,0.666921766,-0.242267484,-0.023907834,0.318804008,-0.04238916,-0.046211572,0.202723525,-0.029879859,-0.05307095,0.126769008,-0.043319106,-0.01049204,0.072700691,-0.013650557
fly,fly_08,7,2395,2424,0.098307095,0.128565359,0.152988252,0.11935932,0.146999105,0.117834664,0.083234643,0.053562624,0.026317201,0.039483328,0.033348409,0.53718134,0.266358425,0.235946205,2.276711085,0.910386605,0.916590378,0.045154425,0.61594611,0.658908302,0.203813764,284.7981302,281.6220763,65.1843595,151.6411829,147.5394164,32.4582089,217.5947164,206.2644435,214.3553455,211.148649,109.2838619,541.068412,48.28825632,10.58422529,4.441655671,10.86456663,3.387405675,2.385368956,3.153964527,-1.35845746,1.183375181,-1.427169877,-0.259250454,0.718427741,-0.303309553,-0.004103004,0.358170471,-0.04943355,-0.064795811,0.221499666,-0.049209183,-0.081163253,0.150177722,-0.072099617,0.008034007,0.097083973,-0.00446127
fly,fly_08,7,2410,2439,0.115315717,0.14099592,0.159038959,0.119387846,0.141933045,0.10919531,0.073886032,0.045769759,0.022200212,0.035487002,0.036790198,0.529555159,0.261320891,0.214133203,2.473017502,0.910724975,0.918677421,0.053988605,0.639032031,0.669423518,0.224276711,269.8038311,266.6183977,59.58555446,163.3976238,161.6822051,35.65214142,228.7061897,214.0117429,161.8148522,184.755068,94.45091857,541.068412,55.68645713,9.982230151,5.27757946,8.904602134,3.664408051,2.076082713,3.446991838,-0.609259201,0.963284906,-0.5127045,-0.483171731,0.542448416,-0.401752714,-0.004813147,0.304291852,-0.039413518,-0.032550828,0.165645264,0.000274042,-0.088716761,0.134489247,-0.068103768,0.01409883,0.088953246,0.010008715
fly,fly_08,7,2600,2629,0.095750658,0.113144944,0.128223682,0.100342012,0.129349658,0.114387576,0.093184556,0.070978088,0.04018398,0.066773237,0.047681611,0.472302927,0.22969167,0.318801471,1.481495446,0.906401814,0.907926966,0.043841448,0.610939906,0.615514361,0.186680849,291.7417825,268.5155309,85.23568044,152.0762196,148.3757442,32.29455084,235.5128545,214.5039459,205.1052586,184.755068,146.9724,593.855574,58.38580069,12.03026033,3.453829009,12.16458569,2.834356268,2.754201428,3.332633368,-1.158859257,1.600704607,-0.82535756,-0.174286263,0.685202022,-0.137689616,-0.161260795,0.407535655,-0.142186925,0.009618112,0.237768668,0.011162675,-0.070642839,0.126504671,-0.052223537,0.003192634,0.103522545,0.013858321
fly,fly_08,7,2615,2644,0.11103391,0.129023361,0.142713539,0.108556054,0.134749141,0.11247742,0.084752877,0.058434486,0.029982612,0.045567571,0.042709029,0.498496154,0.243305195,0.261446575,1.906684585,0.916744325,0.916967021,0.044247935,0.656783894,0.652462842,0.187264313,280.2532118,276.3124157,55.64418179,163.6729709,166.2521828,31.98085289,222.1999802,214.2576402,167.1182353,171.558277,99.40570026,422.297297,64.48431752,11.46972621,3.540355477,11.94784294,3.302604934,1.710112876,3.209700789,-0.830333218,1.288197241,-0.538466593,-0.254596235,0.634427507,-0.25528384,-0.059993559,0.295523591,-0.088223462,-0.05084374,0.201606244,-0.025441429,-0.038951277,0.114716063,-0.052025057,-0.022487704,0.087521052,-0.00724999
fly,fly_08,7,2630,2659,0.091566584,0.11467724,0.135591295,0.10822455,0.139585706,0.120362454,0.092465981,0.064163585,0.032857094,0.050037403,0.050468108,0.503764005,0.247810256,0.289992171,1.737164158,0.933628959,0.929416905,0.037928065,0.721956795,0.714290539,0.170340257,298.0644817,287.2682308,52.51062518,174.2045637,174.0019062,31.57542141,225.9640244,219.094363,186.8517539,197.951858,89.30798438,382.706926,54.38677317,10.50748123,3.372892455,10.49403193,2.779113045,1.506021493,2.915929533,-0.798994991,1.192234364,-0.502367584,-0.303602271,0.585502816,-0.360221149,-0.046034874,0.264246918,-0.067516756,-0.056103097,0.188466533,-0.045259907,-0.044738248,0.125198073,-0.053786085,-0.030250949,0.071209899,-0.023455478
fly,fly_08,7,2645,2674,0.124215397,0.145683314,0.15851506,0.116085363,0.135679097,0.103437853,0.070298703,0.04433245,0.021999326,0.036471134,0.043282304,0.513717373,0.25176446,0.216383917,2.374101462,0.920887268,0.919564811,0.046615658,0.675046441,0.672584249,0.197866825,281.0762908,274.0694663,61.95431724,167.4886507,164.463981,33.46768659,233.5577147,218.1671659,173.7782978,197.951858,86.43292281,461.887669,49.08806183,10.73149247,3.491840803,10.858535,3.234790528,1.853465352,3.283067297,-0.687025004,0.978618753,-0.648939027,-0.416489914,0.542163443,-0.427640562,-0.002936253,0.279242561,-0.010144302,-0.057614509,0.174939477,-0.052234515,-0.064677453,0.122184084,-0.057169365,-0.003914922,0.079092635,-0.007797842
fly,fly_09,1,250,279,0.114681417,0.122664982,0.125793446,0.091208513,0.110901377,0.094210354,0.076314643,0.060037898,0.036220241,0.0721818,0.095785329,0.42211369,0.20210989,0.340539912,1.239542489,0.949330025,0.953399041,0.030706981,0.80030404,0.815244546,0.120206488,315.2368213,311.0158349,49.5761099,184.3854493,183.5197406,22.00047251,234.8572,220.6230089,200.171879,211.148649,107.3133933,448.690879,60.68524139,9.618537972,2.050732654,9.576380345,2.157452912,1.203970507,2.213986046,-0.542243355,0.856118448,-0.595772236,-0.250965691,0.542593306,-0.345368536,-0.053012896,0.204728708,-0.054709195,-0.049846797,0.124104608,-0.040610897,-0.048601972,0.081345096,-0.051741288,-0.006444176,0.05337453,0.000113043
fly,fly_09,1,280,309,0.095690221,0.114559291,0.126750367,0.094537065,0.114519339,0.095090561,0.07614972,0.061810687,0.03964267,0.08458353,0.096666548,0.430897332,0.209056404,0.358853156,1.200762276,0.940712876,0.94478493,0.039712608,0.75896281,0.775959517,0.161281218,337.6839848,330.0047833,84.97008335,171.9088302,168.6903077,26.23170074,223.172383,214.1176078,261.2224521,211.148649,146.6668176,607.052365,63.98443898,9.726645623,2.385877207,9.92479164,1.68175338,2.302870776,1.88905299,-0.866972452,0.980311593,-0.83325238,-0.255822398,0.556130752,-0.386366867,-0.137838061,0.258738611,-0.141085596,-0.009108192,0.162742061,-0.019370708,-0.070191251,0.084510695,-0.075212192,-0.01368938,0.062637665,-0.020669766
fly,fly_09,1,383,412,0.035924137,0.053846194,0.077502668,0.074266479,0.116787166,0.128078311,0.12667558,0.113076017,0.070719958,0.123273713,0.079849778,0.396634623,0.191053645,0.513595046,0.772271124,0.938519781,0.934005207,0.028733703,0.727491714,0.714018721,0.138132982,355.8623906,353.9845036,50.00406063,156.4287295,148.748675,29.12350596,224.2382992,212.2295896,316.969642,316.722973,104.1685554,514.674831,53.58696769,12.71537935,3.150793161,13.58080283,1.29664827,1.509316247,1.384870619,-2.06278469,1.502335083,-2.281162415,0.105839722,0.604883185,0.161787827,-0.376681582,0.342669542,-0.367671086,0.005983274,0.206404774,-0.000908269,-0.107803121,0.140751007,-0.119110809,-0.026862545,0.094870827,-0.019062642
fly,fly_09,1,412,441,0.130588296,0.14225278,0.14659438,0.104780419,0.122651519,0.096773238,0.070704543,0.049418925,0.026969742,0.04843738,0.060828779,0.470799556,0.227431938,0.256359369,1.836482738,0.920101118,0.918240418,0.038133954,0.68004451,0.66602906,0.148808811,277.1980329,270.3984477,46.56024123,166.4923956,162.8315786,26.50813443,223.3746944,212.6574777,164.0348731,184.755068,92.8722757,422.297297,62.98468226,11.55078987,2.215812659,11.6525232,3.237201692,1.299189335,3.364258949,-0.614454198,0.94249311,-0.575434969,-0.368446387,0.584855333,-0.378142546,-0.003955388,0.218543929,-0.011282709,-0.034670218,0.147753574,-0.028538572,-0.048796973,0.102247886,-0.05389042,-0.01696165,0.058638558,-0.012437691
fly,fly_09,1,500,529,0.132856281,0.151581386,0.161072249,0.115992014,0.133751239,0.100738033,0.067943871,0.042755156,0.021227404,0.034708213,0.037374155,0.511553534,0.249743253,0.204008799,2.507507207,0.896960339,0.887912611,0.049750709,0.572371872,0.549935915,0.211313802,256.0586058,241.4193205,56.18591285,147.8328645,141.4600999,32.82246405,224.7751444,210.6414655,175.7516498,184.755068,84.31470537,527.871622,46.28874267,14.67011295,3.859190847,15.17240988,4.185500873,1.99913638,4.391869267,-0.919535916,0.898953182,-0.997282448,-0.528877757,0.636530136,-0.516765549,0.082202046,0.341348644,0.085624674,-0.075711905,0.179672607,-0.057070139,-0.09231511,0.140917658,-0.074783359,0.023671317,0.093602131,0.012226125
fly,fly_09,1,707,736,0.074720218,0.099389413,0.125052138,0.105190171,0.142514055,0.129202669,0.103423818,0.07386134,0.038253138,0.056987028,0.051406013,0.501959033,0.247704226,0.323931336,1.549584672,0.936137048,0.934043276,0.04097201,0.717134831,0.713162499,0.187515718,322.8789087,315.5691396,64.65682903,162.2188462,157.2700061,31.17904535,226.1330368,214.6762831,277.1326014,263.935811,124.2396876,712.626689,56.98614092,11.62016343,4.046441665,12.81977812,2.39463706,1.948702534,2.499677128,-1.495401278,1.110418554,-1.718774886,-0.196726556,0.540176168,-0.170804688,-0.020375331,0.262736188,-0.041988617,-0.123933228,0.198601561,-0.105220296,-0.019159134,0.108359612,-0.014719783,-0.033025533,0.07692275,-0.02091838
fly,fly_09,4,70,99,0.055023541,0.073764799,0.094897227,0.082768501,0.119076184,0.119656013,0.110921891,0.095676897,0.059732333,0.10925087,0.079231746,0.416397925,0.201844685,0.454813736,0.915535069,0.937935751,0.941318609,0.043132788,0.728221923,0.736667707,0.191652042,365.5044298,372.2973238,70.54920319,163.4780259,157.383155,35.98062107,235.3913025,215.3173577,308.8295656,303.526182,154.6372046,739.02027,69.58307737,10.2949655,3.907020942,11.01635076,1.204487862,2.241428625,0.944738931,-1.695882974,1.648766099,-1.511025904,-0.039632271,0.601214999,-0.06105928,-0.297615775,0.430074746,-0.248334591,0.004251059,0.248596358,0.017942467,-0.100689511,0.142230586,-0.076110195,-0.007906712,0.095099314,0.000952991
fly,fly_09,4,102,131,0.052574432,0.074523711,0.099547598,0.088492396,0.128182842,0.127837723,0.115297404,0.094573393,0.055484831,0.09201448,0.071471189,0.444060559,0.216675238,0.428841297,1.035489265,0.945557768,0.945337729,0.039087531,0.75724666,0.753737366,0.180707066,365.7870388,364.8587871,68.54984675,164.6715588,157.0205553,32.89701566,219.8780554,214.0263234,329.3030911,303.526182,156.184043,739.02027,81.48018402,8.806486052,3.35192809,9.821094386,1.350205696,1.976047794,1.054327464,-1.681194021,1.314908612,-1.518311924,0.004677048,0.592333025,-0.026558494,-0.206171741,0.295482918,-0.222368033,-0.07869706,0.180818299,-0.05126801,-0.059803958,0.097894171,-0.059669609,-0.040759313,0.075745431,-0.034215099
fly,fly_09,4,152,181,0.112333126,0.139614405,0.159873517,0.121436944,0.145789943,0.112895199,0.076002541,0.045771345,0.021095987,0.031345086,0.033841907,0.539995603,0.267226888,0.208056866,2.595423141,0.89467811,0.887219056,0.041156622,0.554146708,0.544782325,0.179767062,257.69165,251.47195,50.07788445,141.3539935,139.9342394,25.87580297,220.9249951,194.0401219,202.5152343,211.148649,76.72895543,541.068412,42.48966657,11.06093569,2.564130778,11.4151201,4.220081734,1.726236553,4.294821511,-1.303991623,1.047484736,-1.299856705,-0.535628469,0.527393171,-0.49718791,0.063019595,0.263053502,0.039336814,-0.116912463,0.217705776,-0.111239348,-0.076619437,0.115167628,-0.060619422,-0.007361964,0.082599439,-0.001404296
fly,fly_09,4,180,209,0.081073712,0.112065221,0.142750668,0.118880179,0.156352873,0.133968688,0.098687516,0.062990676,0.028824167,0.036029411,0.028376888,0.551952408,0.275233052,0.254908658,2.165294863,0.903088706,0.894183576,0.038664069,0.561349734,0.523473178,0.186523427,279.2644985,270.3178673,45.348688,138.4292446,134.0535335,27.37953574,222.4222723,194.9521467,237.1722263,237.54223,68.21416514,395.903716,42.4896665,13.02585538,1.987360003,13.0549425,3.962750396,1.821499356,4.22956943,-1.971758982,1.192000422,-2.044283591,-0.260753149,0.555984713,-0.267287051,0.040615258,0.297445331,0.059163897,-0.219797641,0.2579804,-0.247106318,0.008309632,0.141318082,-0.002536898,-0.057071115,0.093065534,-0.05890106
fly,fly_09,4,243,272,0.019805022,0.03399982,0.05695069,0.062117659,0.110132426,0.13497766,0.144369473,0.13434425,0.08451841,0.14072382,0.07806077,0.364178434,0.172250085,0.582016724,0.625718161,0.926199072,0.914762912,0.030184609,0.666651024,0.619517148,0.142361827,392.0929599,390.5617709,36.73737976,138.1090265,131.6321822,27.7179565,232.0047431,210.2555677,375.8001942,382.706926,68.05188872,382.706925,38.6905904,13.17562689,1.863312423,13.27520754,0.158155197,1.432709607,0.253985766,-3.104891706,1.389440465,-3.649086359,0.308457178,0.507427043,0.395631835,-0.574339311,0.372678605,-0.633912572,0.038894532,0.219392869,0.071003032,-0.162179781,0.16221585,-0.158121272,-0.014064749,0.10628325,0.007286071
fly,fly_09,4,300,329,0.098138158,0.130609845,0.157333554,0.123714636,0.153213958,0.122973089,0.085743894,0.052724983,0.023773016,0.02965686,0.022118008,0.557235238,0.276928594,0.21401676,2.603699063,0.90160783,0.905061057,0.040398672,0.553174724,0.566768662,0.191660239,278.3372738,274.3595594,53.45374006,137.6632181,139.638591,24.77961643,200.0595595,184.9055096,249.7523444,250.73902,79.06315384,422.297297,45.28898573,12.40942017,3.007485742,12.35454982,4.000870735,2.171952367,3.978373516,-2.003690316,0.988471992,-2.077014031,-0.180865135,0.681851327,-0.273735836,0.1186134,0.269752011,0.146233763,-0.200559275,0.267862175,-0.242384473,0.01164617,0.162244431,0.0108649,-0.03799483,0.106833751,-0.037463858
fly,fly_09,4,330,359,0.11222402,0.130266971,0.144963484,0.111124338,0.138530623,0.114924058,0.084487183,0.055680436,0.027182648,0.039919764,0.040696475,0.509542503,0.249654961,0.247966505,2.054884398,0.91041293,0.905260829,0.040036637,0.618511422,0.614030804,0.184604164,274.3057982,267.330014,46.22719173,154.5136476,151.2631538,31.27131174,216.455267,203.8199943,186.8517539,197.951858,84.41203504,290.329392,48.78813473,13.0791185,2.628647756,13.8221733,3.634943846,1.632976248,3.669128206,-1.232162012,1.268038093,-1.048633088,-0.303157296,0.587200011,-0.315565382,0.028260559,0.257054565,0.053014591,-0.133188176,0.206800173,-0.12562866,-0.033111083,0.115540006,-0.041999713,-0.022733308,0.084644647,-0.018393085
fly,fly_09,4,390,419,0.051186802,0.077771892,0.110858164,0.102834695,0.151965922,0.149613404,0.127079058,0.093037218,0.047102277,0.059589517,0.028961051,0.515272185,0.254800617,0.355769121,1.448333078,0.91424005,0.909559885,0.028794934,0.599303938,0.595303369,0.154602428,324.4097705,325.5567107,45.20902384,135.9847376,133.2831089,21.70286832,203.2469098,189.6334609,302.416172,303.526182,68.91361418,461.887669,33.89175755,13.81749246,3.795328693,12.77360774,2.64693931,1.850027367,2.539912632,-2.863581169,1.152315859,-2.964942629,0.118484708,0.603009224,0.099257097,-0.254728696,0.349090799,-0.249266494,-0.144287303,0.236069146,-0.141755888,-0.033363454,0.15333317,-0.028627196,-0.079758884,0.097007653,-0.071749093
fly,fly_09,5,35,64,0.084629712,0.119372236,0.152337901,0.125438334,0.16127408,0.132945703,0.092862285,0.05543975,0.023782125,0.028459249,0.023458625,0.571996018,0.286712414,0.224002034,2.553530467,0.909914054,0.897763425,0.050874472,0.601547743,0.595716513,0.241759406,278.7824684,264.5306872,60.02548669,152.6374626,154.7646207,37.3446434,224.6187415,215.5174546,199.92521,197.951858,114.1508063,739.02027,53.18706493,11.79050657,4.847837945,11.48188788,3.838442073,2.212313003,3.815383837,-1.380504417,1.539476322,-0.856285014,-0.318811205,0.520212905,-0.263722519,-0.054001417,0.273648439,-0.039432617,-0.129233309,0.285005399,-0.04469822,-0.012256857,0.152309196,-0.022258181,-0.063675847,0.099382548,-0.031630787
fly,fly_09,5,65,94,0.127478007,0.153319349,0.169993899,0.125523197,0.146213429,0.108802666,0.06969225,0.039294964,0.016783223,0.022255075,0.020643941,0.550533191,0.271736626,0.168669453,3.263976865,0.889427721,0.872678959,0.053249986,0.539252421,0.517606119,0.23734609,248.3603655,236.1997166,57.44390736,146.831146,146.5913307,35.61131517,218.5148152,209.8247123,153.4281068,171.558277,94.92028384,633.445946,55.48650576,12.65461657,4.812085934,12.18700758,4.556108297,2.260487106,4.48723677,-0.936275194,1.390628952,-0.55098604,-0.398207034,0.571557274,-0.319753362,0.009904104,0.34575541,0.022433728,-0.076947745,0.271239975,-0.024853941,-0.045125427,0.157754833,-0.046417632,-0.013878352,0.121021929,0.007861251
fly,fly_09,5,90,119,0.132888023,0.155089971,0.168648299,0.123585071,0.144000812,0.107989394,0.070112201,0.040066124,0.017135931,0.02183469,0.018649483,0.544223576,0.267585883,0.16779843,3.243317454,0.873741675,0.858628035,0.046316649,0.445929059,0.376402559,0.207590529,243.9409566,237.4982354,43.61565917,127.3117688,116.7509029,31.11416921,224.4418515,194.3517168,182.4117123,197.951858,77.41836897,316.722973,40.29020146,16.50771591,2.969057984,17.28701047,5.357430762,2.064037639,5.887418399,-1.668147055,1.419335973,-1.773786017,-0.368248535,0.598982693,-0.314634084,0.105524474,0.354493128,0.09976935,-0.181936331,0.297226358,-0.160235007,-0.022650812,0.173796749,-0.02969239,-0.017793347,0.133805681,0.000497016
fly,fly_09,5,120,149,0.069887806,0.090289607,0.110821198,0.092517829,0.127624547,0.122961497,0.109778878,0.090789852,0.053826336,0.086874845,0.044627605,0.45392507,0.220142376,0.385897516,1.17628399,0.905763496,0.901397627,0.038620553,0.564873061,0.540966529,0.181739876,338.3003126,346.7047829,77.08684431,134.6960387,128.2622385,28.01596835,220.7378499,194.4248265,309.3229035,329.919764,117.8847806,501.478041,43.8893261,17.01078461,2.946576909,17.04741599,2.082944708,2.894462156,1.912898166,-2.689891819,1.730243523,-3.19400457,0.282938873,0.738502335,0.418367102,-0.509513702,0.547705343,-0.650187368,0.073764965,0.270130609,0.075074546,-0.1702005,0.195761342,-0.168966788,0.020334464,0.115098389,0.017692447
fly,fly_09,5,1035,1064,0.107075761,0.121387222,0.132984876,0.102061732,0.130225132,0.114503191,0.092540198,0.068944241,0.037534187,0.057130213,0.035613246,0.479774932,0.232286864,0.291762086,1.644404657,0.90856406,0.898644268,0.050743645,0.577601336,0.567166454,0.24604266,308.1725269,294.9678164,79.39422264,144.6355009,134.8884176,39.27703489,244.9737228,217.5508222,245.9289751,250.73902,146.5357258,739.02027,66.4838312,14.91746959,5.11104973,16.84451655,3.203406689,2.903979908,3.181911316,-2.013500281,1.739610989,-2.148451282,0.143804664,0.695856356,0.126851877,-0.185703805,0.504643281,-0.133657203,-0.08868617,0.301735126,-0.055957657,-0.048952673,0.203180666,-0.023748736,-0.003350434,0.130593113,0.001342611
fly,fly_09,5,1065,1094,0.114115357,0.135404232,0.148820145,0.109899875,0.129802233,0.100946321,0.071300399,0.04827236,0.026297158,0.050054396,0.065087526,0.489468573,0.239702107,0.261011838,1.875273463,0.919725618,0.917123248,0.036022585,0.679620129,0.684287291,0.143781654,273.7499057,267.2243813,42.79907246,167.1040626,165.2411531,22.86801758,215.4219183,206.6753263,179.821688,184.755068,71.4546386,409.100507,45.8888399,9.568775541,2.28375867,9.678710031,3.304592396,1.277168919,3.349124156,-0.536294132,0.74551071,-0.463545104,-0.557528684,0.516430307,-0.604043616,-0.037797564,0.271336472,-0.056648159,0.013118697,0.153739347,0.012886954,-0.097105522,0.103266145,-0.087860536,-0.009172866,0.072088054,-0.000718873
fly,fly_09,5,1090,1119,0.111265315,0.13426264,0.151440606,0.114873852,0.139210122,0.110457067,0.07774593,0.050346925,0.025321815,0.041577384,0.043498345,0.515981647,0.254083975,0.238490398,2.163532162,0.913747453,0.922850197,0.050279669,0.649684827,0.683699535,0.208232942,275.0941805,264.5277663,53.44419072,162.6728981,163.4498977,31.30179111,230.0043489,204.9466463,185.2484056,184.755068,72.78700145,316.722973,46.78862105,11.6523841,4.498983278,10.57234918,3.562995972,1.898182825,3.377254548,-0.708842832,0.909121714,-0.596056971,-0.487859317,0.518319608,-0.421185043,-0.072236751,0.339825655,-0.084306065,0.004915081,0.182578264,0.031232994,-0.097940131,0.105106564,-0.081080205,0.004788672,0.089073109,0.00205554
fly,fly_09,5,1120,1149,0.15535093,0.170182733,0.172068152,0.117769701,0.128118248,0.08950167,0.05591396,0.033275507,0.016397833,0.028495017,0.03292625,0.507457771,0.245887949,0.167008567,3.038513418,0.884221013,0.880403057,0.052739899,0.534391868,0.526218845,0.2095026,244.0993708,238.9815147,47.84452818,144.0194711,143.3995096,32.57596331,232.917575,197.8010061,153.3047723,171.558277,69.65467498,277.132602,42.58964226,12.34391552,3.700566965,12.59684645,4.611396657,1.952085906,4.417236045,-0.702608729,0.808219253,-0.778306694,-0.643929151,0.60150942,-0.585316305,0.061122687,0.299968673,0.028987772,0.011273445,0.196525506,0.024513332,-0.135774914,0.143392789,-0.106491085,0.024866243,0.085460133,0.023031419
fly,fly_09,6,60,89,0.078787053,0.103100265,0.125435527,0.102052874,0.134821307,0.121532787,0.100268454,0.076584233,0.042811692,0.06742548,0.047180329,0.483842495,0.236874181,0.334270188,1.447459308,0.92224944,0.923129211,0.038959936,0.663627429,0.679947913,0.173575459,310.5373797,317.7763905,61.26467979,155.4226135,152.6656695,30.36771553,223.7217094,209.4098481,243.3389509,211.148649,114.4516779,461.887669,44.38920458,11.24427626,3.180528882,11.48018872,2.642838677,1.934234567,2.496269627,-1.556444696,1.502904467,-1.225539548,-0.095900728,0.70777035,-0.138355904,-0.235160314,0.358879725,-0.203514932,-0.002571286,0.200114281,0.008628708,-0.097044991,0.128551696,-0.092858136,-0.031175911,0.094028094,-0.009479932
fly,fly_09,6,90,119,0.102497956,0.127591829,0.14681093,0.112809143,0.138947997,0.113717301,0.084088045,0.05776264,0.030065819,0.046570201,0.03913814,0.512285371,0.251757139,0.257624845,1.988493663,0.914783359,0.909371339,0.041683071,0.628153065,0.626463905,0.184334261,284.8489978,279.000189,52.95150825,152.3402113,146.9675297,28.79189463,221.1406489,203.4413567,214.2320109,211.148649,95.23611302,409.100507,55.58648139,11.95912955,3.346950389,12.32258892,3.448904767,1.765259236,3.613902625,-1.3717104,1.18857936,-1.246523659,-0.188513256,0.673459631,-0.18544455,-0.077063336,0.329583254,-0.052399098,-0.072234121,0.230746986,-0.047999809,-0.043529516,0.13318052,-0.041733262,-0.036462569,0.104304367,-0.035117688
fly,fly_09,6,120,149,0.089284143,0.104421449,0.118371098,0.09382059,0.124145226,0.114435682,0.097448453,0.076683799,0.043862265,0.072544536,0.064982758,0.450772596,0.217965816,0.355521812,1.267918254,0.931877938,0.933549346,0.035701099,0.714742478,0.717833899,0.150298754,314.4829087,326.0183555,57.30881602,161.8687576,160.3060392,25.7585058,232.4009576,208.4646397,237.5422297,250.73902,106.3059906,448.690879,45.88883989,9.046820225,2.186177379,9.408511799,2.402427918,1.608673622,2.139296261,-1.366721816,1.201973384,-1.264562567,-0.208988624,0.563160824,-0.261405924,-0.100581225,0.28519704,-0.089784827,-0.074603109,0.166193921,-0.072085206,-0.056138106,0.098028847,-0.053778703,-0.025954621,0.072980925,-0.028930213
fly,fly_09,6,270,299,0.056091224,0.07394581,0.09451584,0.082808255,0.120647696,0.123262229,0.115210145,0.098296961,0.059593488,0.101961969,0.073666382,0.421234019,0.203455951,0.448728946,0.938727093,0.927979982,0.924994075,0.03093443,0.692958872,0.682124593,0.127829328,356.1865614,354.5258639,66.70254119,147.7092517,146.0762281,22.36938378,230.8802219,197.7656007,330.5364359,316.722973,110.7324603,554.265203,40.09025008,11.07806611,2.099434334,11.28950167,1.282582803,2.043154354,1.48126828,-2.165053006,1.318952409,-2.416727004,-0.030673368,0.567759663,-0.059921121,-0.289131496,0.367410992,-0.310882502,-0.045344975,0.239541243,-0.055781597,-0.09441363,0.126616099,-0.093002765,-0.019944668,0.095511694,-0.011116645
fly,fly_09,6,309,338,0.08736295,0.106120121,0.124902351,0.101785722,0.137206758,0.127064411,0.106030303,0.079138864,0.041753609,0.057112499,0.031522411,0.490959243,0.238992481,0.315557686,1.555846254,0.888601145,0.893552435,0.04430223,0.522276981,0.487315982,0.165561217,281.7544778,294.0423419,65.77291737,132.0285062,126.1052078,25.73826862,217.6031104,200.982598,227.552136,237.54223,108.3346034,475.08446,44.58915598,12.60096573,2.244360423,12.86333333,3.717378666,2.01690515,3.630045781,-1.951475565,1.797953256,-1.832287978,-0.148978684,0.744467328,-0.098816026,-0.237299682,0.436464943,-0.196657604,-0.027878689,0.217241703,0.000347351,-0.104137457,0.141115252,-0.097244223,-0.029617645,0.093629245,-0.019740049
fly,fly_09,6,330,359,0.083968365,0.114030693,0.142460938,0.116913477,0.152426185,0.130693127,0.09781467,0.064502392,0.030683961,0.03937939,0.027126803,0.542493726,0.269339661,0.259507215,2.090476466,0.897685862,0.894829894,0.038180869,0.532810829,0.495041399,0.18252625,281.6779726,276.3669128,48.91576676,133.7955673,126.1052078,28.58915032,214.5949837,198.1816205,237.5422298,211.148649,86.9814716,356.313345,40.79007989,14.22368238,1.456533149,14.39231508,3.968971529,1.970313653,3.630045781,-2.208400159,1.352436433,-2.154139119,-0.183826306,0.690381695,-0.154546292,-0.005184427,0.460055246,0.096939516,-0.163724512,0.257780404,-0.158138088,-0.047013314,0.147673176,-0.032658499,-0.024910348,0.10340306,-0.021865408
fly,fly_09,6,395,424,0.063724958,0.088870548,0.114227682,0.097227972,0.134537165,0.12793602,0.110865852,0.087838045,0.049906921,0.077480671,0.047384168,0.473928838,0.231765137,0.373475657,1.268968483,0.92423856,0.91960417,0.039029022,0.651977587,0.638078964,0.188545773,324.8243868,324.4973264,62.54728159,149.3874924,142.9447506,29.92884933,222.2787568,207.9792895,273.1858977,263.935811,95.21326357,475.08446,45.88883986,14.13654497,4.059826302,14.52029942,2.459397942,2.126635406,2.402075689,-2.042299623,1.490503473,-1.842778125,0.06849511,0.6792986,0.140367241,-0.273610224,0.412976334,-0.306087016,-0.071383368,0.206026435,-0.085610972,-0.06398361,0.132979992,-0.068562842,-0.039906581,0.114999247,-0.03793153
fly,fly_09,6,450,479,0.088054985,0.117118098,0.14314463,0.115399838,0.148407024,0.126406524,0.095406672,0.064692434,0.032028385,0.04308592,0.02625549,0.533358015,0.263806862,0.261468901,2.039852589,0.897730073,0.890982337,0.045963381,0.537266224,0.504654478,0.218019566,270.3760605,263.7140442,55.58375477,141.6645106,133.7048991,33.84898113,239.277306,202.1836721,205.3519276,211.148649,89.69343697,422.297297,48.28825634,14.09786155,4.454550878,13.99731332,4.257750167,2.209914992,4.4532329,-1.70216893,1.588554313,-1.705335509,-0.027079679,0.713154073,-0.100140221,-0.061962559,0.387781609,-0.056031565,-0.154068552,0.246247686,-0.129491028,0.005476425,0.13393909,0.00535793,-0.039995555,0.121308173,-0.025615435
fly,fly_09,6,540,569,0.069992673,0.090090941,0.111029775,0.093323927,0.129338113,0.12415937,0.108946496,0.087630203,0.05074507,0.082492645,0.052250788,0.457851184,0.222662039,0.382065202,1.198358766,0.917147413,0.916527548,0.034148071,0.614415469,0.614503502,0.170929102,313.4739947,306.2842395,67.08892969,146.2872109,140.4185467,28.47921571,215.3158113,203.0098159,276.8859324,263.935811,117.772062,567.461993,54.98662724,16.18404663,2.851647957,16.58659676,2.63064735,2.313808369,2.990541985,-2.0846145,1.556211327,-2.129652796,0.190198036,0.755387381,0.266922943,-0.300022222,0.441028711,-0.278926083,-0.007208193,0.269498142,0.013407604,-0.083196525,0.166836532,-0.079185933,-0.028528471,0.130417684,-0.013166975
fly,fly_09,6,665,694,0.088881975,0.111304168,0.132504361,0.107121994,0.140977397,0.125360924,0.09982053,0.071488691,0.036951432,0.052043477,0.03354505,0.505964677,0.248099391,0.293849181,1.721851581,0.904246218,0.89894264,0.039000751,0.561605656,0.538551556,0.185650277,285.6586156,288.4427384,53.54072507,140.6850201,136.34614,27.55309856,220.5705833,192.7440155,244.4489612,250.73902,95.85355758,435.494088,52.98711358,16.37080056,3.272339323,16.84927487,3.760630928,2.031804318,3.831263672,-1.983894744,1.426796829,-2.120609543,0.003098318,0.744004154,0.022699819,-0.098699594,0.416875759,-0.075208855,-0.080115701,0.268616592,-0.052729874,-0.038650941,0.170637524,-0.040148665,-0.029137533,0.136132474,-0.023735428
fly,fly_09,6,690,719,0.049198107,0.071705394,0.099559739,0.091963468,0.138327745,0.142531071,0.129970572,0.104252569,0.057784234,0.080709156,0.033997945,0.472382024,0.230291213,0.406714476,1.161458595,0.919897247,0.910417964,0.04045855,0.622473887,0.590678173,0.204694111,330.3961358,326.7681271,70.5794679,145.4081247,136.5216937,31.83432333,233.3239534,207.0611451,301.0594926,290.329392,148.0022838,739.02027,49.68791584,13.31588163,5.058225705,13.95659303,2.441830907,2.318977454,2.694141083,-2.344461123,1.589036907,-2.471681725,0.125848432,0.823004959,0.018375093,-0.274547616,0.485331948,-0.146591609,-0.016941577,0.274950048,-0.040093835,-0.119561841,0.186186711,-0.089842106,-0.008047005,0.110730682,-0.011313332
fly,fly_09,6,1132,1161,0.089971648,0.108056351,0.125064609,0.099867524,0.131220166,0.117895596,0.096362885,0.072358637,0.039906038,0.064339146,0.054957401,0.474047895,0.231087691,0.327924106,1.445602463,0.933210213,0.933303215,0.039285064,0.71054505,0.711655397,0.171120752,315.0944442,312.1710671,57.9233129,161.382014,156.9553582,28.55486102,220.4570036,208.7691484,249.3823409,250.73902,127.0501866,739.02027,71.88251823,9.743794309,3.514117668,9.551106812,2.515885795,1.718134076,2.484609356,-1.440093534,1.168133275,-1.460829356,-0.142433716,0.559785767,-0.190903657,-0.106846969,0.258499521,-0.093848856,-0.101573423,0.182725382,-0.084864703,-0.037411019,0.11597467,-0.036997502,-0.040363855,0.083235445,-0.030311755
fly,fly_09,6,1810,1839,0.100403292,0.121460707,0.139517118,0.109000959,0.137829786,0.116342217,0.087890403,0.060689387,0.031448437,0.049559896,0.045857799,0.502690079,0.246830745,0.275445921,1.825004621,0.914935595,0.90385622,0.052078152,0.639351598,0.583860589,0.21799702,286.0076761,272.1986035,70.49098732,153.4304089,148.3342318,32.22834125,225.8115639,212.5072976,228.6621464,224.345439,121.966828,739.02027,62.28485236,13.32068677,4.674441708,14.01676588,3.386654358,2.142659353,3.914657579,-1.133622978,0.933860815,-1.190409941,-0.429101733,0.626910204,-0.399427688,0.06655868,0.242150045,0.052889558,-0.054351873,0.187838502,-0.042296428,-0.088838303,0.128956981,-0.077564502,0.010028155,0.083534587,0.005971843
fly,fly_09,6,1840,1869,0.015968668,0.023747911,0.03677395,0.039792193,0.073940902,0.100366348,0.123724086,0.1365049,0.101311025,0.214922612,0.132947406,0.250873393,0.113733095,0.709410029,0.353636659,0.91902686,0.909909902,0.034038928,0.629061987,0.594367302,0.169859861,424.4363057,427.2399875,70.0872756,138.2454106,131.1772375,30.06411606,226.0096739,207.8941918,416.1305727,435.494088,120.2012525,739.02027,51.48747832,15.13403565,4.371435241,16.41952789,-0.859329395,2.64771789,-1.14541127,-2.70467151,1.67482709,-3.007009006,0.479404705,0.728821449,0.506405096,-0.53856541,0.453130073,-0.563276748,0.198056847,0.318644376,0.219714984,-0.19957713,0.19091354,-0.197386342,0.083974923,0.159861165,0.093321332
fly,fly_09,6,1900,1929,0.079843437,0.109097399,0.138587669,0.115828923,0.153677392,0.133818573,0.101035048,0.066837882,0.031879826,0.041622909,0.027770942,0.541912557,0.269506315,0.269146606,2.013447483,0.908087256,0.901894462,0.039916595,0.589819354,0.567560231,0.193112242,282.9500271,278.0751572,47.38533288,146.9984694,144.9585014,29.36560352,215.7649582,199.6665953,220.52207,224.345439,78.39297996,356.313345,44.48918026,12.74161251,3.788489786,12.52991017,3.692631122,1.834175251,3.693175408,-1.731977128,1.501452675,-1.46855762,-0.233023419,0.625091835,-0.190364217,-0.136896029,0.364539873,-0.088025906,-0.06519319,0.235231246,-0.043166048,-0.079642182,0.164142516,-0.077325789,-0.03160528,0.090921457,-0.015680648
fly,fly_09,6,1960,1989,0.123975256,0.141941254,0.152983541,0.112446336,0.133094572,0.103701105,0.072467768,0.047222354,0.024166552,0.041194158,0.046807102,0.502225555,0.245540909,0.231857934,2.166091734,0.915999429,0.917214833,0.059037662,0.660776758,0.686777485,0.241764415,284.5581052,269.9657312,80.93943802,164.6377604,162.1618378,38.17657933,234.9355463,220.4800676,174.2716358,184.755068,155.6139661,739.02027,71.78254255,10.74535429,4.70994543,10.70769321,3.300411697,2.407912589,3.251138249,-0.622555584,0.856946786,-0.455262875,-0.47970347,0.566612133,-0.377568583,0.054472656,0.292422954,0.028917303,-0.038442736,0.136264044,-0.02066792,-0.093860969,0.122193081,-0.055042161,0.020872524,0.080646763,0.010040886
fly,fly_09,6,1990,2019,0.119344826,0.139932958,0.153737926,0.114536694,0.137318512,0.108745165,0.077250211,0.050620552,0.025337011,0.03875178,0.034424365,0.514338297,0.251855206,0.226383919,2.271973639,0.893824403,0.889444606,0.044753816,0.558079371,0.566408221,0.190761275,253.357917,246.1311522,41.36955924,147.8609573,149.7115961,28.56963215,215.9003566,192.4871449,166.1315594,184.755068,74.84725361,316.722973,46.68864541,12.52376491,3.871799785,12.62474939,4.335679219,1.70166866,4.253853315,-0.963364672,1.15283329,-0.748852799,-0.428179212,0.678682858,-0.421082634,-0.005905882,0.324764647,-0.000446584,-0.020501122,0.211319366,0.017279337,-0.083933934,0.146752773,-0.075713985,0.000158901,0.087765479,0.008380559
fly,fly_09,6,2650,2679,0.115558436,0.133424172,0.146087446,0.109984136,0.135286092,0.112255448,0.084662729,0.058673629,0.030068268,0.043253334,0.03074631,0.503613122,0.245270228,0.24740427,2.035587836,0.880588177,0.871090683,0.042319796,0.490140926,0.439693607,0.167920202,253.4299304,236.1646855,59.97480378,131.5056199,126.9093331,23.63729622,208.3075315,186.3411555,199.185203,197.951858,96.68612775,395.903716,50.2877701,13.33514513,2.279613768,13.21719976,4.480970436,2.062347514,5.099021816,-1.558942294,1.427715003,-1.562046364,-0.270105333,0.718148557,-0.328040831,-0.015955832,0.391036611,0.019651587,-0.059637717,0.274319399,-0.045084222,-0.052129533,0.148234594,-0.044246695,-0.026105617,0.099932269,-0.01254171
fly,fly_09,6,2680,2709,0.139591671,0.147281862,0.147716559,0.103805362,0.120172119,0.094014565,0.068278387,0.047557683,0.025995541,0.047329054,0.058257197,0.465708606,0.223977481,0.247417862,1.882275608,0.922813603,0.923233647,0.046962057,0.694829589,0.687716207,0.184761255,280.3600039,273.5080173,60.84157066,171.3682293,168.9233621,29.22047722,232.3925533,219.0507947,160.7048419,184.755068,87.69525957,343.116554,59.28558183,10.44032979,3.329089633,9.992515311,3.11363574,1.692362421,3.273785736,-0.447691994,0.841949496,-0.341335832,-0.409082908,0.511514109,-0.430659364,-0.014649944,0.265297632,-0.034403111,-0.015382064,0.163948644,0.005400981,-0.055774808,0.089750542,-0.037931061,-0.008706559,0.057928478,0.002743929
fly,fly_09,6,2800,2829,0.083466632,0.107669286,0.129988495,0.105063373,0.137032479,0.1202675,0.095355274,0.069767366,0.038024698,0.061376321,0.051988576,0.492351847,0.242095852,0.316512234,1.555553922,0.9285419,0.928612557,0.042254837,0.692719746,0.690372301,0.185369252,310.2975307,306.6387322,59.02766173,161.797785,162.523114,30.72607307,221.0282357,207.5138157,234.4588674,237.54223,105.8968692,475.08446,56.48626254,10.89444024,3.017868628,11.16699492,2.66450491,1.916731417,2.744516078,-1.340535575,1.238680797,-1.176533833,-0.221227788,0.657726242,-0.211158252,-0.093560428,0.372828712,-0.089364217,-0.071109995,0.195864856,-0.066498778,-0.064435371,0.119117549,-0.052438373,-0.018848789,0.084351537,-0.014314658
fly,fly_09,6,2830,2859,0.09424405,0.10792455,0.121010358,0.095989368,0.128158922,0.119811727,0.103070067,0.080767785,0.045030886,0.066854692,0.037137596,0.464970374,0.22414829,0.332861025,1.396890411,0.906950384,0.901971542,0.036735991,0.5759072,0.558041795,0.179570195,299.7908719,299.4212327,64.87171561,141.3663354,133.0122727,28.05313157,214.8378218,195.1718044,253.3290446,250.73902,114.4149404,461.887669,49.48796455,13.81735394,3.546407476,14.92385609,3.086753499,2.38889101,2.95088538,-2.17650067,1.540968037,-2.093949051,0.150250969,0.705426931,0.103488372,-0.195679217,0.497217584,-0.12862722,-0.05269036,0.27546447,-0.007373065,-0.06234587,0.169820926,-0.042430775,-0.018023262,0.110455246,-0.009985449
fly,fly_09,6,2860,2889,0.112054707,0.128885266,0.141099842,0.10647639,0.131436937,0.109641139,0.083483988,0.059130392,0.03151881,0.050523796,0.045748734,0.488654308,0.237913327,0.270405719,1.807115284,0.911990139,0.9073773,0.048773026,0.631087414,0.59465544,0.203153302,286.4587988,286.9971854,60.07277892,154.3845479,151.1108829,31.19036882,222.8875863,206.7405999,218.0553802,211.148649,100.5083665,475.08446,52.98711355,11.96410628,3.557291984,12.71519818,3.359776572,2.017722008,3.298100798,-1.240180804,1.28458085,-1.108932682,-0.331878586,0.652118292,-0.294500805,-0.064932272,0.347906869,-0.100611306,-0.065009964,0.187762005,-0.05617393,-0.076474402,0.136259217,-0.077130556,-0.013918754,0.095103695,-0.012886133
fly,fly_09,6,2890,2919,0.116848243,0.137917758,0.15242089,0.114075263,0.137346645,0.10926825,0.077951253,0.051318267,0.025865699,0.04041462,0.036573112,0.513111048,0.251421908,0.232122951,2.210514063,0.919095272,0.920380479,0.050622577,0.660324067,0.685572777,0.220409107,286.0779177,283.2885501,59.0740242,164.0403021,165.0842965,34.09075086,230.0387092,211.6090954,185.865078,184.755068,82.95101747,395.903716,49.58794026,11.50900154,4.768760033,11.0598287,3.327614966,2.007092049,3.078847859,-0.92652213,1.276429218,-0.601992332,-0.304575147,0.639744503,-0.308888355,-0.119647467,0.319808492,-0.115568126,-0.005856015,0.210630686,0.021828561,-0.090372518,0.13662141,-0.084666105,-0.014179955,0.094963402,-0.010872259
fly,fly_09,6,2920,2949,0.148876394,0.164552714,0.168246084,0.116623297,0.129068428,0.092634139,0.059865188,0.036706317,0.018195613,0.030556172,0.034675654,0.506571948,0.245691725,0.179998945,2.814305099,0.885628209,0.877078799,0.04402516,0.529407994,0.520534456,0.185671967,243.7185757,234.8687837,42.19334947,143.2717244,141.6931041,27.08252613,211.0313729,191.1969326,166.6248974,184.755068,68.86030467,277.132602,44.58915599,13.3262437,3.22029974,13.54822739,4.601679988,1.766506242,4.545159963,-0.914379777,1.0218257,-0.868160778,-0.557834596,0.60251797,-0.549465376,0.063155247,0.303316774,0.062894589,-0.057986817,0.254625832,-0.036137754,-0.073428745,0.153652118,-0.055864283,-0.008857094,0.085111838,-0.003597487
fly,fly_09,6,3680,3709,0.149618221,0.1550158,0.151011275,0.102542584,0.114067032,0.085386139,0.060555185,0.043048114,0.024961634,0.050247436,0.063546581,0.45300703,0.216609616,0.242358949,1.869157424,0.917240353,0.913330945,0.048675774,0.678986305,0.662686428,0.186820247,270.6397708,256.1990857,70.49655075,168.8282017,168.5946492,29.54113085,234.034563,218.8058726,147.8780547,171.558277,145.9692463,739.02027,68.78327195,9.699811962,3.604742253,9.853052996,3.203565848,1.803018311,3.568591259,-0.295804832,0.611063781,-0.322024254,-0.430421424,0.555113178,-0.353490115,-0.08821661,0.200198425,-0.057895754,0.052266611,0.14596708,0.041544062,-0.092143184,0.127715109,-0.068038364,-0.010618448,0.07354616,0.001012494
fly,fly_09,7,940,969,0.089081654,0.103552351,0.118007036,0.094762622,0.127644922,0.120130137,0.103973039,0.082301259,0.046593486,0.071532991,0.042420503,0.460544717,0.222407544,0.346821278,1.327902139,0.906115029,0.901014732,0.045351866,0.595704413,0.565056873,0.190470182,284.7718548,280.0402812,65.25991475,146.9221396,142.9704168,30.70064493,235.5450281,209.7076043,204.8585896,211.148649,124.1075155,739.02027,68.28339352,11.92735387,3.571341852,12.39341119,3.407649676,2.066598228,3.574184504,-1.490140353,1.474827166,-1.131700264,-0.097113842,0.74413877,-0.162309917,-0.087767283,0.411775665,-0.035065169,-0.04383775,0.254134381,-0.023176631,-0.056179447,0.149278341,-0.050010741,-0.011707295,0.087497478,-0.004122124
fly,fly_09,7,2230,2259,0.020295471,0.029145528,0.041302017,0.040333754,0.067197096,0.082207682,0.094987618,0.103718104,0.080415833,0.205576296,0.234820603,0.231040548,0.107530849,0.719518453,0.321104409,0.939080821,0.935963939,0.041520496,0.725460877,0.713672785,0.190896827,452.4596603,449.6785171,89.6961646,161.5291218,151.4900764,34.89036312,229.014921,217.0311803,466.5743796,475.084459,179.9890341,739.02027,68.88324762,10.09391044,4.478399318,11.06730635,-1.21581882,2.73121109,-1.036627308,-1.34996288,1.489507112,-0.949687235,0.121465252,0.783156124,0.129202374,-0.335702942,0.391407234,-0.26208839,0.072950946,0.209780441,0.021156855,-0.160226217,0.145632613,-0.127430286,0.031844954,0.104698706,0.014445263
fly,fly_09,7,2350,2379,0.111321136,0.132886794,0.149609475,0.114407471,0.141245855,0.115680769,0.084297569,0.055424609,0.026988595,0.037752144,0.030385583,0.52094357,0.255653326,0.2348485,2.218211187,0.894061506,0.888389069,0.046195951,0.538146419,0.505176529,0.205791763,264.4743169,256.4839811,52.90123053,139.8157133,135.1842408,31.71763787,223.1343984,199.2031629,194.8684958,197.951858,95.49864366,435.494088,50.78764849,13.17388943,3.731200887,13.99214563,4.287084395,2.064189335,4.616463651,-1.557934056,1.401911699,-1.371572046,-0.228233613,0.617408325,-0.259685867,0.019250106,0.327816667,0.008215833,-0.121529158,0.260956923,-0.069895559,-0.008837086,0.146707142,-0.007887515,-0.02538751,0.1052273,-0.017969609
fly,fly_09,7,2380,2409,0.075590164,0.099550105,0.124645423,0.105072733,0.143725453,0.132744598,0.108728112,0.079055224,0.040864121,0.056078786,0.033945282,0.506188207,0.248798186,0.318671523,1.588432508,0.922221242,0.922539518,0.048746408,0.642183592,0.639473836,0.234106745,310.636486,305.4139023,68.35615122,154.4686886,150.0377686,37.76100724,238.6093416,218.5429613,242.2289404,237.54223,137.6896513,739.02027,73.58210486,12.92398191,5.268148135,14.7310476,2.99826441,2.254778988,3.071759126,-1.726784102,1.607585077,-1.35784861,0.031359595,0.671529206,0.049875115,-0.175943622,0.39134292,-0.081588144,-0.05510688,0.215046771,-0.02350302,-0.042535598,0.156362532,-0.03316703,-0.040120039,0.107771529,-0.024328181
fly,fly_09,7,2410,2439,0.081941451,0.110860023,0.136396132,0.110017732,0.14154779,0.121628261,0.094663227,0.068680547,0.037425738,0.059043511,0.03779559,0.509589914,0.251565522,0.297608612,1.712282151,0.902844863,0.902329093,0.040376395,0.563718968,0.54087775,0.190796329,296.0777008,293.6816548,69.37393296,138.7955079,128.5522702,32.25741791,228.9892295,203.0093891,246.1756441,224.345439,115.0960636,567.461993,39.19046889,14.70301477,2.818909921,15.42839178,3.26491753,2.5089414,3.202390053,-2.032116891,1.626353018,-2.256080438,-0.088605755,0.614595663,-0.147670294,-0.221969761,0.493372542,-0.230133755,-0.081646161,0.282316602,-0.055393605,-0.067029978,0.154611282,-0.041001933,-0.021615391,0.100151357,-0.023936989
fly,fly_09,7,3230,3259,0.081634512,0.102304405,0.121209598,0.097783425,0.129902986,0.11958723,0.101954266,0.080737573,0.046325712,0.073278245,0.045282046,0.46848324,0.227686411,0.347577843,1.347851276,0.932626693,0.934068332,0.044182483,0.695850093,0.702208993,0.20411245,360.1699611,370.0985778,76.59724833,152.5081219,148.0453055,30.0175645,227.4484242,203.5513694,329.9197635,356.313345,109.9348962,488.28125,46.48869398,12.08620788,4.40780608,13.41930255,1.543390555,2.553107688,1.045679302,-2.058216291,1.286334999,-1.970785882,0.132466904,0.555696589,0.113271615,-0.199896935,0.388441524,-0.175162838,-0.056517511,0.223018096,-0.058023947,-0.052360703,0.142960569,-0.047372462,-0.031163801,0.092545091,-0.021021832
fly,fly_09,7,3290,3319,0.087882024,0.100562875,0.110314232,0.084743104,0.109735861,0.101682964,0.09156434,0.08055387,0.052559079,0.103633398,0.076768252,0.40647616,0.194478965,0.40507894,1.003449254,0.905423814,0.907443034,0.041367501,0.605477918,0.598580975,0.162810207,336.3901939,346.714532,104.6257352,145.8074813,141.604608,27.17506609,226.8001888,194.2443768,289.2193814,290.329392,169.4724819,607.052365,52.38725945,13.43832079,2.503673546,13.3151996,1.617884815,3.173330508,1.513140855,-1.562729687,1.817700729,-1.417570498,0.05726058,0.784674459,0.134017603,-0.380809024,0.42741687,-0.369383721,0.084758089,0.278876995,0.099102263,-0.127179169,0.18559916,-0.140345808,0.020471908,0.134288105,0.022593014
fly,fly_09,7,3320,3349,0.126027248,0.139165653,0.143098328,0.100623874,0.114798855,0.088205714,0.064703482,0.048333289,0.029495281,0.0627628,0.082785477,0.446726771,0.215422729,0.288080328,1.550702108,0.943732009,0.953487504,0.04435404,0.781564492,0.821521549,0.164540077,310.640278,300.8531349,66.94309161,184.3785908,181.8744873,25.21942777,239.5991892,221.2872859,171.1882736,184.755068,101.6841127,739.02027,70.98273708,9.488449621,3.036995277,9.352056159,2.335828471,1.558902212,2.339740248,-0.265946872,0.650797624,-0.298871494,-0.36845282,0.459362694,-0.33010105,-0.197095019,0.242187824,-0.169978261,0.033244255,0.143046751,0.01805947,-0.066255444,0.086333549,-0.067513409,-0.027628393,0.066016219,-0.0135685
fly,fly_09,7,3540,3569,0.139887513,0.152846125,0.156183561,0.109514383,0.124324985,0.093718262,0.065257386,0.044070833,0.023832473,0.042890621,0.047473858,0.483741191,0.233839368,0.223525171,2.164146386,0.913948694,0.915750549,0.054811329,0.655207135,0.680647999,0.22163939,273.9214336,263.9224333,59.84507472,164.1968002,166.4515647,33.57194511,220.0766714,211.0391092,160.9515108,184.755068,75.18284876,277.132602,50.18779435,10.82186875,4.178627036,10.91429796,3.513050056,1.963736067,3.274781987,-0.600831642,0.81469635,-0.568921486,-0.406467405,0.588966758,-0.361085489,-0.06641886,0.286166756,-0.0654448,-0.011317036,0.167473972,-0.009205126,-0.078903253,0.117065419,-0.071585174,-0.007934652,0.071512768,0.002405194
fly,fly_09,8,180,209,0.111845703,0.13000998,0.144235915,0.109905587,0.135953356,0.111868098,0.082005742,0.054595033,0.027401992,0.043317036,0.048861557,0.501962956,0.245858943,0.25618136,1.959404678,0.918893559,0.909944112,0.041792271,0.659619616,0.641799382,0.184039955,279.6473353,270.1757688,50.5541332,161.3642384,159.5055439,33.05228376,227.9445168,219.2565906,171.4349426,197.951858,82.66710151,316.722973,50.28777006,12.48335271,2.84668157,13.08760428,3.340899765,1.591508797,3.485269888,-0.960274695,1.111803136,-0.851638668,-0.33306934,0.572538684,-0.39311499,0.041738627,0.278692866,0.079702562,-0.10295126,0.199806045,-0.053778486,-0.042429064,0.115791097,-0.035543043,-0.010503263,0.070856202,-0.004520081
fly,fly_09,8,360,389,0.063004465,0.08419196,0.106782759,0.091459577,0.128761546,0.125748669,0.112368645,0.092037312,0.053947558,0.08734638,0.05435113,0.452752551,0.220221123,0.400051025,1.131737011,0.924665991,0.91884613,0.036558295,0.673553316,0.659511843,0.163780368,310.2942279,306.880016,61.72626603,155.9378387,154.7219066,28.24873395,219.2276422,207.1975902,246.5456476,237.54223,104.8721055,488.28125,50.78764845,12.36275547,3.844762828,12.25133942,2.531881996,1.847807688,2.723546579,-1.570922161,1.414170274,-1.446494107,-0.058686137,0.673254937,-0.139493714,-0.167299469,0.381911126,-0.118556716,-0.038828923,0.179969347,-0.056039776,-0.078774056,0.134491853,-0.057320754,-0.006378169,0.078535726,-0.002314386
fly,fly_09,8,420,449,0.109184193,0.130816356,0.147450086,0.112711576,0.139147941,0.114369812,0.084395888,0.057069345,0.028948267,0.043115175,0.032791361,0.513679415,0.251859518,0.246320035,2.085414669,0.882808052,0.874993331,0.036865988,0.485307617,0.430452585,0.171719121,250.2913062,238.5520735,45.20049898,132.6310747,125.3956928,26.98633141,206.7079351,193.7537766,190.7984577,197.951858,80.07554204,343.116554,43.6893748,15.14485726,2.660445449,15.12590783,4.743287404,1.82740528,4.943818684,-1.635241686,1.335526164,-1.67274461,-0.25062714,0.733848356,-0.373634781,-0.009679419,0.451658616,0.034279777,-0.12316653,0.273481073,-0.117628461,-0.066576728,0.1721396,-0.053721614,0.01393932,0.103269368,0.021005508
fly,fly_09,8,450,479,0.060330362,0.084756769,0.111344086,0.09720834,0.13791092,0.133706436,0.116106075,0.090263715,0.049649046,0.073011261,0.045712989,0.480169782,0.235119261,0.374743087,1.281330593,0.937984023,0.933863738,0.035345509,0.708447486,0.708310113,0.183666681,339.3091222,333.4299992,53.10916893,156.9009635,150.1767337,31.01537717,227.4893538,211.7660212,308.0895586,303.526182,109.8995155,739.02027,61.28509543,13.09014968,5.274368733,13.80625339,2.024372631,1.763139536,1.939904855,-2.084157623,1.384584401,-2.274672602,0.098953142,0.630911513,0.035262754,-0.219643676,0.317935638,-0.203323662,-0.130491159,0.198916847,-0.136517244,-0.030688532,0.134735846,-0.035514194,-0.069846204,0.115497356,-0.058435966
fly,fly_09,8,540,569,0.092426673,0.114436362,0.132950512,0.104378092,0.133063441,0.114897588,0.090799294,0.067038164,0.037047226,0.060788145,0.052174505,0.485289633,0.237441533,0.307847333,1.576397065,0.924253498,0.926811055,0.042686404,0.677503568,0.702116369,0.184655411,299.4602928,294.2927943,60.55610802,159.2879769,154.2026479,29.0971735,224.2057357,208.5408697,226.5654601,211.148649,115.7433266,541.068412,54.88665163,11.83701124,2.95935258,11.42114904,2.898252106,1.843752419,2.814570983,-1.217154425,1.187838136,-1.056846164,-0.213499089,0.675593683,-0.234173222,-0.119686214,0.357860694,-0.101124488,-0.045751384,0.188988033,-0.031086389,-0.081923603,0.12032411,-0.081979658,-0.016236091,0.090504654,-0.010170364
fly,fly_09,8,575,604,0.164659825,0.168516895,0.162393109,0.10955404,0.121296956,0.089809487,0.061421015,0.039874764,0.020170501,0.031993455,0.030309952,0.483053592,0.230850996,0.183769688,2.628581449,0.893598874,0.888614085,0.051342219,0.552683341,0.518721544,0.224996464,248.8232209,244.7117256,46.36840534,148.6804222,143.1991395,35.5034255,226.6702975,207.1929411,138.7513024,158.361486,76.9576552,356.313345,57.88592226,15.0397736,4.769060486,14.01772594,4.506325246,2.107247373,4.644999646,-0.904554936,0.941200688,-0.898290283,-0.293525708,0.729267212,-0.280315326,0.136665428,0.302486846,0.122215528,-0.071396746,0.222195293,-0.029232059,-0.067392844,0.140294599,-0.045228258,0.032281042,0.082587843,0.029394673
fly,fly_09,8,600,629,0.116762739,0.138644926,0.153728681,0.115190335,0.138744206,0.110326892,0.078380016,0.050848407,0.024907573,0.036807478,0.035658746,0.517990114,0.253934541,0.22660222,2.285900439,0.923501446,0.920884603,0.044442904,0.678855406,0.695073325,0.199804532,282.6228667,272.4355292,55.0850979,169.0813137,175.2233521,32.82912225,230.2895775,214.5608523,163.1715316,171.558277,112.0490603,739.02027,74.48188611,12.13777647,3.852211236,12.09344741,3.244911532,1.824903227,3.203811293,-0.768162563,1.148191504,-0.466519198,-0.220722194,0.595235246,-0.207562311,-0.015190849,0.279624076,-0.010147775,-0.062870418,0.214291892,-0.03707323,-0.016662661,0.110890544,-0.017346035,-0.019981775,0.073474609,-0.004319136
fly,fly_09,8,1880,1909,0.042886232,0.061852826,0.084268575,0.076637513,0.114872374,0.121297557,0.118466147,0.107137817,0.068811706,0.125035461,0.078733791,0.397076019,0.191509887,0.498184922,0.797045437,0.922953113,0.916988757,0.032274474,0.657788684,0.644865757,0.146343543,350.1806562,348.6309725,70.23018994,146.0350522,140.0333825,26.46848941,220.7987724,203.0280004,323.50637,316.722973,122.24927,527.871622,47.18852376,13.84583758,2.427623716,13.9948317,1.60152493,2.027221505,1.635465003,-2.183800936,1.659924242,-2.478087663,0.198234048,0.716850167,0.31132348,-0.471147893,0.42231321,-0.474070809,-0.009961771,0.207829056,0.014353857,-0.152073008,0.158393489,-0.13944895,-0.010144221,0.102529376,0.000446654
fly,fly_09,8,1940,1969,0.091990708,0.113906572,0.133606313,0.106405198,0.137874366,0.120738698,0.095363532,0.068610473,0.036121081,0.053713903,0.041669156,0.498624575,0.244279564,0.295478145,1.687517618,0.924940525,0.925296631,0.044178367,0.677360712,0.716611203,0.201811557,295.1106283,294.4967028,57.38757479,165.548487,169.9932407,33.60441216,226.684433,212.4372567,201.1585549,197.951858,116.0376084,739.02027,57.88592219,13.21138221,4.872451833,12.67120802,3.085170356,1.848980725,2.825437405,-1.080532287,1.344150538,-0.649454892,-0.295020413,0.636747607,-0.34231705,-0.083054725,0.312476579,-0.057141515,-0.058260493,0.201171758,-0.047962599,-0.044814634,0.134738499,-0.048750011,-0.037429925,0.092025474,-0.02848939
fly,fly_09,8,1970,1999,0.132852951,0.148275423,0.155688839,0.112302207,0.131564224,0.102712769,0.072991202,0.048412693,0.024545951,0.037596971,0.033056772,0.502268039,0.243866431,0.216603588,2.31883527,0.903263978,0.905014626,0.04725101,0.586933159,0.568003575,0.194188019,280.5221167,273.4206716,65.1879267,144.8376991,142.3570671,26.90629112,209.4280654,194.3160928,220.8920734,224.345439,101.2415381,422.297297,44.68913162,12.55028332,2.872577146,12.55059041,3.615568101,2.18696071,3.759001775,-1.519577018,1.126141479,-1.660728739,-0.239920353,0.778698669,-0.342500295,-0.012059293,0.320655942,0.011685137,-0.089601872,0.219840835,-0.093603793,-0.079819648,0.15176493,-0.049839983,-0.019268277,0.097783978,-0.021597932
fly,fly_09,8,2035,2064,0.079428338,0.096146003,0.111850015,0.090074994,0.120889281,0.113837724,0.100346269,0.083236342,0.050544915,0.090070317,0.063575803,0.436652014,0.210964275,0.387773645,1.126048713,0.913855677,0.9104236,0.03951294,0.611145012,0.601993744,0.182104149,359.4377308,376.8972344,90.5896667,139.3709081,134.3153644,26.64946236,222.0205354,196.4739742,341.7598747,343.116554,132.428456,633.445946,50.78764845,14.08519981,3.158904814,14.34013386,1.354683574,3.195085999,0.708142089,-2.37439241,1.381216714,-2.486151988,0.058487149,0.77854012,0.099897135,-0.290960995,0.487915112,-0.269120589,0.028833803,0.312359925,0.037975352,-0.140640804,0.194967191,-0.162436026,0.025445918,0.118405338,0.031780795
fly,fly_09,8,2060,2089,0.146250721,0.163638978,0.169341274,0.118463278,0.131950933,0.094909455,0.060930764,0.036731819,0.017841586,0.029093209,0.030847983,0.51466494,0.250414211,0.175445361,2.93347705,0.88153547,0.87184836,0.047626928,0.50776418,0.4779504,0.205651412,239.1705853,228.729294,43.60500289,140.3225909,138.8622221,32.80967205,223.7566269,200.5070417,150.961417,171.558277,67.94184695,277.132602,47.08854815,16.4317677,3.855700389,17.00808611,4.865749279,1.985189268,4.868807031,-0.939789022,0.994320279,-1.0462516,-0.46325438,0.679130473,-0.467213903,0.103084558,0.335598754,0.081983139,-0.084264695,0.221881908,-0.03407198,-0.075206378,0.160656798,-0.051375386,0.016426038,0.083600036,0.017974857
fly,fly_09,8,2150,2179,0.076172199,0.095917401,0.115376708,0.095082096,0.129680857,0.122838941,0.10661201,0.084493357,0.04790306,0.074671197,0.051252173,0.462978602,0.224762954,0.364931798,1.268671586,0.933976272,0.930954936,0.039989447,0.712222589,0.723391128,0.179074057,328.5616145,331.6340507,68.40748505,162.5447647,159.9807262,31.19235031,235.9165577,214.9179827,278.1192772,277.132601,154.2338528,739.02027,76.98127818,12.37192624,4.252180188,12.18000282,2.188940779,1.927533702,2.047328491,-1.442710626,1.397208578,-1.270708818,-0.032121181,0.72774339,-0.094163202,-0.151611185,0.329779968,-0.128190498,-0.053337828,0.186405606,-0.043024265,-0.072316954,0.134894406,-0.057672186,-0.019178492,0.095611343,-0.01637907
fly,fly_09,8,2240,2269,0.14599039,0.166793174,0.174033145,0.121268827,0.133302751,0.093645813,0.058392075,0.034241832,0.016373148,0.026696981,0.029261864,0.522250536,0.254571578,0.1649659,3.165809039,0.894805754,0.882606691,0.044935683,0.559211,0.57034724,0.203332244,250.6629268,244.2351463,44.30847517,147.0621099,151.0306698,31.36718082,225.5871023,205.7391083,172.544953,184.755068,63.34983542,303.526183,44.48918027,12.08202008,3.48727992,12.85704619,4.39783025,1.869828118,4.157218201,-0.953217307,0.978352874,-0.87395788,-0.474898672,0.52803383,-0.523441465,0.010472757,0.335436973,0.013589475,-0.070088626,0.237879585,-0.04284375,-0.062170575,0.139052952,-0.043542207,-0.007664484,0.079568162,0.003418468
fly,fly_09,8,2270,2299,0.121544523,0.141504523,0.154578096,0.114712786,0.137025757,0.107935544,0.076065327,0.049337568,0.024531641,0.037975784,0.03478845,0.514252184,0.251738543,0.22269877,2.309182862,0.88707475,0.878663582,0.03709646,0.5094033,0.476216149,0.166714372,252.2352954,243.6333023,42.96951192,135.1954591,129.3972292,26.64550005,212.7141839,191.7354988,191.5384646,197.951858,85.55467272,382.706926,47.78837793,15.68222084,3.044271249,14.84593697,4.547590113,1.784484847,4.713622743,-1.528476934,1.153075156,-1.556975982,-0.287870228,0.718870992,-0.301086687,0.081592255,0.326040725,0.083624491,-0.118368559,0.262019354,-0.08527497,-0.061131817,0.157729849,-0.04976095,0.018028364,0.104658572,0.014535709
fly,fly_09,8,2325,2354,0.092242446,0.121564988,0.148852991,0.120506583,0.154760558,0.129493827,0.093303219,0.058168971,0.025968968,0.031368753,0.023768697,0.553613958,0.275267141,0.232578608,2.380330511,0.900685987,0.890811204,0.041587081,0.565775503,0.543727369,0.202251708,265.5585383,256.942181,43.00944226,146.2607636,141.1041154,33.60014696,234.325658,203.6887655,194.2518234,197.951858,74.86842852,343.116554,47.48845089,14.49404109,3.744721696,14.67266974,4.158427135,1.843978861,4.131217976,-1.391553558,1.425383155,-1.244436083,-0.3198539,0.557596408,-0.309648468,-0.01341138,0.320895439,-0.002239515,-0.126712785,0.240659796,-0.063484234,-0.015590601,0.144178787,-0.030514024,-0.030383538,0.103366168,-0.016880799
fly,fly_09,9,60,89,0.050417938,0.067496815,0.086893151,0.076302361,0.111674832,0.115965058,0.112334524,0.101506956,0.06561265,0.122918881,0.088876834,0.390835403,0.187977193,0.491249844,0.795593948,0.93050305,0.925333416,0.032627195,0.701436127,0.678314726,0.143180843,350.4468188,350.7156483,72.18508114,154.3197761,151.3842358,26.6616545,227.802671,203.1409111,306.9795483,290.329392,115.1334388,554.265203,49.18803751,11.9720206,2.179289982,12.16923772,1.214849153,2.296956831,1.348255763,-1.864814259,1.422107288,-1.629787249,-0.054250337,0.687808065,-0.181283472,-0.262883223,0.412412269,-0.204239589,-0.000683857,0.223789832,-0.021097816,-0.124157796,0.142136309,-0.114127361,0.006786578,0.091007091,-0.000895022
fly,fly_09,9,150,179,0.126956713,0.14782117,0.160346975,0.117607345,0.13824851,0.10650007,0.073121351,0.045977595,0.022098272,0.032379132,0.028942867,0.5227029,0.255855855,0.202519217,2.58100395,0.891496719,0.885755273,0.04706515,0.541402188,0.516754288,0.205261039,251.9517317,251.0613915,44.22817818,144.8004603,140.6503241,32.09136977,215.9841045,199.0129565,165.761556,184.755068,74.81080819,382.706926,46.0887913,12.68649941,3.510803581,12.84311879,4.497948053,1.881718472,4.563319248,-1.058353331,1.137951171,-0.879338839,-0.389711321,0.70778642,-0.375057076,0.049144324,0.319061456,0.039418718,-0.062124209,0.228339142,-0.004955259,-0.07088816,0.148488658,-0.062911334,-0.003654534,0.108504724,0.016870983
fly,fly_09,9,480,509,0.134831322,0.146749043,0.15083734,0.107488714,0.125512631,0.098931361,0.072290068,0.050259112,0.026880121,0.044343061,0.041877228,0.482770045,0.233001344,0.23564959,2.048677639,0.902392941,0.900531271,0.049856036,0.600385468,0.588458478,0.205017552,263.2788683,253.8983579,56.27040718,153.2623006,154.2158107,30.11136654,225.1604097,203.3697388,175.1349773,184.755068,87.94123131,395.903716,55.28655437,12.58143272,3.989377029,12.7035842,3.870917987,1.964224821,4.022465323,-0.905188741,1.078006216,-0.772815657,-0.33658345,0.636310995,-0.331806981,-0.024348356,0.322414766,-0.034691495,-0.045655366,0.208362692,-0.024417598,-0.058842607,0.128017008,-0.039529365,-0.00769031,0.094497787,0.006012473
fly,fly_09,9,710,739,0.112854424,0.135221983,0.151419259,0.114395142,0.13875185,0.111051994,0.079413365,0.052112653,0.026029558,0.040041025,0.038708746,0.515618245,0.253146992,0.236305348,2.1819999,0.897286447,0.88738457,0.042149681,0.560624681,0.525179642,0.184052759,260.3048462,251.2378896,48.92349898,142.3841369,139.9143618,28.0179341,224.7807827,197.6925369,198.9385341,197.951858,76.24664698,395.903716,41.98978814,12.0841201,2.780676387,12.44642201,4.149565888,1.762455564,4.520129767,-1.314729019,1.103662025,-1.050071016,-0.408769585,0.613520813,-0.388923968,0.010196462,0.296882852,0.014061196,-0.076656087,0.224124301,-0.039033516,-0.070823552,0.150997459,-0.065898256,-0.013051507,0.101729435,-0.001124324
fly,fly_09,9,880,909,0.100648317,0.117518283,0.131622185,0.10214996,0.130985723,0.115499314,0.093820776,0.07069844,0.039063873,0.060392412,0.037600717,0.480257182,0.233135683,0.301576218,1.592490233,0.891455707,0.889930541,0.045380199,0.529302528,0.504559188,0.190418297,273.0648039,267.5150388,72.25549478,136.7083394,133.9110655,27.42569648,212.2617393,198.4239096,212.3819936,211.148649,117.4083548,448.690879,49.88786733,15.62071298,3.662186014,16.14994643,3.854703677,2.483863966,4.353447417,-1.700663308,1.532892116,-1.641406689,-0.089774891,0.826106831,-0.127618545,-0.100627851,0.490317345,-0.031321738,-0.041496936,0.248070467,-0.016043697,-0.106126808,0.182430766,-0.085376024,0.014714556,0.114143501,0.010479343
fly,fly_09,9,910,939,0.160619006,0.167852316,0.16257812,0.108318445,0.11685284,0.083608385,0.05629146,0.037756949,0.020649791,0.038232299,0.047240389,0.471357789,0.225171285,0.200170889,2.354776924,0.914541138,0.90931102,0.047099731,0.662986938,0.648357808,0.192900175,267.9884264,253.7693496,54.45953545,169.2289303,168.6812272,31.69704277,234.9151284,217.328664,142.6980061,171.558277,74.68357056,290.329392,57.48601945,12.13868447,3.589015521,12.17546075,3.456441603,1.663783132,3.543943215,-0.364062831,0.885049226,-0.287120833,-0.36648491,0.53035065,-0.326963216,-0.067480121,0.310361273,-0.09768262,-0.039219917,0.179768254,-0.002510891,-0.034912353,0.107250136,-0.040942475,-0.010657319,0.071130823,-0.002555589
fly,fly_09,9,940,969,0.124020995,0.143937504,0.157112161,0.116718439,0.139625109,0.109844982,0.076531184,0.048021003,0.022579983,0.031737278,0.029871362,0.52330069,0.256343548,0.208740811,2.506940014,0.904927253,0.905624967,0.048050703,0.604804731,0.622715501,0.202943385,270.6827604,266.8267454,53.69510301,152.7109751,154.1832404,31.44719082,230.8571062,207.5545238,186.9750885,197.951858,85.0590955,343.116554,53.58696765,13.49586807,3.703108591,13.40204524,3.818218876,1.90751719,3.677837541,-1.047711525,1.145137003,-0.967284052,-0.475204552,0.579077562,-0.364413464,0.030871222,0.296444211,-0.001040832,-0.085395918,0.226041259,-0.079112385,-0.062893603,0.144895488,-0.049243716,-0.007180578,0.088235598,-0.00446136
fly,fly_09,9,970,999,0.106170523,0.131386279,0.152090451,0.118085826,0.146553002,0.119204061,0.084890176,0.053647477,0.024993457,0.033758867,0.029219881,0.53593334,0.264638828,0.226509859,2.366048625,0.897846043,0.893006997,0.04876201,0.55904259,0.535833742,0.212525852,265.9038146,263.2148358,57.59051539,142.7594586,140.6209254,32.53654438,232.7047053,205.3411068,197.8285236,197.951858,103.7167432,673.036318,57.58599513,13.80896262,3.499802697,13.85892095,4.163442212,2.095435957,4.23707691,-1.345022974,1.2489555,-1.172936342,-0.386522065,0.609188765,-0.427104166,0.049796693,0.334479814,0.045385131,-0.071917814,0.247465529,-0.015870254,-0.063533076,0.159282733,-0.063419606,-0.008098259,0.104808827,0.008368376
fly,fly_09,9,1000,1029,0.125268382,0.138184214,0.145404037,0.106600175,0.128692989,0.105321185,0.078968432,0.054993736,0.028771515,0.045225608,0.042569727,0.486018387,0.235293164,0.250529017,1.939968441,0.907319105,0.895521481,0.051391174,0.620568518,0.587580657,0.206307885,270.6159323,254.3018882,76.16899042,153.7412203,151.543997,29.0398758,219.7963599,207.0623817,178.588343,184.755068,152.1160386,739.02027,75.88154567,11.00845867,3.672394924,11.10838007,3.529100596,2.137148354,4.018688984,-0.874012959,0.972163312,-0.626115583,-0.351001357,0.641249066,-0.41330948,-0.009879202,0.256442934,0.007478301,-0.013014491,0.185131132,-0.01105522,-0.067601637,0.128073694,-0.059582368,-0.008551836,0.086312257,-0.00977042
fly,fly_09,9,1030,1059,0.155891484,0.17099061,0.172980825,0.1184814,0.129200237,0.090807782,0.057224701,0.034118222,0.016487647,0.026554553,0.027262538,0.511470244,0.247681637,0.161647662,3.164105432,0.895452674,0.881351415,0.051264305,0.564563194,0.547114712,0.225190127,253.3087924,239.484429,58.77972557,149.0116051,148.2618035,33.11220218,209.2551525,203.2667248,173.7782978,184.755068,89.11717388,554.265203,56.68621396,11.69627463,4.175936732,12.8339421,4.282007918,2.158422065,4.293223188,-0.954721883,1.064637895,-0.906206941,-0.402240862,0.579649742,-0.427526502,-0.010488785,0.345391941,-0.02525387,-0.079143252,0.247786949,-0.040758259,-0.051153085,0.149863742,-0.04179916,-0.006418844,0.095301608,-0.003436354
fly,fly_09,9,1060,1089,0.137963275,0.150042082,0.152294329,0.105993824,0.119337526,0.08926504,0.062269228,0.043118368,0.024511707,0.049340182,0.06586444,0.466890719,0.22533135,0.245103924,1.904868397,0.92950712,0.931741592,0.036400008,0.722286762,0.738560932,0.146200652,283.2253599,279.7607839,40.78847717,177.5555825,177.120182,24.49368538,222.46574,211.9014046,167.8582424,184.755068,67.56344959,277.132602,47.9883293,8.549491596,2.733815196,8.223791683,3.028924292,1.284599292,2.98262144,-0.371772963,0.692140226,-0.381229105,-0.452015582,0.510050421,-0.429600873,-0.096188026,0.231427176,-0.07376581,0.016311691,0.124335814,0.019752369,-0.081893141,0.110848886,-0.075643338,-0.010037817,0.072234369,-0.006029007
fly,fly_09,9,1090,1119,0.108677592,0.127590277,0.143406505,0.111010841,0.140378606,0.119285907,0.090473293,0.061386083,0.030140174,0.040238625,0.027412096,0.514081859,0.251389447,0.249650272,2.059208092,0.894804403,0.89349363,0.042921244,0.539345022,0.556376379,0.202280753,257.3410065,254.422652,46.81105274,143.7662169,143.1958801,29.4610117,202.1790856,192.9544942,175.3816463,184.755068,90.09964381,409.100507,57.48601948,14.39586221,4.523742156,14.99444236,4.407246378,2.045122656,4.231202396,-1.423164152,1.387638819,-1.127683838,-0.183503017,0.711644469,-0.186918171,-0.017826448,0.315600032,-0.020291292,-0.066643384,0.273869928,-0.023291391,-0.032594707,0.194465411,-0.029268016,-0.035061156,0.139362481,-0.007482063
fly,fly_09,9,1210,1239,0.116154033,0.135490317,0.150489861,0.114486376,0.140947743,0.114793536,0.082611379,0.05321066,0.025407113,0.035705758,0.030703223,0.520717517,0.255434119,0.227638133,2.287479294,0.898600304,0.896876516,0.054792441,0.558403835,0.591554152,0.246196243,265.6526288,259.3827699,53.32187991,145.6680369,150.7387807,36.42605849,225.5790678,203.918357,183.2750537,197.951858,77.49018751,343.116554,45.18901008,14.92477743,4.958566616,15.77641841,4.376120956,2.357843057,3.992377958,-1.304998917,1.154282868,-1.208648684,-0.393441449,0.683716934,-0.389760705,0.093894086,0.360141691,0.07735714,-0.090987097,0.281016704,-0.050287409,-0.076924846,0.170171624,-0.075242163,0.012787439,0.10381873,0.013956725
fly,fly_09,9,1240,1269,0.151763525,0.159689711,0.157384006,0.107380023,0.119231389,0.088156721,0.060682154,0.040860425,0.022200307,0.041069576,0.051582164,0.472152139,0.226611412,0.216394625,2.181903261,0.919795675,0.921278534,0.051546778,0.694546288,0.69509391,0.192786639,277.9210796,265.3623124,73.37201889,176.8004021,179.8395142,32.1954889,234.6520206,221.812625,136.407947,158.361486,143.9481228,739.02027,73.38215359,9.861257238,3.579565325,9.696782313,3.019609699,1.868554855,3.180761226,-0.114935854,0.908057302,-0.063514357,-0.334403149,0.455340752,-0.283482584,-0.146566038,0.267463839,-0.140903498,0.027898499,0.170712804,0.044580868,-0.032970459,0.096641063,-0.03237668,-0.029143026,0.079748365,-0.008273449
fly,fly_09,10,120,149,0.066280818,0.087125317,0.109845585,0.093784605,0.130923676,0.125308326,0.108636007,0.086246659,0.049733097,0.082593553,0.059522358,0.459862192,0.224708281,0.386731674,1.189098858,0.921848753,0.919725942,0.040375091,0.657926981,0.654910416,0.177914918,319.5522106,321.2397571,66.17644266,151.5485153,141.3384483,31.11457205,228.6061859,210.8833525,261.2224521,237.54223,116.6973668,541.068412,55.18657864,11.86386164,3.345487967,11.9074331,2.481902694,2.091578578,2.298744277,-1.733926761,1.501225547,-1.847346271,-0.094527006,0.654079618,-0.110486825,-0.20612768,0.369614007,-0.198423958,-0.037553176,0.247345154,-0.027858541,-0.063640234,0.144290435,-0.05646982,-0.033335061,0.09398868,-0.024741351
fly,fly_09,10,210,239,0.082948911,0.104331095,0.122924877,0.097919598,0.127630578,0.114650816,0.095935869,0.075917061,0.044554253,0.076526578,0.056660365,0.463125869,0.225550176,0.349594125,1.324753006,0.928661789,0.932018853,0.042075874,0.697724809,0.708918519,0.184394927,324.5645313,324.4310906,69.91522985,162.4942046,158.5341402,32.17717479,232.9103312,215.2449003,242.1056059,224.345439,124.8356088,488.28125,52.08733239,12.77242615,4.107611672,12.8172308,2.206642219,2.207990618,2.001937706,-1.369400308,1.503969277,-1.16968426,-0.084761457,0.653343281,-0.191512964,-0.219976844,0.363785189,-0.219925332,-0.001734765,0.199368475,-0.002186198,-0.088234658,0.13329324,-0.063536217,-0.015173988,0.093237707,-0.014260796
fly,fly_09,10,240,269,0.099168255,0.125475679,0.146496061,0.113642125,0.140576183,0.114664397,0.083685256,0.056489025,0.029178975,0.046678331,0.043945713,0.515378765,0.254218307,0.2599773,1.982399096,0.905498233,0.904155748,0.04178485,0.604219693,0.590200064,0.1794618,270.4352931,265.4914283,48.80858507,151.9549889,145.7980595,30.18492829,237.7891893,209.2169137,198.4451961,211.148649,78.07017614,461.887669,45.98881552,13.86411593,3.263106073,14.19249198,3.765432505,1.674089973,3.879149306,-1.057092044,1.256819943,-1.0537392,-0.410545694,0.621942391,-0.422295168,-0.072993185,0.352504024,-0.052467846,-0.058148905,0.215626621,-0.064739616,-0.067393635,0.13109428,-0.068864413,-0.020544618,0.099340812,-0.011148267
fly,fly_09,10,300,329,0.089651906,0.11510399,0.137266324,0.109249024,0.139896298,0.119993158,0.092813683,0.066054478,0.034975917,0.053729032,0.04126619,0.506404805,0.249145322,0.288839299,1.753240663,0.914010012,0.910121013,0.044550026,0.633460124,0.642862352,0.194585983,291.398569,285.8964697,60.66937311,154.0511011,150.5567149,33.62956895,236.3219592,217.266897,216.3286973,197.951858,99.98184521,514.674831,43.88932614,13.95493784,3.616927379,14.31024794,3.201211144,1.99670145,2.905018851,-1.296590596,1.473748937,-1.020405844,-0.269523442,0.674352885,-0.298690626,-0.114239293,0.400837075,-0.102285422,-0.046274126,0.214199259,-0.039893333,-0.069390425,0.157658105,-0.059865393,-0.014109736,0.10065741,-0.006490805
fly,fly_09,10,330,359,0.031271532,0.047340448,0.069236684,0.067251293,0.107174951,0.119873881,0.122492362,0.115141915,0.076538705,0.147142746,0.096535483,0.363536809,0.174426244,0.55785121,0.651673425,0.942608816,0.954028456,0.038566759,0.736479361,0.783869789,0.18477063,365.9849168,371.0662133,54.90422388,165.445105,162.4799539,35.60711191,229.1888304,217.0183927,296.126113,303.526182,134.7859923,554.265203,70.88276127,13.19244993,5.138897265,13.84874009,1.180540594,1.57844081,0.952808791,-1.792071285,1.826627179,-1.375632092,0.107125037,0.654889775,0.109962004,-0.516461472,0.508982481,-0.499583918,0.100028874,0.2152016,0.104887184,-0.192109697,0.199319505,-0.131662025,0.020876647,0.091271176,0.026493838
fly,fly_09,10,360,389,0.120751055,0.143443793,0.158655774,0.118026507,0.140023973,0.108178412,0.073836438,0.046017059,0.022167062,0.034070583,0.034829345,0.524884666,0.25805048,0.210920486,2.488542839,0.90938291,0.904250163,0.056259632,0.617400212,0.619049845,0.242254144,273.0703659,256.8718463,68.03872985,154.1604591,149.6253862,35.83443482,226.7063009,214.2701367,183.7683916,197.951858,110.0932973,739.02027,66.78375826,12.64209206,5.378131887,12.76478663,3.784170961,2.349116091,3.815144405,-1.014110457,0.877395042,-0.970824705,-0.432776343,0.567702285,-0.42383046,0.047254573,0.300086681,0.027848878,-0.071583157,0.21965482,-0.048171659,-0.074488989,0.117574394,-0.054127298,-0.002140557,0.086610895,-0.000945063
fly,fly_09,10,450,479,0.089827307,0.105216395,0.120634154,0.097019753,0.130114155,0.120888652,0.102546846,0.079380222,0.044270167,0.068256728,0.041845619,0.468656715,0.227133908,0.336299583,1.393569123,0.892131146,0.889414657,0.039123088,0.527388587,0.497377615,0.173898254,271.5289964,258.807998,66.07647412,137.5983151,129.766897,28.45742065,229.5775052,199.6439711,204.6119206,197.951858,119.1969649,488.28125,51.7874053,14.24661292,2.933438591,14.19296774,3.873208171,2.260620208,4.231999577,-1.762502741,1.589971165,-1.671054599,-0.025860038,0.810206396,-0.019105598,-0.072033145,0.475802174,0.040935034,-0.090854899,0.271501166,-0.081907792,-0.06720052,0.186187478,-0.041625635,-0.001369796,0.11359982,0.017218278
fly,fly_09,10,480,509,0.161324095,0.168488964,0.164016294,0.110056114,0.11923324,0.084700638,0.055442002,0.035678244,0.019067457,0.036104189,0.045888763,0.478006286,0.229289354,0.192180656,2.487275754,0.914564779,0.91959227,0.050861519,0.660492618,0.692245135,0.205397747,271.5131436,268.1848315,52.64250816,167.9450239,171.0814616,32.14825953,232.5591282,210.9659711,145.7813684,171.558277,72.98718624,263.935811,60.18536305,10.59643313,3.239199599,10.52049807,3.541917702,1.858490108,3.206934591,-0.480976745,0.755584117,-0.479073907,-0.46278081,0.564295061,-0.369512757,-0.029805554,0.287754978,-0.034279271,0.003523233,0.168590761,-0.002408151,-0.083852637,0.127251787,-0.06525685,-0.005377195,0.079063354,-0.00126067
fly,fly_09,10,1560,1589,0.122048748,0.139393643,0.14919355,0.108868701,0.128345555,0.100503984,0.071775166,0.048708085,0.026073001,0.046898049,0.058191518,0.48691179,0.237214256,0.251645819,1.934909118,0.928504307,0.937377975,0.042552108,0.706820984,0.75248027,0.180863559,288.858177,281.6658296,53.13537466,170.6000012,171.0155992,31.0142949,231.589331,216.8098066,175.8749842,197.951858,85.63277454,475.08446,54.38677319,8.727986646,2.849298763,8.852663775,3.027284807,1.626545813,2.774149175,-0.694069714,0.844224635,-0.713053001,-0.389226377,0.534218623,-0.390976661,-0.002071584,0.24732728,0.000896115,-0.044689818,0.165510971,-0.026005086,-0.06797599,0.101864947,-0.056676259,-0.00175852,0.061417013,0.001296945
fly,fly_09,10,1610,1639,0.100425551,0.121061918,0.138144497,0.107437614,0.136026763,0.11626203,0.090126266,0.064311533,0.03403034,0.052009134,0.040164354,0.497870903,0.243464376,0.280641627,1.7740451,0.909020823,0.905338324,0.04420978,0.61303135,0.590251834,0.193406841,284.692475,285.2001881,62.24100739,151.2278537,142.491913,34.29235679,228.5805027,212.462652,196.4718442,197.951858,109.6697574,567.461993,45.38896148,11.04870325,3.555088869,11.75457274,3.330740349,2.051868959,3.185933053,-1.334886046,1.49549259,-1.174562395,-0.226975185,0.634664743,-0.267509964,-0.110530249,0.387472803,-0.086108174,-0.058925337,0.221872423,-0.039334281,-0.074369868,0.124833208,-0.063386976,-0.009650711,0.088487531,-0.009888265
fly,fly_09,10,1670,1699,0.041396311,0.066208146,0.094645648,0.086573613,0.126592665,0.12626212,0.114215635,0.095819388,0.058806917,0.107641692,0.081837865,0.434074046,0.213166278,0.458321498,0.947095101,0.940226768,0.938400241,0.032851696,0.728837438,0.73028957,0.165036452,364.419606,346.9059386,68.3839707,159.549579,157.1621665,32.43468085,233.1744998,217.0559109,332.8797913,303.526182,144.3454991,739.02027,55.18657859,10.61944974,3.669566142,11.23949177,1.130201097,2.096967415,1.677214847,-1.846665213,1.552770361,-1.741898026,0.002218699,0.604126272,0.026182817,-0.421663894,0.307361315,-0.432628531,0.020781183,0.205166966,0.022293424,-0.128098083,0.122874794,-0.128906431,-0.026765915,0.092430885,-0.028326198
fly,fly_09,10,2295,2324,0.097111081,0.119116232,0.137068697,0.106625894,0.134310988,0.113643699,0.087022277,0.061541284,0.032704225,0.053498205,0.057357417,0.491649278,0.240936882,0.292123409,1.683019107,0.922618277,0.920550576,0.035150909,0.678581632,0.65509919,0.147354502,293.0312368,280.1223365,55.07512978,157.7969038,155.2489899,24.82648314,223.2242491,209.4846222,220.8920734,211.148649,93.58374062,501.478041,46.08879125,8.929198074,2.257731262,9.183434258,2.919539068,1.622133435,3.277711996,-1.184071927,1.079228042,-1.102389735,-0.381375345,0.537854896,-0.407211375,-0.021835516,0.270303054,-0.009679388,-0.09747307,0.196244183,-0.079994373,-0.047423605,0.091548243,-0.038243822,-0.022276674,0.0552001,-0.01398284
fly,fly_09,10,3280,3309,0.086828522,0.108614244,0.130494872,0.106673716,0.141490736,0.125837409,0.09913762,0.069843022,0.035797897,0.052492533,0.042789428,0.504496733,0.248164452,0.300060501,1.681316707,0.912966194,0.903289215,0.04569971,0.618787452,0.595729463,0.196480925,290.4143991,301.6429918,57.5978738,148.6499887,143.3055772,29.0716382,227.3038184,197.4905726,223.2354288,224.345439,100.012859,409.100507,45.88883986,12.33286646,2.846091273,13.27348289,3.356463747,1.823313292,3.298195422,-1.637274677,1.343718053,-1.118033841,-0.207413157,0.684403488,-0.144496496,-0.134135809,0.32397742,-0.094900894,-0.049845058,0.210114681,-0.002908753,-0.090689247,0.13811305,-0.069722757,-0.035590304,0.087532698,-0.014585204
fly,fly_09,10,3310,3339,0.149081593,0.15839051,0.158049833,0.109220923,0.122946123,0.09216652,0.063709204,0.042215244,0.022152522,0.038302409,0.043765119,0.482383399,0.232167045,0.210144499,2.295484306,0.906597288,0.90088304,0.046873576,0.621748686,0.613481347,0.187878487,261.9202752,250.6702063,50.2815183,158.110355,159.7610066,29.56104468,231.9920383,208.3913758,162.8015282,184.755068,80.34533474,369.510135,54.68670026,11.81643233,3.168161573,12.33182792,3.78178715,1.664297465,3.88459336,-0.674129185,0.857829477,-0.70724275,-0.404730576,0.63395698,-0.356479349,0.038729163,0.250278405,0.022041361,-0.034428524,0.16668937,-0.019723386,-0.065572651,0.13000216,-0.044072589,0.003543363,0.070985037,0.002469801
fly,fly_09,10,3340,3369,0.149165748,0.160305822,0.159593272,0.108426414,0.118241379,0.084447836,0.055921562,0.037114481,0.020807925,0.042918486,0.063057073,0.470708902,0.226667794,0.219819527,2.141342529,0.926528583,0.936468201,0.047044889,0.720288512,0.759440148,0.178855234,283.0646577,283.0349086,57.32548792,180.4956742,184.8560592,27.94715378,224.3632619,214.0848817,150.961417,171.558277,88.27489388,593.855574,59.88543594,10.16647869,2.40227455,9.949260573,2.98729266,1.510848019,2.848158231,-0.142485667,0.783370353,0.075097803,-0.423521802,0.385612785,-0.426001325,-0.122856586,0.245537353,-0.116818329,0.012311705,0.163982964,0.023055792,-0.040165778,0.068092318,-0.038259657,-0.02482154,0.054778467,-0.019564737
fly,fly_09,10,3495,3524,0.024687482,0.03481038,0.048323195,0.046379892,0.076326524,0.092998229,0.107668982,0.116776936,0.088111938,0.201517248,0.162399193,0.264027841,0.122706416,0.676474296,0.390299886,0.931543111,0.929633564,0.028855144,0.692176185,0.700614815,0.13620669,416.2651091,423.9281555,86.04561582,149.4176396,143.7296298,26.0444364,226.6003472,203.5619192,405.1538031,409.100507,140.3034222,673.036318,53.18706492,13.16041079,2.962392736,12.95904432,-0.577780038,2.84081397,-0.840164985,-1.956352935,1.190468451,-1.851544564,0.267489523,0.809989845,0.304586573,-0.285040724,0.410410778,-0.310808561,0.073619411,0.292275448,0.032455485,-0.147861807,0.152755378,-0.165911675,0.042116187,0.117423972,0.049586129
fly,fly_09,10,3565,3594,0.056295161,0.075352077,0.09792913,0.086642821,0.126361456,0.12782196,0.117201207,0.0976934,0.058029474,0.096385159,0.060288156,0.438755366,0.213004277,0.429597396,1.021317563,0.922828008,0.920599394,0.032896692,0.660288706,0.661827977,0.164086456,308.5099903,301.7327344,59.266625,156.6540867,152.9038681,32.51023075,231.9214182,212.8123532,235.0755399,237.54223,113.6598559,527.871622,47.48845086,11.09215374,3.624784376,11.49824211,2.496773205,2.021329946,2.687449732,-1.633445142,1.602448437,-1.609834797,-0.116079049,0.666207041,-0.145514505,-0.167694774,0.406625018,-0.111619821,-0.060923943,0.255422931,-0.048090677,-0.07757015,0.174307311,-0.049434425,-0.011661248,0.114487876,-0.019240483
